/*******************************************************************************
 * Size: 460 px
 * Bpp: 2
 * Opts: Local generation command omitted from the public archive (private paths).
 ******************************************************************************/

#ifdef LV_LVGL_H_INCLUDE_SIMPLE
#include "lvgl.h"
#else
#include "lvgl/lvgl.h"
#endif

#ifndef LV_FONT_CLOCK_DISPLAY_460
#define LV_FONT_CLOCK_DISPLAY_460 1
#endif

#if LV_FONT_CLOCK_DISPLAY_460

/*-----------------
 *    BITMAPS
 *----------------*/

/*Store the image of the glyphs*/
static LV_ATTRIBUTE_LARGE_CONST const uint8_t glyph_bitmap[] = {
    /* U+0030 "0" */
    0xf, 0xff, 0x9a, 0xd4, 0xff, 0xea, 0x94, 0x1f,
    0xff, 0xf0, 0xff, 0xf0, 0x37, 0xff, 0xf3, 0x64,
    0x3f, 0xff, 0xe1, 0xff, 0xd7, 0x6f, 0xff, 0xea,
    0xc1, 0xff, 0xff, 0xf, 0xfe, 0x8b, 0x7f, 0xff,
    0x6e, 0xf, 0xff, 0xf8, 0x7f, 0xf3, 0x1f, 0xff,
    0xf0, 0x48, 0x7f, 0xff, 0xc3, 0xff, 0x8f, 0x7f,
    0xff, 0x92, 0xf, 0xff, 0xf8, 0x7f, 0xf1, 0x2f,
    0xff, 0xf4, 0x41, 0xff, 0xff, 0xf, 0xfe, 0x3,
    0xff, 0xfe, 0xc4, 0x3f, 0xff, 0xe1, 0xfd, 0xff,
    0xfe, 0xf8, 0x3f, 0xff, 0xe1, 0xeb, 0xff, 0xfe,
    0x41, 0xff, 0xff, 0xd, 0xff, 0xff, 0x54, 0x3f,
    0xff, 0xef, 0xff, 0xfd, 0xd0, 0xff, 0xfe, 0xbf,
    0xff, 0xf9, 0x83, 0xff, 0xf7, 0x7f, 0xff, 0xee,
    0xf, 0xff, 0xcd, 0xff, 0xff, 0xd8, 0x3f, 0xfe,
    0xf7, 0xff, 0xff, 0xe0, 0xff, 0xfa, 0xdf, 0xff,
    0xff, 0xf4, 0x1f, 0xff, 0x3b, 0xff, 0xff, 0xff,
    0xa0, 0xff, 0xf8, 0xdf, 0xff, 0xff, 0xff, 0x21,
    0xff, 0xef, 0xbf, 0xff, 0xff, 0xff, 0x83, 0xff,
    0xdc, 0xff, 0xff, 0xff, 0xff, 0xc1, 0xff, 0xed,
    0xff, 0xff, 0xff, 0xff, 0xd0, 0x7f, 0xfa, 0xff,
    0xff, 0xff, 0xff, 0xfc, 0x14, 0x3f, 0xfd, 0x37,
    0xff, 0xff, 0xff, 0xff, 0x84, 0x1f, 0xfe, 0x87,
    0xff, 0xff, 0xff, 0xff, 0xc3, 0x83, 0xff, 0xcf,
    0xff, 0xff, 0xff, 0xff, 0xe2, 0xa1, 0xff, 0xe5,
    0xff, 0xff, 0xff, 0xff, 0xf1, 0xc3, 0xff, 0xc8,
    0xff, 0xff, 0xff, 0xff, 0xf8, 0xf0, 0x7f, 0xf8,
    0xff, 0xff, 0xff, 0xff, 0xfc, 0x90, 0xff, 0xf1,
    0x5f, 0xff, 0xff, 0xff, 0xfe, 0x50, 0x7f, 0xf8,
    0x1f, 0xff, 0xff, 0xff, 0xff, 0x2d, 0xf, 0xfe,
    0xff, 0xff, 0xff, 0xff, 0xff, 0x9a, 0x1f, 0xfd,
    0xe7, 0xff, 0xff, 0xff, 0xff, 0xcd, 0x43, 0xff,
    0xbb, 0xff, 0xff, 0xff, 0xff, 0xe7, 0x87, 0xff,
    0x72, 0xff, 0xff, 0xff, 0xff, 0xf3, 0xd0, 0xff,
    0xed, 0xff, 0xff, 0xff, 0xff, 0xfa, 0x21, 0xff,
    0xda, 0xbf, 0xff, 0xff, 0xff, 0xfd, 0x14, 0x3f,
    0xfb, 0x3f, 0xff, 0xff, 0xff, 0xfe, 0x94, 0x1f,
    0xfd, 0x8b, 0xff, 0xff, 0xff, 0xff, 0xd3, 0xf,
    0xfe, 0xc7, 0xff, 0xff, 0xff, 0xff, 0xa9, 0x7,
    0xff, 0x59, 0xff, 0xff, 0xff, 0xff, 0xf5, 0x43,
    0xff, 0xad, 0xff, 0xff, 0xff, 0xff, 0xeb, 0x41,
    0xff, 0xd4, 0x7f, 0xff, 0xff, 0xff, 0xfd, 0x70,
    0xff, 0xea, 0x5f, 0xff, 0xff, 0xff, 0xfe, 0xba,
    0x1f, 0xfd, 0x3f, 0xff, 0xff, 0xff, 0xff, 0x62,
    0xf, 0xfe, 0x93, 0xff, 0xff, 0xff, 0xff, 0xec,
    0x87, 0xff, 0x4b, 0xff, 0xff, 0xff, 0xff, 0xda,
    0x43, 0xff, 0xa3, 0xff, 0xff, 0xff, 0xff, 0xed,
    0x87, 0xff, 0x42, 0xff, 0xff, 0xff, 0xff, 0xf6,
    0xc3, 0xff, 0xa1, 0xff, 0xff, 0xff, 0xff, 0xee,
    0x41, 0xff, 0xcf, 0xff, 0xff, 0xff, 0xff, 0xf7,
    0x43, 0xff, 0x9c, 0xff, 0xff, 0xff, 0xff, 0xfb,
    0xa8, 0x7f, 0xf3, 0x7f, 0xff, 0xff, 0xff, 0xfd,
    0xe8, 0x3f, 0xf9, 0xbf, 0xff, 0xff, 0xff, 0xfe,
    0xf8, 0x7f, 0xf3, 0x1f, 0xff, 0xff, 0xff, 0xff,
    0x7c, 0x3f, 0xf9, 0x97, 0xff, 0xff, 0xff, 0xff,
    0xbf, 0x7, 0xff, 0x2f, 0xff, 0xff, 0xff, 0xff,
    0xe1, 0xf, 0xfe, 0x53, 0xff, 0xff, 0xff, 0xff,
    0xf0, 0x87, 0xff, 0x2a, 0xff, 0xff, 0xff, 0xff,
    0xf8, 0x50, 0xff, 0xe4, 0xff, 0xff, 0xff, 0xff,
    0xfc, 0x50, 0x7f, 0xf2, 0x7f, 0xff, 0xff, 0xff,
    0xfe, 0x30, 0xff, 0xe4, 0x3f, 0xff, 0xed, 0x90,
    0xcd, 0xff, 0xfe, 0xd0, 0xff, 0xe4, 0x5f, 0xff,
    0xeb, 0x43, 0xfd, 0x7f, 0xff, 0xad, 0xf, 0xfe,
    0x3f, 0xff, 0xfa, 0xa0, 0xff, 0xe1, 0x7f, 0xff,
    0xaa, 0xf, 0xfe, 0x3f, 0xff, 0xfa, 0x50, 0xff,
    0xe2, 0x7f, 0xff, 0xa8, 0x3f, 0xf8, 0xcf, 0xff,
    0xfa, 0x20, 0xff, 0xe3, 0x7f, 0xff, 0xa4, 0x3f,
    0xf8, 0xd7, 0xff, 0xf9, 0xe0, 0xff, 0xe4, 0x7f,
    0xff, 0xa1, 0xf, 0xfe, 0x2d, 0xff, 0xfe, 0x70,
    0xff, 0xe5, 0x7f, 0xff, 0x9e, 0xf, 0xfe, 0x2f,
    0xff, 0xf9, 0xd0, 0xff, 0xe5, 0x5f, 0xff, 0xe7,
    0xf, 0xfe, 0x2f, 0xff, 0xf9, 0xa0, 0xff, 0xe6,
    0x7f, 0xff, 0x9c, 0x3f, 0xf8, 0x8f, 0xff, 0xf9,
    0x83, 0xff, 0x9a, 0xff, 0xff, 0x98, 0x3f, 0xf8,
    0x97, 0xff, 0xf9, 0x60, 0xff, 0xe7, 0x7f, 0xff,
    0x99, 0xf, 0xfe, 0x1d, 0xff, 0xfe, 0x50, 0xff,
    0xe7, 0xbf, 0xff, 0xe5, 0x83, 0xff, 0x87, 0xff,
    0xfe, 0x58, 0x3f, 0xfa, 0x1f, 0xff, 0xe6, 0xf,
    0xfe, 0x1f, 0xff, 0xf9, 0x43, 0xff, 0xa2, 0xff,
    0xff, 0x94, 0x3f, 0xf8, 0x4f, 0xff, 0xf9, 0x43,
    0xff, 0xa5, 0xff, 0xfe, 0x50, 0xff, 0xe1, 0x3f,
    0xff, 0xe4, 0x83, 0xff, 0xa5, 0x7f, 0xff, 0x91,
    0xf, 0xfe, 0xd, 0xff, 0xfe, 0x40, 0xff, 0xe9,
    0xbf, 0xff, 0xe4, 0x83, 0xff, 0x83, 0xff, 0xfe,
    0x50, 0xff, 0xea, 0x7f, 0xff, 0x94, 0x3f, 0xf8,
    0x3f, 0xff, 0xe4, 0x83, 0xff, 0xa9, 0x7f, 0xff,
    0x90, 0x3f, 0xf8, 0x3f, 0xff, 0xe4, 0x43, 0xff,
    0xa8, 0xff, 0xff, 0x90, 0x3f, 0xf8, 0xf, 0xff,
    0xf9, 0x3, 0xff, 0xad, 0xff, 0xfe, 0x44, 0x3f,
    0xe7, 0xff, 0xfc, 0x70, 0x7f, 0xf5, 0xaf, 0xff,
    0xf1, 0xa1, 0xff, 0x5f, 0xff, 0xe3, 0x43, 0xff,
    0xac, 0xff, 0xff, 0x8e, 0xf, 0xfb, 0xff, 0xfc,
    0x81, 0xff, 0xd8, 0xff, 0xff, 0x20, 0x7f, 0xdf,
    0xff, 0xe4, 0xf, 0xfe, 0xc7, 0xff, 0xf9, 0x3,
    0xfe, 0xff, 0xff, 0x20, 0x7f, 0xf6, 0x2f, 0xff,
    0xf1, 0x87, 0xfd, 0xff, 0xfe, 0x38, 0x3f, 0xfb,
    0x17, 0xff, 0xf8, 0xc3, 0xfc, 0xff, 0xff, 0x8d,
    0xf, 0xfe, 0xc3, 0xff, 0xfe, 0x34, 0x3f, 0xaf,
    0xff, 0xf1, 0x87, 0xff, 0x6b, 0xff, 0xfc, 0x70,
    0x7f, 0x5f, 0xff, 0xe3, 0xf, 0xfe, 0xd7, 0xff,
    0xf8, 0xe0, 0xfe, 0xff, 0xff, 0x20, 0x7f, 0xf6,
    0xbf, 0xff, 0xc8, 0x1f, 0xdf, 0xff, 0xe4, 0xf,
    0xfe, 0xd5, 0xff, 0xfe, 0x30, 0xfe, 0xff, 0xff,
    0x1c, 0x1f, 0xfd, 0xa7, 0xff, 0xfc, 0x61, 0xfd,
    0xff, 0xfe, 0x34, 0x3f, 0xfb, 0x4f, 0xff, 0xf8,
    0xc3, 0xfb, 0xff, 0xfc, 0x68, 0x7f, 0xf6, 0xff,
    0xff, 0xc6, 0x87, 0xcf, 0xff, 0xf8, 0xc3, 0xff,
    0xb9, 0xff, 0xfe, 0x34, 0x3e, 0x7f, 0xff, 0xc6,
    0x1f, 0xfd, 0xcf, 0xff, 0xf1, 0xa1, 0xf5, 0xff,
    0xfe, 0x30, 0xff, 0xee, 0x7f, 0xff, 0x8e, 0xf,
    0xaf, 0xff, 0xf1, 0x87, 0xff, 0x72, 0xff, 0xff,
    0x14, 0x1f, 0x7f, 0xff, 0x8e, 0xf, 0xfe, 0xe5,
    0xff, 0xfe, 0x30, 0xfb, 0xff, 0xfc, 0x70, 0x7f,
    0xf7, 0x1f, 0xff, 0xf1, 0x87, 0xdf, 0xff, 0xe3,
    0x83, 0xff, 0xb8, 0xff, 0xff, 0x8c, 0x3e, 0xff,
    0xff, 0x1a, 0x1f, 0xfd, 0xdf, 0xff, 0xf1, 0x87,
    0xdf, 0xff, 0xe3, 0x43, 0xff, 0xbb, 0xff, 0xfe,
    0x34, 0x39, 0xff, 0xff, 0x18, 0x7f, 0xf7, 0xbf,
    0xff, 0xc6, 0x87, 0x3f, 0xff, 0xe3, 0xf, 0xfe,
    0xf7, 0xff, 0xf8, 0xd0, 0xe7, 0xff, 0xfc, 0x61,
    0xff, 0xde, 0xff, 0xff, 0x1c, 0x1d, 0x7f, 0xff,
    0x8c, 0x3f, 0xfb, 0xd7, 0xff, 0xf8, 0xa0, 0xeb,
    0xff, 0xfc, 0x61, 0xff, 0xde, 0xbf, 0xff, 0xc6,
    0x1d, 0x7f, 0xff, 0x8c, 0x3f, 0xfb, 0xd7, 0xff,
    0xf8, 0xc3, 0xbf, 0xff, 0xc8, 0x1f, 0xfd, 0xe7,
    0xff, 0xfc, 0x61, 0xdf, 0xff, 0xe3, 0x83, 0xff,
    0xbc, 0xff, 0xff, 0x8c, 0x3b, 0xff, 0xfc, 0x70,
    0x7f, 0xf7, 0x9f, 0xff, 0xf1, 0x87, 0x7f, 0xff,
    0x8e, 0xf, 0xfe, 0xff, 0xff, 0xf8, 0xc3, 0xbf,
    0xff, 0xc7, 0x7, 0xff, 0x7f, 0xff, 0xfc, 0x68,
    0x6f, 0xff, 0xf1, 0xa1, 0xff, 0xdf, 0xff, 0xff,
    0x1a, 0x13, 0xff, 0xfe, 0x34, 0x3f, 0xfb, 0xff,
    0xff, 0xe3, 0x42, 0x7f, 0xff, 0xc6, 0x87, 0xff,
    0x7f, 0xff, 0xfc, 0x70, 0x4f, 0xff, 0xf8, 0xd0,
    0xff, 0xef, 0xff, 0xff, 0x8e, 0x9, 0xff, 0xff,
    0x18, 0x7f, 0xf8, 0x3f, 0xff, 0xc7, 0x5, 0x7f,
    0xff, 0x8c, 0x3f, 0xfc, 0x1f, 0xff, 0xe4, 0xa,
    0xff, 0xff, 0x18, 0x7f, 0xf8, 0x2f, 0xff, 0xf1,
    0x85, 0x7f, 0xff, 0x8c, 0x3f, 0xfc, 0x17, 0xff,
    0xf8, 0xc2, 0xbf, 0xff, 0xc6, 0x1f, 0xfe, 0xb,
    0xff, 0xfc, 0x61, 0x7f, 0xff, 0x90, 0x3f, 0xfc,
    0x17, 0xff, 0xf8, 0xc2, 0xff, 0xff, 0x20, 0x7f,
    0xf8, 0x2f, 0xff, 0xf1, 0x85, 0xff, 0xfe, 0x40,
    0xff, 0xf0, 0x3f, 0xff, 0xe3, 0xb, 0xff, 0xfc,
    0x81, 0xff, 0xe0, 0x7f, 0xff, 0xc6, 0x83, 0xff,
    0xfc, 0x81, 0xff, 0xe0, 0x7f, 0xff, 0xc6, 0x83,
    0xff, 0xfc, 0x81, 0xff, 0xe0, 0x7f, 0xff, 0xc6,
    0x83, 0xff, 0xfc, 0x70, 0x7f, 0xf8, 0x1f, 0xff,
    0xf1, 0xa0, 0xff, 0xff, 0x1c, 0x1f, 0xfe, 0x7,
    0xff, 0xfc, 0x70, 0x3f, 0xff, 0xc7, 0x7, 0xff,
    0x87, 0xff, 0xfc, 0x70, 0x3f, 0xff, 0xc7, 0x7,
    0xff, 0x87, 0xff, 0xfc, 0x70, 0xff, 0xff, 0x8e,
    0xf, 0xff, 0xf, 0xff, 0xf8, 0xe1, 0xff, 0xff,
    0x1c, 0x1f, 0xfe, 0x1f, 0xff, 0xf1, 0xc3, 0xff,
    0xfe, 0x38, 0x3f, 0xfc, 0x3f, 0xff, 0xe3, 0x87,
    0xff, 0xfc, 0x70, 0x7f, 0xf8, 0x7f, 0xff, 0xc8,
    0x3f, 0xff, 0xe3, 0x83, 0xff, 0xc3, 0xff, 0xfe,
    0x41, 0xff, 0xff, 0x1a, 0x1f, 0xfe, 0x1f, 0xff,
    0xf2, 0xf, 0xff, 0xf8, 0xd0, 0xff, 0xf0, 0xff,
    0xff, 0x90, 0x7f, 0xff, 0xc6, 0x87, 0xff, 0x87,
    0xff, 0xfc, 0x85, 0xff, 0xfe, 0x34, 0x3f, 0xfc,
    0x3f, 0xff, 0xe4, 0x2f, 0xff, 0xf1, 0xa1, 0xff,
    0xe1, 0xff, 0xff, 0x21, 0x7f, 0xff, 0x8d, 0xf,
    0xff, 0xf, 0xff, 0xf9, 0xb, 0xff, 0xfc, 0x68,
    0x7f, 0xf8, 0x7f, 0xff, 0xc8, 0x5f, 0xff, 0xe3,
    0x43, 0xff, 0xc3, 0xff, 0xfe, 0x42, 0xff, 0xff,
    0x1a, 0x1f, 0xfe, 0x1f, 0xff, 0xf2, 0x17, 0xff,
    0xf8, 0xd0, 0xff, 0xf0, 0xff, 0xff, 0x90, 0xbf,
    0xff, 0xc6, 0x87, 0xff, 0x87, 0xff, 0xfc, 0x8d,
    0xff, 0xfe, 0x34, 0x3f, 0xfc, 0x37, 0xff, 0xf8,
    0xdb, 0xff, 0xfc, 0x68, 0x7f, 0xf8, 0x6f, 0xff,
    0xf1, 0xb7, 0xff, 0xf8, 0xd0, 0xff, 0xf0, 0xdf,
    0xff, 0xe3, 0x7f, 0xff, 0xc8, 0x1f, 0xfe, 0x2b,
    0xff, 0xfc, 0x6f, 0xff, 0xf9, 0x3, 0xff, 0xc5,
    0x7f, 0xff, 0x8d, 0xff, 0xff, 0x20, 0x7f, 0xf8,
    0xaf, 0xff, 0xf1, 0xbf, 0xff, 0xe4, 0xf, 0xff,
    0x15, 0xff, 0xfe, 0x37, 0xff, 0xfc, 0x81, 0xff,
    0xe2, 0xbf, 0xff, 0xc6, 0xff, 0xff, 0x90, 0x3f,
    0xfc, 0x57, 0xff, 0xf8, 0xdf, 0xff, 0xf2, 0x7,
    0xff, 0x8a, 0xff, 0xff, 0x1b, 0xff, 0xfe, 0x40,
    0xff, 0xf1, 0x5f, 0xff, 0xe3, 0x7f, 0xff, 0xc8,
    0x1f, 0xfe, 0x2b, 0xff, 0xfc, 0x6f, 0xff, 0xf9,
    0x3, 0xff, 0xc5, 0x7f, 0xff, 0x8d, 0xff, 0xff,
    0x20, 0x7f, 0xf8, 0xaf, 0xff, 0xf1, 0xbf, 0xff,
    0xe4, 0xf, 0xff, 0x15, 0xff, 0xfe, 0x37, 0xff,
    0xfc, 0x81, 0xff, 0xe2, 0xbf, 0xff, 0xc6, 0xff,
    0xff, 0x90, 0x3f, 0xfc, 0x57, 0xff, 0xf8, 0xef,
    0xff, 0xf2, 0x7, 0xff, 0x8a, 0xff, 0xff, 0x1d,
    0xff, 0xfe, 0x40, 0xff, 0xf1, 0x5f, 0xff, 0xe3,
    0xbf, 0xff, 0xc8, 0x1f, 0xfe, 0x2b, 0xff, 0xfc,
    0x77, 0xff, 0xf9, 0x3, 0xff, 0xc5, 0x7f, 0xff,
    0x8d, 0xff, 0xff, 0x20, 0x7f, 0xf8, 0xaf, 0xff,
    0xf1, 0xbf, 0xff, 0xe4, 0xf, 0xff, 0x15, 0xff,
    0xfe, 0x37, 0xff, 0xfc, 0x81, 0xff, 0xe2, 0xbf,
    0xff, 0xc6, 0xff, 0xff, 0x90, 0x3f, 0xfc, 0x57,
    0xff, 0xf8, 0xdf, 0xff, 0xf2, 0x7, 0xff, 0x8a,
    0xff, 0xff, 0x1b, 0xff, 0xfe, 0x40, 0xff, 0xf1,
    0x5f, 0xff, 0xe3, 0x7f, 0xff, 0xc8, 0x1f, 0xfe,
    0x2b, 0xff, 0xfc, 0x6f, 0xff, 0xf9, 0x3, 0xff,
    0xc5, 0x7f, 0xff, 0x8d, 0xff, 0xff, 0x20, 0x7f,
    0xf8, 0xaf, 0xff, 0xf1, 0xbf, 0xff, 0xe4, 0xf,
    0xff, 0x15, 0xff, 0xfe, 0x36, 0xff, 0xff, 0x18,
    0x7f, 0xf8, 0xaf, 0xff, 0xf1, 0xb7, 0xff, 0xf8,
    0xc3, 0xff, 0xc5, 0x7f, 0xff, 0x8d, 0xbf, 0xff,
    0xc6, 0x87, 0xff, 0x86, 0xff, 0xff, 0x1b, 0x7f,
    0xff, 0x8d, 0xf, 0xff, 0xd, 0xff, 0xfe, 0x36,
    0xff, 0xff, 0x1a, 0x1f, 0xfe, 0x1b, 0xff, 0xfc,
    0x6d, 0xff, 0xfe, 0x34, 0x3f, 0xfc, 0x37, 0xff,
    0xf8, 0xdb, 0xff, 0xfc, 0x68, 0x7f, 0xf8, 0x6f,
    0xff, 0xf1, 0xb7, 0xff, 0xf8, 0xd0, 0xff, 0xf0,
    0xdf, 0xff, 0xe3, 0x6f, 0xff, 0xf1, 0xa1, 0xff,
    0xe1, 0xbf, 0xff, 0xc6, 0x5f, 0xff, 0xe3, 0x43,
    0xff, 0xc3, 0x7f, 0xff, 0x8c, 0xbf, 0xff, 0xc6,
    0x87, 0xff, 0x86, 0xff, 0xff, 0x18, 0xff, 0xff,
    0x8d, 0xf, 0xff, 0xd, 0xff, 0xfe, 0x31, 0xff,
    0xff, 0x1a, 0x1f, 0xfe, 0x1f, 0xff, 0xf2, 0xf,
    0xff, 0xf8, 0xd0, 0xff, 0xf0, 0xff, 0xff, 0x90,
    0x7f, 0xff, 0xc6, 0x87, 0xff, 0x87, 0xff, 0xfc,
    0x83, 0xff, 0xfe, 0x34, 0x3f, 0xfc, 0x3f, 0xff,
    0xe4, 0x1f, 0xff, 0xf1, 0xc1, 0xff, 0xe1, 0xff,
    0xff, 0x20, 0xff, 0xff, 0x8e, 0xf, 0xff, 0xf,
    0xff, 0xf9, 0x1, 0xff, 0xfe, 0x38, 0x3f, 0xfc,
    0x3f, 0xff, 0xe4, 0x7, 0xff, 0xf8, 0xe0, 0xff,
    0xf0, 0xff, 0xff, 0x90, 0x1f, 0xff, 0xe3, 0x83,
    0xff, 0xc3, 0xff, 0xfe, 0x40, 0x7f, 0xff, 0x8e,
    0xf, 0xff, 0xf, 0xff, 0xf9, 0x1, 0xff, 0xfe,
    0x38, 0x3f, 0xfc, 0x3f, 0xff, 0xe4, 0x7, 0xff,
    0xf8, 0xe0, 0xff, 0xf0, 0xff, 0xff, 0x8e, 0x7,
    0xff, 0xf9, 0x3, 0xff, 0xc3, 0xff, 0xfe, 0x38,
    0x1f, 0xff, 0xe4, 0xf, 0xff, 0xf, 0xff, 0xf8,
    0xe0, 0x7f, 0xff, 0x90, 0x3f, 0xfc, 0x3f, 0xff,
    0xe3, 0x81, 0xff, 0xfe, 0x40, 0xff, 0xf0, 0xff,
    0xff, 0x8e, 0x7, 0xff, 0xf9, 0x3, 0xff, 0xc3,
    0xff, 0xfe, 0x38, 0x17, 0xff, 0xf8, 0xc3, 0xff,
    0xc0, 0xff, 0xff, 0x8d, 0x5, 0xff, 0xfe, 0x30,
    0xff, 0xf0, 0x3f, 0xff, 0xe3, 0x41, 0x7f, 0xff,
    0x8c, 0x3f, 0xfc, 0xf, 0xff, 0xf8, 0xd0, 0x5f,
    0xff, 0xe3, 0xf, 0xff, 0x3, 0xff, 0xfe, 0x34,
    0xf, 0xff, 0xf8, 0xc3, 0xff, 0xc0, 0xff, 0xff,
    0x8c, 0x27, 0xff, 0xfc, 0x61, 0xff, 0xe0, 0xbf,
    0xff, 0xc6, 0x13, 0xff, 0xfe, 0x34, 0x3f, 0xfb,
    0xf7, 0xff, 0xf8, 0xc2, 0x7f, 0xff, 0xc6, 0x87,
    0xff, 0x7e, 0xff, 0xff, 0x18, 0x6f, 0xff, 0xf1,
    0xa1, 0xff, 0xdf, 0xbf, 0xff, 0xc6, 0x1b, 0xff,
    0xfc, 0x68, 0x7f, 0xf7, 0xef, 0xff, 0xf1, 0x86,
    0xff, 0xff, 0x1c, 0x1f, 0xfd, 0xff, 0xff, 0xf2,
    0x6, 0xff, 0xff, 0x1c, 0x1f, 0xfd, 0xff, 0xff,
    0xf2, 0x6, 0xff, 0xff, 0x1c, 0x1f, 0xfd, 0xff,
    0xff, 0xf1, 0xc1, 0xbf, 0xff, 0xc7, 0x7, 0xff,
    0x7f, 0xff, 0xfc, 0x70, 0x6b, 0xff, 0xfc, 0x61,
    0xff, 0xdf, 0xff, 0xff, 0x1c, 0x1a, 0xff, 0xff,
    0x18, 0x7f, 0xf7, 0xff, 0xff, 0xc6, 0x86, 0xbf,
    0xff, 0xc6, 0x1f, 0xfd, 0xff, 0xff, 0xf1, 0xa1,
    0x9f, 0xff, 0xf1, 0x87, 0xff, 0x79, 0xff, 0xff,
    0x1a, 0x19, 0xff, 0xff, 0x18, 0x7f, 0xf7, 0x9f,
    0xff, 0xf1, 0x87, 0x3f, 0xff, 0xe3, 0xf, 0xfe,
    0xf3, 0xff, 0xfe, 0x30, 0xf7, 0xff, 0xf8, 0xd0,
    0xff, 0xee, 0xdf, 0xff, 0xe3, 0xf, 0x7f, 0xff,
    0x8d, 0xf, 0xfe, 0xed, 0xff, 0xfe, 0x30, 0xf7,
    0xff, 0xf8, 0xd0, 0xff, 0xee, 0xff, 0xff, 0x90,
    0x3d, 0xff, 0xfe, 0x38, 0x3f, 0xfb, 0xbf, 0xff,
    0xe4, 0xf, 0x7f, 0xff, 0x8e, 0xf, 0xfe, 0xef,
    0xff, 0xf8, 0xe0, 0xf5, 0xff, 0xfe, 0x30, 0xff,
    0xee, 0xff, 0xff, 0x8e, 0xf, 0x5f, 0xff, 0xe3,
    0xf, 0xfe, 0xef, 0xff, 0xf8, 0xd0, 0xf5, 0xff,
    0xfe, 0x30, 0xff, 0xee, 0x3f, 0xff, 0xe3, 0x43,
    0xcf, 0xff, 0xf8, 0xc3, 0xff, 0xb8, 0xff, 0xff,
    0x8d, 0xf, 0x3f, 0xff, 0xe3, 0x43, 0xff, 0xb7,
    0x7f, 0xff, 0x8c, 0x3f, 0x7f, 0xff, 0x8d, 0xf,
    0xfe, 0xdd, 0xff, 0xfe, 0x30, 0xfd, 0xff, 0xfe,
    0x38, 0x3f, 0xfb, 0x7f, 0xff, 0xe4, 0xf, 0xdf,
    0xff, 0xe3, 0x83, 0xff, 0xb7, 0xff, 0xfe, 0x40,
    0xfd, 0xff, 0xfe, 0x40, 0xff, 0xed, 0xff, 0xff,
    0x8e, 0xf, 0xd7, 0xff, 0xf8, 0xc3, 0xff, 0xb4,
    0xff, 0xff, 0x8e, 0xf, 0xd7, 0xff, 0xf8, 0xc3,
    0xff, 0xb4, 0xff, 0xff, 0x8d, 0xf, 0xcf, 0xff,
    0xf8, 0xd0, 0xff, 0xec, 0xdf, 0xff, 0xe3, 0x43,
    0xf3, 0xff, 0xfe, 0x38, 0x3f, 0xfb, 0x3f, 0xff,
    0xe4, 0xf, 0xf7, 0xff, 0xf8, 0xe0, 0xff, 0xec,
    0xff, 0xff, 0x90, 0x3f, 0xdf, 0xff, 0xe4, 0xf,
    0xfe, 0xcf, 0xff, 0xf9, 0x3, 0xfd, 0xff, 0xfe,
    0x40, 0xff, 0xec, 0x3f, 0xff, 0xe4, 0xf, 0xf5,
    0xff, 0xfe, 0x34, 0x3f, 0xfa, 0xf7, 0xff, 0xf8,
    0xe0, 0xff, 0x5f, 0xff, 0xe3, 0x83, 0xff, 0xaf,
    0xff, 0xfe, 0x48, 0x3f, 0xcf, 0xff, 0xf9, 0x3,
    0xff, 0xaf, 0xff, 0xfe, 0x44, 0x3f, 0xcf, 0xff,
    0xf9, 0x3, 0xff, 0xac, 0xff, 0xff, 0x91, 0xf,
    0xfb, 0xff, 0xfc, 0x88, 0x7f, 0xf5, 0x6f, 0xff,
    0xf2, 0x7, 0xff, 0x3, 0xff, 0xfc, 0x90, 0x7f,
    0xf5, 0x7f, 0xff, 0xca, 0x1f, 0xfc, 0xf, 0xff,
    0xf2, 0x87, 0xff, 0x57, 0xff, 0xfc, 0xa1, 0xff,
    0xc0, 0xbf, 0xff, 0xc8, 0x1f, 0xfd, 0x47, 0xff,
    0xfc, 0x90, 0x7f, 0xf0, 0x1f, 0xff, 0xf2, 0x21,
    0xff, 0xd3, 0xbf, 0xff, 0xc8, 0x87, 0xff, 0x1,
    0xff, 0xff, 0x28, 0x7f, 0xf4, 0xff, 0xff, 0xca,
    0x87, 0xff, 0x7, 0xff, 0xfc, 0xa1, 0xff, 0xd2,
    0x7f, 0xff, 0xca, 0x1f, 0xfc, 0x2f, 0xff, 0xf2,
    0xc1, 0xff, 0xd1, 0xff, 0xff, 0x30, 0x7f, 0xf0,
    0xbf, 0xff, 0xcc, 0x1f, 0xfd, 0x1f, 0xff, 0xf3,
    0x7, 0xff, 0xa, 0xff, 0xff, 0x28, 0x7f, 0xf4,
    0x2f, 0xff, 0xf2, 0xc1, 0xff, 0xc2, 0x7f, 0xff,
    0xcb, 0x7, 0xff, 0x3f, 0xff, 0xfc, 0xc8, 0x7f,
    0xf0, 0xff, 0xff, 0xcc, 0x1f, 0xfc, 0xeb, 0xff,
    0xfc, 0xc8, 0x7f, 0xf0, 0xff, 0xff, 0xcd, 0x7,
    0xff, 0x37, 0xff, 0xfc, 0xe1, 0xff, 0xc4, 0xff,
    0xff, 0x38, 0x7f, 0xf3, 0x2f, 0xff, 0xf3, 0x87,
    0xff, 0x12, 0xff, 0xff, 0x34, 0x1f, 0xfc, 0xbf,
    0xff, 0xf3, 0xc1, 0xff, 0xc4, 0x7f, 0xff, 0xce,
    0x87, 0xff, 0x27, 0xff, 0xfd, 0x8, 0x7f, 0xf1,
    0x7f, 0xff, 0xd0, 0x1f, 0xfc, 0x8b, 0xff, 0xfd,
    0x8, 0x7f, 0xf1, 0x7f, 0xff, 0xd2, 0x1f, 0xfc,
    0x67, 0xff, 0xfd, 0x21, 0xff, 0xc6, 0xbf, 0xff,
    0xd1, 0x7, 0xff, 0x11, 0xff, 0xff, 0x50, 0x7f,
    0xf1, 0x9f, 0xff, 0xf4, 0xc1, 0xff, 0xc2, 0x7f,
    0xff, 0xd5, 0x7, 0xff, 0x1f, 0xff, 0xfd, 0x61,
    0xff, 0xc0, 0xbf, 0xff, 0xd6, 0x87, 0xff, 0x1f,
    0xff, 0xfd, 0x90, 0x7e, 0x7f, 0xff, 0xda, 0x1f,
    0xfc, 0x8b, 0xff, 0xfd, 0xd4, 0x6f, 0xff, 0xf8,
    0x7, 0xff, 0x21, 0xff, 0xff, 0xff, 0xff, 0xf8,
    0xa0, 0xff, 0xe4, 0xff, 0xff, 0xff, 0xff, 0xfc,
    0x48, 0x7f, 0xf2, 0x7f, 0xff, 0xff, 0xff, 0xfe,
    0x20, 0xff, 0xe5, 0x5f, 0xff, 0xff, 0xff, 0xff,
    0x8, 0x7f, 0xf2, 0x9f, 0xff, 0xff, 0xff, 0xff,
    0x82, 0xf, 0xfe, 0x5f, 0xff, 0xff, 0xff, 0xff,
    0xc0, 0x87, 0xff, 0x2e, 0xff, 0xff, 0xff, 0xff,
    0xf7, 0xc3, 0xff, 0x98, 0xff, 0xff, 0xff, 0xff,
    0xfb, 0xe1, 0xff, 0xcd, 0xff, 0xff, 0xff, 0xff,
    0xf7, 0xa0, 0xff, 0xe6, 0xdf, 0xff, 0xff, 0xff,
    0xfe, 0xea, 0x1f, 0xfc, 0xd7, 0xff, 0xff, 0xff,
    0xff, 0xdd, 0xf, 0xfe, 0x7f, 0xff, 0xff, 0xff,
    0xff, 0xb9, 0x7, 0xff, 0x3e, 0xff, 0xff, 0xff,
    0xff, 0xf6, 0xd0, 0xff, 0xe7, 0xbf, 0xff, 0xff,
    0xff, 0xfe, 0xd8, 0x7f, 0xf4, 0x7f, 0xff, 0xff,
    0xff, 0xfd, 0xa8, 0x3f, 0xfa, 0x37, 0xff, 0xff,
    0xff, 0xff, 0xb2, 0x87, 0xff, 0x4b, 0xff, 0xff,
    0xff, 0xff, 0xd9, 0xf, 0xfe, 0x9f, 0xff, 0xff,
    0xff, 0xff, 0xb1, 0x7, 0xff, 0x4d, 0xff, 0xff,
    0xff, 0xff, 0xf5, 0xd0, 0xff, 0xea, 0x7f, 0xff,
    0xff, 0xff, 0xfa, 0xe1, 0xff, 0xd5, 0xbf, 0xff,
    0xff, 0xff, 0xfd, 0x58, 0x3f, 0xfa, 0xdf, 0xff,
    0xff, 0xff, 0xfe, 0xa8, 0x7f, 0xf5, 0xef, 0xff,
    0xff, 0xff, 0xff, 0x4e, 0xf, 0xfe, 0xc7, 0xff,
    0xff, 0xff, 0xff, 0xa6, 0x87, 0xff, 0x62, 0xff,
    0xff, 0xff, 0xff, 0xf4, 0x83, 0xff, 0xb2, 0xff,
    0xff, 0xff, 0xff, 0xfa, 0x28, 0x7f, 0xf6, 0xbf,
    0xff, 0xff, 0xff, 0xfd, 0x10, 0xff, 0xed, 0xbf,
    0xff, 0xff, 0xff, 0xfe, 0x7a, 0x1f, 0xfd, 0xcf,
    0xff, 0xff, 0xff, 0xff, 0x3c, 0x3f, 0xfb, 0xaf,
    0xff, 0xff, 0xff, 0xff, 0x9a, 0x87, 0xff, 0x7a,
    0xff, 0xff, 0xff, 0xff, 0xf3, 0x3, 0xff, 0xc1,
    0xff, 0xff, 0xff, 0xff, 0xe5, 0xa1, 0xff, 0xe0,
    0xbf, 0xff, 0xff, 0xff, 0xfc, 0xa0, 0xff, 0xf1,
    0x7f, 0xff, 0xff, 0xff, 0xf9, 0x28, 0x7f, 0xf8,
    0x9f, 0xff, 0xff, 0xff, 0xff, 0x1e, 0xf, 0xff,
    0x27, 0xff, 0xff, 0xff, 0xff, 0x8e, 0x1f, 0xfe,
    0x6f, 0xff, 0xff, 0xff, 0xff, 0x15, 0xf, 0xff,
    0x35, 0xff, 0xff, 0xff, 0xff, 0xe1, 0xc1, 0xff,
    0xe8, 0xff, 0xff, 0xff, 0xff, 0xf0, 0xc3, 0xff,
    0xd5, 0xff, 0xff, 0xff, 0xff, 0xe0, 0xa1, 0xff,
    0xea, 0x7f, 0xff, 0xff, 0xff, 0xf4, 0x1f, 0xfe,
    0xcb, 0xff, 0xff, 0xff, 0xfe, 0xf, 0xff, 0x77,
    0xff, 0xff, 0xff, 0xf8, 0x3f, 0xfe, 0x1f, 0xff,
    0xff, 0xff, 0x83, 0xff, 0xe2, 0xff, 0xff, 0xff,
    0xf9, 0xf, 0xff, 0x93, 0xff, 0xff, 0xff, 0x90,
    0xff, 0xfa, 0x5f, 0xff, 0xff, 0xd0, 0xff, 0xfb,
    0x5f, 0xff, 0xfe, 0x43, 0xff, 0xf1, 0x7f, 0xff,
    0xf1, 0xf, 0xff, 0xd5, 0xff, 0xff, 0xa0, 0xff,
    0xfe, 0xbf, 0xff, 0xf8, 0xf, 0xff, 0xfb, 0xff,
    0xff, 0x58, 0x3f, 0xff, 0xe1, 0x7f, 0xff, 0xcd,
    0xf, 0xff, 0xf8, 0x75, 0xff, 0xfe, 0xf8, 0x3f,
    0xff, 0xe1, 0xf9, 0xff, 0xff, 0x6a, 0x1f, 0xff,
    0xf0, 0xff, 0x9f, 0xff, 0xf4, 0xa1, 0xff, 0xff,
    0xf, 0xfe, 0x1d, 0xff, 0xfe, 0x58, 0x3f, 0xff,
    0xe1, 0xff, 0xc7, 0x7f, 0xff, 0xc2, 0x87, 0xff,
    0xfc, 0x3f, 0xf9, 0x6d, 0xff, 0xfd, 0xb9, 0xf,
    0xff, 0xf8, 0x7f, 0xf4, 0x1b, 0xff, 0xfa, 0xb2,
    0x1f, 0xff, 0xf0, 0xff, 0xeb, 0x2a, 0xff, 0xfe,
    0x6c, 0x87, 0xff, 0xfc, 0x3f, 0xfb, 0xea, 0xa7,
    0xff, 0xf0, 0x28, 0xa0, 0xff, 0xf9, 0x0,

    /* U+0031 "1" */
    0xf, 0xff, 0x83, 0xff, 0xfd, 0xc0, 0xff, 0xf8,
    0x5f, 0xff, 0xdc, 0xf, 0xff, 0x87, 0xff, 0xf7,
    0x43, 0xff, 0xe1, 0xff, 0xfd, 0xd0, 0xff, 0xf7,
    0xbf, 0xff, 0xdd, 0xf, 0xff, 0x7d, 0xff, 0xfd,
    0xd0, 0xff, 0xf7, 0xff, 0xff, 0x78, 0x3f, 0xfd,
    0xcf, 0xff, 0xf7, 0x83, 0xff, 0xdd, 0x7f, 0xff,
    0x78, 0x3f, 0xfd, 0xdf, 0xff, 0xdf, 0xf, 0xff,
    0x77, 0xff, 0xf7, 0xc3, 0xff, 0xda, 0xff, 0xff,
    0x7c, 0x3f, 0xfd, 0xbf, 0xff, 0xe0, 0xf, 0xff,
    0x6f, 0xff, 0xf8, 0x3, 0xff, 0xd8, 0xff, 0xff,
    0x80, 0x3f, 0xfd, 0x97, 0xff, 0xf8, 0x3, 0xff,
    0xd9, 0xff, 0xfe, 0x10, 0xff, 0xf5, 0xbf, 0xff,
    0xe1, 0xf, 0xff, 0x5f, 0xff, 0xf8, 0x83, 0xff,
    0xd7, 0xff, 0xfe, 0x20, 0xff, 0xf5, 0x3f, 0xff,
    0xe2, 0xf, 0xff, 0x57, 0xff, 0xf8, 0xc3, 0xff,
    0xd5, 0xff, 0xfe, 0x30, 0xff, 0xf4, 0xdf, 0xff,
    0xe3, 0xf, 0xff, 0x4f, 0xff, 0xf9, 0x3, 0xff,
    0xd0, 0xff, 0xff, 0x90, 0x3f, 0xfd, 0x17, 0xff,
    0xf9, 0x3, 0xff, 0xd1, 0xff, 0xfe, 0x50, 0xff,
    0xf3, 0xbf, 0xff, 0xe5, 0xf, 0xff, 0x3f, 0xff,
    0xf9, 0x83, 0xff, 0xcc, 0xff, 0xff, 0x98, 0x3f,
    0xfc, 0xdf, 0xff, 0xe7, 0xf, 0xff, 0x37, 0xff,
    0xf9, 0xc3, 0xff, 0xcb, 0x7f, 0xff, 0x9c, 0x3f,
    0xfc, 0xbf, 0xff, 0xe8, 0xf, 0xff, 0x25, 0xff,
    0xfe, 0x80, 0xff, 0xf2, 0x7f, 0xff, 0xa4, 0x3f,
    0xfc, 0x77, 0xff, 0xfa, 0x43, 0xff, 0xc7, 0xff,
    0xfe, 0xa0, 0xff, 0xf1, 0x5f, 0xff, 0xea, 0xf,
    0xff, 0x17, 0xff, 0xfa, 0xc3, 0xff, 0xc3, 0x7f,
    0xff, 0xac, 0x3f, 0xfc, 0x3f, 0xff, 0xec, 0xf,
    0xff, 0x5, 0xff, 0xfe, 0xc0, 0xff, 0xf0, 0x7f,
    0xff, 0xb4, 0x3f, 0xfb, 0xf7, 0xff, 0xfb, 0x43,
    0xff, 0xbf, 0xff, 0xfe, 0xe0, 0xff, 0xef, 0x7f,
    0xff, 0xbc, 0x3f, 0xfb, 0xaf, 0xff, 0xfb, 0xc3,
    0xff, 0xbb, 0xff, 0xff, 0x0, 0xff, 0xee, 0x5f,
    0xff, 0xf0, 0xf, 0xfe, 0xe7, 0xff, 0xfc, 0x43,
    0xff, 0xb7, 0xff, 0xff, 0x20, 0xff, 0xed, 0x5f,
    0xff, 0xf2, 0xf, 0xfe, 0xcb, 0xff, 0xff, 0x30,
    0xff, 0xec, 0xff, 0xff, 0xd0, 0x3f, 0xfb, 0x17,
    0xff, 0xfd, 0x3, 0xff, 0xae, 0xff, 0xff, 0xd4,
    0x3f, 0xfa, 0xff, 0xff, 0xf6, 0xf, 0xfe, 0xb7,
    0xff, 0xfd, 0xc3, 0xff, 0xab, 0x7f, 0xff, 0xdc,
    0x3f, 0xfa, 0x97, 0xff, 0xfe, 0x3, 0xff, 0xa6,
    0xff, 0xff, 0xe4, 0x3f, 0xfa, 0x4f, 0xff, 0xfe,
    0x83, 0xff, 0xa5, 0xff, 0xff, 0xb0, 0xff, 0xe8,
    0xff, 0xff, 0xf0, 0x3f, 0xfa, 0x1f, 0xff, 0xfd,
    0xf, 0xfe, 0x7f, 0xff, 0xff, 0x83, 0xff, 0x9d,
    0xff, 0xff, 0xf0, 0xff, 0xe6, 0xff, 0xff, 0xff,
    0xf, 0xfe, 0x67, 0xff, 0xff, 0xfc, 0x1f, 0xfc,
    0xbf, 0xff, 0xff, 0xfc, 0x1f, 0xfc, 0xaf, 0xff,
    0xff, 0xfe, 0xf, 0xfe, 0x4f, 0xff, 0xff, 0xff,
    0x83, 0xff, 0x8e, 0xff, 0xff, 0xff, 0xfc, 0x1f,
    0xfc, 0x67, 0xff, 0xff, 0xff, 0xf0, 0x7f, 0xf1,
    0x6f, 0xff, 0xff, 0xff, 0xe0, 0xff, 0xe2, 0x5f,
    0xff, 0xff, 0xff, 0xe0, 0xff, 0xe1, 0xff, 0xff,
    0xff, 0xff, 0xe0, 0xff, 0xe0, 0xbf, 0xff, 0xff,
    0xff, 0xfe, 0x0, 0x7f, 0xf0, 0x2f, 0xff, 0xff,
    0xff, 0xff, 0x4, 0x3f, 0xef, 0xff, 0xff, 0xff,
    0xff, 0xc, 0x3f, 0x9f, 0xff, 0xff, 0xff, 0xff,
    0x10, 0x3f, 0x5f, 0xff, 0xff, 0xff, 0xfe, 0x28,
    0x79, 0xff, 0xff, 0xff, 0xff, 0xf1, 0xc3, 0xaf,
    0xff, 0xff, 0xff, 0xff, 0x20, 0x27, 0xff, 0xff,
    0xff, 0xff, 0xca, 0x5, 0xff, 0xff, 0xff, 0xff,
    0xe5, 0x9f, 0xff, 0xff, 0xff, 0xfe, 0x69, 0xff,
    0xff, 0xff, 0xff, 0xe6, 0x9f, 0xff, 0xff, 0xff,
    0xfe, 0x69, 0xff, 0xff, 0xff, 0xff, 0xe6, 0x9f,
    0xff, 0xff, 0xff, 0xfe, 0x69, 0xff, 0xff, 0xff,
    0xff, 0xe6, 0x9f, 0xff, 0xff, 0xff, 0xfe, 0x69,
    0xff, 0xff, 0xff, 0xff, 0xe6, 0x9f, 0xff, 0xff,
    0xff, 0xfe, 0x69, 0xff, 0xff, 0xff, 0xff, 0xe6,
    0x9f, 0xff, 0xff, 0xff, 0xfe, 0x69, 0xff, 0xff,
    0xff, 0xff, 0xe6, 0x9f, 0xff, 0xff, 0xff, 0xfe,
    0x69, 0xff, 0xff, 0xff, 0xff, 0xe6, 0x9f, 0xff,
    0xff, 0xff, 0xfe, 0x69, 0xff, 0xff, 0xff, 0xff,
    0xe6, 0x9f, 0xff, 0xff, 0xff, 0xfe, 0x69, 0xff,
    0xff, 0xff, 0xff, 0xe6, 0x9f, 0xff, 0xff, 0xff,
    0xfe, 0x69, 0xff, 0xff, 0xff, 0xff, 0xe6, 0x9f,
    0xff, 0xff, 0xff, 0xfe, 0x69, 0xff, 0xff, 0xff,
    0xff, 0xe6, 0x9f, 0xff, 0xff, 0xff, 0xfe, 0x69,
    0xff, 0xff, 0xff, 0xff, 0xe6, 0x9f, 0xff, 0xff,
    0xff, 0xfe, 0x69, 0xff, 0xff, 0xff, 0xff, 0xe6,
    0x9f, 0xff, 0xff, 0xff, 0xfe, 0x69, 0xff, 0xff,
    0xff, 0xff, 0xe6, 0x9f, 0xff, 0xe6, 0x7f, 0xff,
    0xca, 0x7f, 0xff, 0x95, 0x5f, 0xff, 0xe5, 0x3f,
    0xff, 0xc9, 0xf, 0xff, 0xf9, 0x4f, 0xff, 0xf2,
    0x1, 0xff, 0xff, 0x29, 0xff, 0xfe, 0x30, 0x9f,
    0xff, 0xf2, 0x9f, 0xff, 0xe2, 0x42, 0x7f, 0xff,
    0xca, 0x7f, 0xff, 0x86, 0xc, 0xff, 0xff, 0x94,
    0xff, 0xff, 0x8, 0x73, 0xff, 0xfe, 0x53, 0xff,
    0xfc, 0x1, 0xe7, 0xff, 0xfc, 0xa7, 0xff, 0xf7,
    0xd0, 0xf3, 0xff, 0xfe, 0x53, 0xff, 0xfb, 0xd0,
    0x7c, 0xff, 0xff, 0x94, 0xff, 0xfe, 0xf0, 0x7e,
    0x7f, 0xff, 0xca, 0x7f, 0xff, 0x74, 0x3f, 0x9f,
    0xff, 0xf2, 0x9f, 0xff, 0xdc, 0x43, 0xf9, 0xff,
    0xff, 0x29, 0xff, 0xfd, 0xb8, 0x3f, 0xcf, 0xff,
    0xf9, 0x4f, 0xff, 0xed, 0x41, 0xff, 0x3f, 0xff,
    0xe5, 0x3f, 0xff, 0xb4, 0x1f, 0xfc, 0x7, 0xff,
    0xfc, 0xa7, 0xff, 0xf6, 0x43, 0xff, 0x82, 0xff,
    0xff, 0x94, 0xff, 0xfe, 0xc0, 0x7f, 0xf0, 0x9f,
    0xff, 0xf2, 0x9f, 0xff, 0xd7, 0xf, 0xfe, 0x1b,
    0xff, 0xfe, 0x53, 0xff, 0xfa, 0xc8, 0x7f, 0xf0,
    0xdf, 0xff, 0xf2, 0x9f, 0xff, 0xd5, 0x43, 0xff,
    0x88, 0xff, 0xff, 0x94, 0xff, 0xfe, 0xa2, 0x1f,
    0xfc, 0x57, 0xff, 0xfc, 0xa7, 0xff, 0xf4, 0xd0,
    0xff, 0xe3, 0x3f, 0xff, 0xe5, 0x3f, 0xff, 0xa4,
    0x87, 0xff, 0x1d, 0xff, 0xff, 0x29, 0xff, 0xfd,
    0x14, 0x3f, 0xf9, 0xf, 0xff, 0xf9, 0x4f, 0xff,
    0xe8, 0x21, 0xff, 0xc9, 0x7f, 0xff, 0xca, 0x7f,
    0xff, 0x3d, 0xf, 0xfe, 0x53, 0xff, 0xfe, 0x53,
    0xff, 0xf9, 0xc8, 0x7f, 0xf2, 0xdf, 0xff, 0xf2,
    0x9f, 0xff, 0xcd, 0xf, 0xfe, 0x6b, 0xff, 0xfe,
    0x53, 0xff, 0xf9, 0x81, 0xff, 0xce, 0x7f, 0xff,
    0xca, 0x7f, 0xff, 0x2c, 0x3f, 0xf9, 0xef, 0xff,
    0xf9, 0x4f, 0xff, 0xe4, 0xc1, 0xff, 0xd0, 0x7f,
    0xff, 0xca, 0x7f, 0xff, 0x21, 0xf, 0xfe, 0x8b,
    0xff, 0xfe, 0x53, 0xff, 0xf8, 0xe1, 0xff, 0xd3,
    0x7f, 0xff, 0xca, 0x7f, 0xff, 0x16, 0xf, 0xfe,
    0xa3, 0xff, 0xfe, 0x53, 0xff, 0xf8, 0x88, 0x7f,
    0xf5, 0x5f, 0xff, 0xf2, 0x9f, 0xff, 0xc3, 0xf,
    0xfe, 0xbb, 0xff, 0xfe, 0x53, 0xff, 0xf8, 0x30,
    0x7f, 0xf6, 0x1f, 0xff, 0xf2, 0x9f, 0xff, 0xc0,
    0x43, 0xff, 0xb2, 0xff, 0xff, 0x94, 0xff, 0xf4,
    0x1f, 0xfd, 0xb7, 0xff, 0xfc, 0xa7, 0xff, 0x21,
    0xff, 0xdc, 0x7f, 0xff, 0xca, 0x7f, 0xd0, 0x7f,
    0xf7, 0x9f, 0xff, 0xf2, 0x9f, 0xe4, 0x3f, 0xfb,
    0xef, 0xff, 0xf9, 0x4f, 0xd0, 0x7f, 0xf8, 0x5f,
    0xff, 0xf2, 0x9f, 0x7, 0xff, 0x8d, 0xff, 0xff,
    0x29, 0xa1, 0xff, 0xe4, 0x7f, 0xff, 0xca, 0x1f,
    0xfe, 0x77, 0xff, 0xfc, 0xa1, 0xff, 0xe7, 0x7f,
    0xff, 0xca, 0x1f, 0xfe, 0x77, 0xff, 0xfc, 0xa1,
    0xff, 0xe7, 0x7f, 0xff, 0xca, 0x1f, 0xfe, 0x77,
    0xff, 0xfc, 0xa1, 0xff, 0xe7, 0x7f, 0xff, 0xca,
    0x1f, 0xfe, 0x77, 0xff, 0xfc, 0xa1, 0xff, 0xe7,
    0x7f, 0xff, 0xca, 0x1f, 0xfe, 0x77, 0xff, 0xfc,
    0xa1, 0xff, 0xe7, 0x7f, 0xff, 0xca, 0x1f, 0xfe,
    0x77, 0xff, 0xfc, 0xa1, 0xff, 0xe7, 0x7f, 0xff,
    0xca, 0x1f, 0xfe, 0x77, 0xff, 0xfc, 0xa1, 0xff,
    0xe7, 0x7f, 0xff, 0xca, 0x1f, 0xfe, 0x77, 0xff,
    0xfc, 0xa1, 0xff, 0xe7, 0x7f, 0xff, 0xca, 0x1f,
    0xfe, 0x77, 0xff, 0xfc, 0xa1, 0xff, 0xe7, 0x7f,
    0xff, 0xca, 0x1f, 0xfe, 0x77, 0xff, 0xfc, 0xa1,
    0xff, 0xe7, 0x7f, 0xff, 0xca, 0x1f, 0xfe, 0x77,
    0xff, 0xfc, 0xa1, 0xff, 0xe7, 0x7f, 0xff, 0xca,
    0x1f, 0xfe, 0x77, 0xff, 0xfc, 0xa1, 0xff, 0xe7,
    0x7f, 0xff, 0xca, 0x1f, 0xfe, 0x77, 0xff, 0xfc,
    0xa1, 0xff, 0xe7, 0x7f, 0xff, 0xca, 0x1f, 0xfe,
    0x77, 0xff, 0xfc, 0xa1, 0xff, 0xe7, 0x7f, 0xff,
    0xca, 0x1f, 0xfe, 0x77, 0xff, 0xfc, 0xa1, 0xff,
    0xe7, 0x7f, 0xff, 0xca, 0x1f, 0xfe, 0x77, 0xff,
    0xfc, 0xa1, 0xff, 0xe7, 0x7f, 0xff, 0xca, 0x1f,
    0xfe, 0x77, 0xff, 0xfc, 0xa1, 0xff, 0xe7, 0x7f,
    0xff, 0xca, 0x1f, 0xfe, 0x77, 0xff, 0xfc, 0xa1,
    0xff, 0xe7, 0x7f, 0xff, 0xca, 0x1f, 0xfe, 0x77,
    0xff, 0xfc, 0xa1, 0xff, 0xe7, 0x7f, 0xff, 0xca,
    0x1f, 0xfe, 0x77, 0xff, 0xfc, 0xa1, 0xff, 0xe7,
    0x7f, 0xff, 0xca, 0x1f, 0xfe, 0x77, 0xff, 0xfc,
    0xa1, 0xff, 0xe7, 0x7f, 0xff, 0xca, 0x1f, 0xfe,
    0x77, 0xff, 0xfc, 0xa1, 0xff, 0xe7, 0x7f, 0xff,
    0xca, 0x1f, 0xfe, 0x77, 0xff, 0xfc, 0xa1, 0xff,
    0xe7, 0x7f, 0xff, 0xca, 0x1f, 0xfe, 0x77, 0xff,
    0xfc, 0xa1, 0xff, 0xe7, 0x7f, 0xff, 0xca, 0x1f,
    0xfe, 0x77, 0xff, 0xfc, 0xa1, 0xff, 0xe7, 0x7f,
    0xff, 0xca, 0x1f, 0xfe, 0x77, 0xff, 0xfc, 0xa1,
    0xff, 0xe7, 0x7f, 0xff, 0xca, 0x1f, 0xfe, 0x77,
    0xff, 0xfc, 0xa1, 0xff, 0xe7, 0x7f, 0xff, 0xca,
    0x1f, 0xfe, 0x77, 0xff, 0xfc, 0xa1, 0xff, 0xe7,
    0x7f, 0xff, 0xca, 0x1f, 0xfe, 0x77, 0xff, 0xfc,
    0xa1, 0xff, 0xe7, 0x7f, 0xff, 0xca, 0x1f, 0xfe,
    0x77, 0xff, 0xfc, 0xa1, 0xff, 0xe7, 0x7f, 0xff,
    0xca, 0x1f, 0xfe, 0x77, 0xff, 0xfc, 0xa1, 0xff,
    0xe7, 0x7f, 0xff, 0xca, 0x1f, 0xfe, 0x77, 0xff,
    0xfc, 0xa1, 0xff, 0xe7, 0x7f, 0xff, 0xca, 0x1f,
    0xfe, 0x77, 0xff, 0xfc, 0xa1, 0xff, 0xe7, 0x7f,
    0xff, 0xca, 0x1f, 0xfe, 0x77, 0xff, 0xfc, 0xa1,
    0xff, 0xe7, 0x7f, 0xff, 0xca, 0x1f, 0xfe, 0x77,
    0xff, 0xfc, 0xa1, 0xff, 0xe7, 0x7f, 0xff, 0xca,
    0x1f, 0xfe, 0x77, 0xff, 0xfc, 0xa1, 0xff, 0xe7,
    0x7f, 0xff, 0xca, 0x1f, 0xfe, 0x77, 0xff, 0xfc,
    0xa1, 0xff, 0xe7, 0x7f, 0xff, 0xca, 0x1f, 0xfe,
    0x77, 0xff, 0xfc, 0xa1, 0xff, 0xe7, 0x7f, 0xff,
    0xca, 0x1f, 0xfe, 0x77, 0xff, 0xfc, 0xa1, 0xff,
    0xe7, 0x7f, 0xff, 0xca, 0x1f, 0xfe, 0x77, 0xff,
    0xfc, 0xa1, 0xff, 0xe7, 0x7f, 0xff, 0xca, 0x1f,
    0xfe, 0x77, 0xff, 0xfc, 0xa1, 0xff, 0xe7, 0x7f,
    0xff, 0xca, 0x1f, 0xfe, 0x77, 0xff, 0xfc, 0xa1,
    0xff, 0xe7, 0x7f, 0xff, 0xca, 0x1f, 0xfe, 0x77,
    0xff, 0xfc, 0xa1, 0xff, 0xe7, 0x7f, 0xff, 0xca,
    0x1f, 0xfe, 0x77, 0xff, 0xfc, 0xa1, 0xff, 0xe7,
    0x7f, 0xff, 0xca, 0x1f, 0xfe, 0x77, 0xff, 0xfc,
    0xa1, 0xff, 0xe7, 0x7f, 0xff, 0xca, 0x1f, 0xfe,
    0x77, 0xff, 0xfc, 0xa1, 0xff, 0xe7, 0x7f, 0xff,
    0xca, 0x1f, 0xfe, 0x77, 0xff, 0xfc, 0xa1, 0xff,
    0xe7, 0x7f, 0xff, 0xca, 0x1f, 0xfe, 0x77, 0xff,
    0xfc, 0xa1, 0xff, 0xe7, 0x7f, 0xff, 0xca, 0x1f,
    0xfe, 0x77, 0xff, 0xfc, 0xa1, 0xff, 0xe7, 0x7f,
    0xff, 0xca, 0x1f, 0xfe, 0x77, 0xff, 0xfc, 0xa1,
    0xff, 0xe7, 0x7f, 0xff, 0xca, 0x1f, 0xfe, 0x77,
    0xff, 0xfc, 0xa1, 0xff, 0xe7, 0x7f, 0xff, 0xca,
    0x1f, 0xfe, 0x77, 0xff, 0xfc, 0xa1, 0xff, 0xe7,
    0x7f, 0xff, 0xca, 0x1f, 0xfe, 0x77, 0xff, 0xfc,
    0xa1, 0xff, 0xe7, 0x7f, 0xff, 0xca, 0x1f, 0xfe,
    0x77, 0xff, 0xfc, 0xa1, 0xff, 0xe7, 0x7f, 0xff,
    0xca, 0x1f, 0xfe, 0x77, 0xff, 0xfc, 0xa1, 0xff,
    0xe7, 0x7f, 0xff, 0xca, 0x1f, 0xfe, 0x77, 0xff,
    0xfc, 0xa1, 0xff, 0xe7, 0x7f, 0xff, 0xca, 0x1f,
    0xfe, 0x77, 0xff, 0xfc, 0xa1, 0xff, 0xe7, 0x7f,
    0xff, 0xca, 0x1f, 0xfe, 0x77, 0xff, 0xfc, 0xa1,
    0xff, 0xe7, 0x7f, 0xff, 0xca, 0x1f, 0xfe, 0x77,
    0xff, 0xfc, 0xa1, 0xff, 0xe7, 0x7f, 0xff, 0xca,
    0x1f, 0xfe, 0x77, 0xff, 0xfc, 0xa1, 0xff, 0xe7,
    0x7f, 0xff, 0xca, 0x1f, 0xfe, 0x77, 0xff, 0xfc,
    0xa1, 0xff, 0xe7, 0x7f, 0xff, 0xca, 0x1f, 0xfe,
    0x77, 0xff, 0xfc, 0xa1, 0xff, 0xe7, 0x7f, 0xff,
    0xca, 0x1f, 0xfe, 0x77, 0xff, 0xfc, 0xa1, 0xff,
    0xe7, 0x7f, 0xff, 0xca, 0x1f, 0xfe, 0x77, 0xff,
    0xfc, 0xa1, 0xff, 0xe7, 0x7f, 0xff, 0xca, 0x1f,
    0xfe, 0x77, 0xff, 0xfc, 0xa1, 0xff, 0xe7, 0x7f,
    0xff, 0xca, 0x1f, 0xfe, 0x77, 0xff, 0xfc, 0xa1,
    0xff, 0xe7, 0x7f, 0xff, 0xca, 0x1f, 0xfe, 0x77,
    0xff, 0xfc, 0xa1, 0xff, 0xe7, 0x7f, 0xff, 0xca,
    0x1f, 0xfe, 0x77, 0xff, 0xfc, 0xa1, 0xff, 0xe7,
    0x7f, 0xff, 0xca, 0x1f, 0xfe, 0x77, 0xff, 0xfc,
    0xa1, 0xff, 0xe7, 0x7f, 0xff, 0xca, 0x1f, 0xfe,
    0x77, 0xff, 0xfc, 0xa1, 0xff, 0xe7, 0x7f, 0xff,
    0xca, 0x1f, 0xfe, 0x77, 0xff, 0xfc, 0xa1, 0xff,
    0xe7, 0x7f, 0xff, 0xca, 0x1f, 0xfe, 0x77, 0xff,
    0xfc, 0xa1, 0xff, 0xe7, 0x7f, 0xff, 0xca, 0x1f,
    0xfe, 0x77, 0xff, 0xfc, 0xa1, 0xff, 0xe7, 0x7f,
    0xff, 0xca, 0x1f, 0xfe, 0x77, 0xff, 0xfc, 0xa1,
    0xff, 0xe7, 0x7f, 0xff, 0xca, 0x1f, 0xfe, 0x77,
    0xff, 0xfc, 0xa1, 0xff, 0xe7, 0x7f, 0xff, 0xca,
    0x1f, 0xfe, 0x77, 0xff, 0xfc, 0xa1, 0xff, 0xe7,
    0x7f, 0xff, 0xca, 0x1f, 0xfe, 0x77, 0xff, 0xfc,
    0xa1, 0xff, 0xe7, 0x7f, 0xff, 0xca, 0x1f, 0xfe,
    0x77, 0xff, 0xfc, 0xa1, 0xff, 0xe7, 0x7f, 0xff,
    0xca, 0x1f, 0xfe, 0x77, 0xff, 0xfc, 0xa1, 0xff,
    0xe7, 0x7f, 0xff, 0xca, 0x1f, 0xfe, 0x77, 0xff,
    0xfc, 0xa1, 0xff, 0xe7, 0x7f, 0xff, 0xca, 0x1f,
    0xfe, 0x77, 0xff, 0xfc, 0xa1, 0xff, 0xe7, 0x7f,
    0xff, 0xca, 0x1f, 0xfe, 0x77, 0xff, 0xfc, 0xa1,
    0xff, 0xe7, 0x7f, 0xff, 0xca, 0x1f, 0xfe, 0x77,
    0xff, 0xfc, 0xa1, 0xff, 0xe7, 0x7f, 0xff, 0xca,
    0x1f, 0xfe, 0x77, 0xff, 0xfc, 0xa1, 0xff, 0xe7,
    0x7f, 0xff, 0xca, 0x1f, 0xfe, 0x77, 0xff, 0xfc,
    0xa1, 0xff, 0xe7, 0x7f, 0xff, 0xca, 0x1f, 0xfe,
    0x77, 0xff, 0xfc, 0xa1, 0xff, 0xe7, 0x7f, 0xff,
    0xca,

    /* U+0032 "2" */
    0xf, 0xff, 0x9a, 0xaa, 0xff, 0xfe, 0x15, 0x16,
    0xf, 0xff, 0xf8, 0x7f, 0xf7, 0x5a, 0x7f, 0xff,
    0x4a, 0x88, 0x7f, 0xff, 0xc3, 0xff, 0xa6, 0xdf,
    0xff, 0xdc, 0x90, 0xff, 0xff, 0x87, 0xff, 0x31,
    0xff, 0xff, 0x24, 0x1f, 0xff, 0xf0, 0xff, 0xe3,
    0x37, 0xff, 0xfa, 0x50, 0xff, 0xff, 0x87, 0xff,
    0x5, 0xff, 0xff, 0x74, 0x1f, 0xff, 0xf0, 0xfe,
    0x7f, 0xff, 0xe6, 0x1f, 0xff, 0xf0, 0xe7, 0xff,
    0xfe, 0xd0, 0x7f, 0xff, 0xc1, 0x7f, 0xff, 0xe6,
    0xf, 0xff, 0xeb, 0xff, 0xff, 0xd0, 0xff, 0xfd,
    0xdf, 0xff, 0xff, 0x43, 0xff, 0xf1, 0xff, 0xff,
    0xff, 0xa0, 0xff, 0xfb, 0x7f, 0xff, 0xff, 0xfc,
    0x1f, 0xff, 0x37, 0xff, 0xff, 0xff, 0xf8, 0x3f,
    0xfe, 0x2f, 0xff, 0xff, 0xff, 0xfc, 0x1f, 0xfe,
    0xf7, 0xff, 0xff, 0xff, 0xff, 0xc0, 0xf, 0xff,
    0x77, 0xff, 0xff, 0xff, 0xff, 0x84, 0x1f, 0xfe,
    0xcf, 0xff, 0xff, 0xff, 0xff, 0x10, 0x3f, 0xfd,
    0x5f, 0xff, 0xff, 0xff, 0xfe, 0x30, 0x7f, 0xfa,
    0x3f, 0xff, 0xff, 0xff, 0xfc, 0x78, 0x3f, 0xfc,
    0xd7, 0xff, 0xff, 0xff, 0xff, 0x91, 0x7, 0xff,
    0x91, 0xff, 0xff, 0xff, 0xff, 0xf2, 0x90, 0xff,
    0xf1, 0xff, 0xff, 0xff, 0xff, 0xf9, 0x81, 0xff,
    0xe2, 0xff, 0xff, 0xff, 0xff, 0xf3, 0x60, 0xff,
    0xf0, 0x3f, 0xff, 0xff, 0xff, 0xfe, 0x72, 0x1f,
    0xfd, 0xff, 0xff, 0xff, 0xff, 0xff, 0x40, 0x3f,
    0xfb, 0xdf, 0xff, 0xff, 0xff, 0xfe, 0x90, 0x7f,
    0xf7, 0x1f, 0xff, 0xff, 0xff, 0xff, 0x49, 0xf,
    0xfe, 0xdf, 0xff, 0xff, 0xff, 0xff, 0xa8, 0x1f,
    0xfd, 0xab, 0xff, 0xff, 0xff, 0xff, 0xd4, 0x83,
    0xff, 0xb3, 0xff, 0xff, 0xff, 0xff, 0xeb, 0x7,
    0xff, 0x62, 0xff, 0xff, 0xff, 0xff, 0xf5, 0xa0,
    0xff, 0xeb, 0xff, 0xff, 0xff, 0xff, 0xfb, 0x1,
    0xff, 0xd6, 0xff, 0xff, 0xff, 0xff, 0xf6, 0x60,
    0xff, 0xea, 0x3f, 0xff, 0xff, 0xff, 0xfe, 0xd0,
    0x7f, 0xf5, 0x2f, 0xff, 0xff, 0xff, 0xff, 0x6a,
    0xf, 0xfe, 0x9f, 0xff, 0xff, 0xff, 0xff, 0xb8,
    0x1f, 0xfd, 0x2b, 0xff, 0xff, 0xff, 0xff, 0xdc,
    0x83, 0xff, 0xa3, 0xff, 0xff, 0xff, 0xff, 0xef,
    0x7, 0xff, 0x42, 0xff, 0xff, 0xff, 0xff, 0xf7,
    0xa0, 0xff, 0xe7, 0xff, 0xff, 0xff, 0xff, 0xfc,
    0x1, 0xff, 0xce, 0x7f, 0xff, 0xff, 0xff, 0xfe,
    0x4, 0x3f, 0xf9, 0xb7, 0xff, 0xff, 0xff, 0xff,
    0xc1, 0x7, 0xff, 0x37, 0xff, 0xff, 0xff, 0xff,
    0xe2, 0xf, 0xfe, 0x63, 0xff, 0xff, 0xff, 0xff,
    0xf1, 0x41, 0xff, 0xcb, 0xff, 0xff, 0xff, 0xff,
    0xf9, 0x3, 0xff, 0x97, 0xff, 0xff, 0xff, 0xff,
    0xf2, 0x7, 0xff, 0x29, 0xff, 0xff, 0xff, 0xff,
    0xf9, 0x20, 0xff, 0xe4, 0xdf, 0xff, 0xff, 0xff,
    0xff, 0x28, 0x7f, 0xf2, 0x7f, 0xff, 0xff, 0xff,
    0xfe, 0x60, 0xff, 0xe4, 0x3f, 0xff, 0xff, 0xff,
    0xff, 0x34, 0x1f, 0xfc, 0x7b, 0xff, 0xff, 0xff,
    0xff, 0xe7, 0xf, 0xfe, 0x3f, 0xff, 0xff, 0xff,
    0xff, 0xd0, 0x1f, 0xfc, 0x7f, 0xff, 0xff, 0xff,
    0xff, 0xa1, 0xf, 0xfe, 0x2b, 0xff, 0xff, 0xff,
    0xff, 0xf4, 0x41, 0xff, 0xc5, 0xbf, 0xff, 0xff,
    0xff, 0xfe, 0x90, 0xff, 0xe2, 0xff, 0xff, 0xff,
    0xff, 0xfd, 0x41, 0xff, 0xc5, 0xff, 0xff, 0xff,
    0xff, 0xfa, 0x90, 0xff, 0xe1, 0xbf, 0xff, 0xff,
    0xff, 0xff, 0x54, 0x1f, 0xfc, 0x3b, 0xff, 0xff,
    0xff, 0xff, 0xeb, 0xf, 0xfe, 0x1f, 0xff, 0xff,
    0xff, 0xff, 0xd8, 0x1f, 0xfc, 0x3f, 0xff, 0xff,
    0xff, 0xff, 0xb1, 0xf, 0xfe, 0xb, 0xff, 0xff,
    0x5a, 0x7f, 0xff, 0xd2, 0xf, 0xfe, 0xd, 0xff,
    0xff, 0x9, 0xf, 0xd7, 0xff, 0xfc, 0x20, 0xff,
    0xe0, 0xdf, 0xff, 0xee, 0x83, 0xff, 0x83, 0x7f,
    0xff, 0xbc, 0x3f, 0xf8, 0x3f, 0xff, 0xee, 0xf,
    0xfe, 0x2f, 0xff, 0xfb, 0x83, 0xff, 0x83, 0xff,
    0xfe, 0xd0, 0xff, 0xe3, 0xdf, 0xff, 0xec, 0xf,
    0xfe, 0x3, 0xff, 0xfe, 0xc0, 0xff, 0xe4, 0xdf,
    0xff, 0xeb, 0x43, 0xfe, 0x7f, 0xff, 0xd6, 0x1f,
    0xfc, 0xbf, 0xff, 0xf5, 0xc1, 0xff, 0x5f, 0xff,
    0xea, 0xf, 0xfe, 0x6f, 0xff, 0xfa, 0xc3, 0xfe,
    0xff, 0xff, 0x52, 0x1f, 0xfc, 0xef, 0xff, 0xf5,
    0x7, 0xfd, 0xff, 0xfe, 0x98, 0x3f, 0xf9, 0xf7,
    0xff, 0xfa, 0x43, 0xfe, 0xff, 0xff, 0x48, 0x7f,
    0xf4, 0x7f, 0xff, 0xd2, 0x1f, 0xe7, 0xff, 0xfd,
    0x10, 0x7f, 0xf4, 0x5f, 0xff, 0xf4, 0x21, 0xfd,
    0x7f, 0xff, 0xa0, 0x3f, 0xfa, 0x7f, 0xff, 0xe8,
    0x43, 0xfa, 0xff, 0xff, 0x3c, 0x1f, 0xfd, 0x37,
    0xff, 0xfc, 0xf0, 0x7f, 0x7f, 0xff, 0xa0, 0x3f,
    0xfa, 0xbf, 0xff, 0xe7, 0x83, 0xfb, 0xff, 0xfd,
    0x1, 0xff, 0xd5, 0xbf, 0xff, 0xce, 0x1f, 0xdf,
    0xff, 0xe7, 0x43, 0xff, 0xad, 0xff, 0xfe, 0x70,
    0xfc, 0xff, 0xff, 0x9c, 0x3f, 0xfa, 0xf7, 0xff,
    0xf9, 0x83, 0xf3, 0xff, 0xfe, 0x70, 0xff, 0xeb,
    0xbf, 0xff, 0xe6, 0xf, 0xd7, 0xff, 0xf9, 0x90,
    0xff, 0xec, 0x7f, 0xff, 0x98, 0x3f, 0x5f, 0xff,
    0xe6, 0xf, 0xfe, 0xcf, 0xff, 0xf9, 0x83, 0xf7,
    0xff, 0xf9, 0xc3, 0xff, 0xb3, 0x7f, 0xff, 0x95,
    0xf, 0xbf, 0xff, 0xcd, 0x7, 0xff, 0x6b, 0xff,
    0xfc, 0xa8, 0x7d, 0xff, 0xfe, 0x64, 0x3f, 0xfb,
    0x5f, 0xff, 0xe5, 0x43, 0xef, 0xff, 0xf3, 0x7,
    0xff, 0x6f, 0xff, 0xfc, 0xa8, 0x79, 0xff, 0xff,
    0x30, 0x7f, 0xf6, 0xef, 0xff, 0xf2, 0x41, 0xe7,
    0xff, 0xfc, 0xb0, 0x7f, 0xf6, 0xef, 0xff, 0xf2,
    0x41, 0xe7, 0xff, 0xfc, 0xb0, 0x7f, 0xf6, 0xdf,
    0xff, 0xf2, 0x41, 0xeb, 0xff, 0xfc, 0xa8, 0x7f,
    0xf7, 0x3f, 0xff, 0xc9, 0x7, 0xaf, 0xff, 0xf2,
    0x87, 0xff, 0x77, 0xff, 0xfc, 0x90, 0x7b, 0xff,
    0xfc, 0xc1, 0xff, 0xdd, 0xff, 0xff, 0x24, 0x1e,
    0xff, 0xff, 0x30, 0x7f, 0xf7, 0x7f, 0xff, 0xc9,
    0x7, 0xbf, 0xff, 0xcb, 0x7, 0xff, 0x77, 0xff,
    0xfc, 0x90, 0x7b, 0xff, 0xfc, 0xa8, 0x7f, 0xf7,
    0x7f, 0xff, 0xc9, 0x7, 0xbf, 0xff, 0xca, 0x87,
    0xff, 0x76, 0xff, 0xff, 0x1c, 0x1c, 0xff, 0xff,
    0x94, 0x3f, 0xfb, 0xd7, 0xff, 0xf8, 0xe0, 0xe7,
    0xff, 0xfc, 0xa1, 0xff, 0xde, 0xbf, 0xff, 0xc7,
    0x7, 0x3f, 0xff, 0xe5, 0xf, 0xfe, 0xf5, 0xff,
    0xfe, 0x38, 0x3a, 0xff, 0xff, 0x28, 0x7f, 0xf7,
    0xaf, 0xff, 0xf1, 0xc1, 0xd7, 0xff, 0xf9, 0x20,
    0xff, 0xef, 0x5f, 0xff, 0xe3, 0x83, 0xaf, 0xff,
    0xf2, 0x41, 0xff, 0xde, 0xff, 0xff, 0x24, 0x1d,
    0xff, 0xfe, 0x54, 0x3f, 0xfb, 0xdf, 0xff, 0xe4,
    0x83, 0xbf, 0xff, 0xca, 0x87, 0xff, 0x7b, 0xff,
    0xfc, 0x88, 0x79, 0xa7, 0xff, 0xf8, 0x43, 0xff,
    0xbf, 0xff, 0xfe, 0x44, 0x3f, 0xf8, 0xa, 0xa7,
    0xff, 0xf6, 0x83, 0xff, 0xbf, 0xff, 0xfe, 0x44,
    0x3f, 0xf8, 0xed, 0x3f, 0xff, 0xa8, 0x1f, 0xfd,
    0xff, 0xff, 0xf2, 0x21, 0xff, 0xcd, 0x55, 0x3f,
    0xff, 0x9a, 0x1f, 0xfd, 0xe7, 0xff, 0xfc, 0x88,
    0x7f, 0xf5, 0x15, 0x7f, 0xff, 0x1c, 0x3f, 0xfb,
    0xcf, 0xff, 0xf9, 0x3, 0xff, 0xb6, 0xaa, 0x7f,
    0xff, 0x0, 0x3f, 0xfb, 0xd7, 0xff, 0xf9, 0x3,
    0xff, 0xc4, 0xab, 0xfa, 0xf, 0xfe, 0xf7, 0xff,
    0xf9, 0x43, 0xff, 0xd2, 0xa0, 0xff, 0xef, 0x7f,
    0xff, 0x94, 0x3f, 0xff, 0xe1, 0xff, 0xca, 0xff,
    0xff, 0x28, 0x7f, 0xff, 0xc3, 0xff, 0x92, 0xff,
    0xff, 0x94, 0x3f, 0xff, 0xe1, 0xff, 0xc9, 0xbf,
    0xff, 0xc9, 0x7, 0xff, 0xfc, 0x3f, 0xf9, 0x3f,
    0xff, 0xe5, 0x83, 0xff, 0xfe, 0x1f, 0xfc, 0x9f,
    0xff, 0xf2, 0xa1, 0xff, 0xff, 0xf, 0xfe, 0x43,
    0xff, 0xfe, 0x54, 0x3f, 0xff, 0xe1, 0xff, 0xc8,
    0xbf, 0xff, 0xca, 0x1f, 0xff, 0xf0, 0xff, 0xe4,
    0xff, 0xff, 0x98, 0x3f, 0xff, 0xe1, 0xff, 0xc9,
    0xff, 0xff, 0x30, 0x7f, 0xff, 0xc3, 0xff, 0x91,
    0x7f, 0xff, 0x98, 0x3f, 0xff, 0xe1, 0xff, 0xc8,
    0xff, 0xff, 0x34, 0x1f, 0xff, 0xf0, 0xff, 0xe3,
    0xbf, 0xff, 0xe6, 0x43, 0xff, 0xfe, 0x1f, 0xfc,
    0x7b, 0xff, 0xfc, 0xc8, 0x7f, 0xff, 0xc3, 0xff,
    0x8f, 0xff, 0xfe, 0x70, 0xff, 0xff, 0x87, 0xff,
    0x1d, 0xff, 0xff, 0x38, 0x7f, 0xff, 0xc3, 0xff,
    0x8f, 0x7f, 0xff, 0x9c, 0x3f, 0xff, 0xe1, 0xff,
    0xc7, 0xff, 0xff, 0x3c, 0x1f, 0xff, 0xf0, 0xff,
    0xe3, 0x3f, 0xff, 0xe7, 0x43, 0xff, 0xfe, 0x1f,
    0xfc, 0x6f, 0xff, 0xf4, 0x7, 0xff, 0xfc, 0x3f,
    0xf8, 0xcf, 0xff, 0xfa, 0x3, 0xff, 0xfe, 0x1f,
    0xfc, 0x6f, 0xff, 0xf4, 0x87, 0xff, 0xfc, 0x3f,
    0xf8, 0xdf, 0xff, 0xe8, 0x83, 0xff, 0xfe, 0x1f,
    0xfc, 0x5b, 0xff, 0xfd, 0x8, 0x7f, 0xff, 0xc3,
    0xff, 0x8b, 0xff, 0xfe, 0x90, 0xff, 0xff, 0x87,
    0xff, 0x16, 0xff, 0xff, 0x48, 0x7f, 0xff, 0xc3,
    0xff, 0x8b, 0xff, 0xfe, 0x98, 0x3f, 0xff, 0xe1,
    0xff, 0xc4, 0xff, 0xff, 0x52, 0x1f, 0xff, 0xf0,
    0xff, 0xe1, 0xbf, 0xff, 0xea, 0xf, 0xff, 0xf8,
    0x7f, 0xf1, 0x3f, 0xff, 0xd6, 0x1f, 0xff, 0xf0,
    0xff, 0xe1, 0xbf, 0xff, 0xea, 0x83, 0xff, 0xfe,
    0x1f, 0xfc, 0x3f, 0xff, 0xf5, 0xa1, 0xff, 0xff,
    0xf, 0xfe, 0x15, 0xff, 0xfe, 0xb0, 0xff, 0xff,
    0x87, 0xff, 0xf, 0xff, 0xfd, 0x81, 0xff, 0xff,
    0xf, 0xfe, 0x15, 0xff, 0xfe, 0xb8, 0x3f, 0xff,
    0xe1, 0xff, 0xc1, 0x7f, 0xff, 0xd8, 0x1f, 0xff,
    0xf0, 0xff, 0xe1, 0x7f, 0xff, 0xb4, 0x3f, 0xff,
    0xe1, 0xff, 0xc1, 0xbf, 0xff, 0xd9, 0x7, 0xff,
    0xfc, 0x3f, 0xf8, 0x3f, 0xff, 0xed, 0xf, 0xff,
    0xf8, 0x7f, 0xf0, 0x7f, 0xff, 0xdc, 0x1f, 0xff,
    0xf0, 0xff, 0xe0, 0x3f, 0xff, 0xed, 0x83, 0xff,
    0xfe, 0x1f, 0xfc, 0xf, 0xff, 0xf7, 0x21, 0xff,
    0xff, 0xf, 0xfa, 0xff, 0xff, 0x70, 0x7f, 0xff,
    0xc3, 0xfe, 0x7f, 0xff, 0xdd, 0x7, 0xff, 0xfc,
    0x3f, 0xef, 0xff, 0xf7, 0x87, 0xff, 0xfc, 0x3f,
    0xeb, 0xff, 0xfd, 0xe1, 0xff, 0xff, 0xf, 0xf3,
    0xff, 0xfe, 0xf4, 0x3f, 0xff, 0xe1, 0xfe, 0xff,
    0xff, 0x80, 0x7f, 0xff, 0xc3, 0xfd, 0x7f, 0xff,
    0xbe, 0xf, 0xff, 0xf8, 0x7f, 0x3f, 0xff, 0xf0,
    0x43, 0xff, 0xfe, 0x1f, 0xdf, 0xff, 0xf1, 0xf,
    0xff, 0xf8, 0x7f, 0x5f, 0xff, 0xf0, 0x43, 0xff,
    0xfe, 0x1f, 0x9f, 0xff, 0xf8, 0x87, 0xff, 0xfc,
    0x3f, 0xbf, 0xff, 0xe3, 0x7, 0xff, 0xfc, 0x3f,
    0x5f, 0xff, 0xf1, 0xf, 0xff, 0xf8, 0x7e, 0x7f,
    0xff, 0xe3, 0x7, 0xff, 0xfc, 0x3f, 0x7f, 0xff,
    0xc8, 0x3f, 0xff, 0xe1, 0xfa, 0xff, 0xff, 0x90,
    0x7f, 0xff, 0xc3, 0xe7, 0xff, 0xfe, 0x48, 0x7f,
    0xff, 0xc3, 0xef, 0xff, 0xf9, 0x87, 0xff, 0xfc,
    0x3e, 0xff, 0xff, 0x9a, 0x1f, 0xff, 0xf0, 0xf5,
    0xff, 0xff, 0x30, 0xff, 0xff, 0x87, 0xdf, 0xff,
    0xf3, 0x43, 0xff, 0xfe, 0x1e, 0xff, 0xff, 0xa0,
    0x7f, 0xff, 0xc3, 0xd7, 0xff, 0xfc, 0xd0, 0xff,
    0xff, 0x87, 0x3f, 0xff, 0xf3, 0x83, 0xff, 0xfe,
    0x1e, 0xff, 0xff, 0xa0, 0x7f, 0xff, 0xc3, 0xd7,
    0xff, 0xfc, 0xe0, 0xff, 0xff, 0x87, 0x3f, 0xff,
    0xf4, 0xf, 0xff, 0xf8, 0x7b, 0xff, 0xfe, 0x90,
    0x7f, 0xff, 0xc3, 0xbf, 0xff, 0xea, 0x1f, 0xff,
    0xf0, 0xeb, 0xff, 0xfe, 0x88, 0x7f, 0xff, 0xc3,
    0xbf, 0xff, 0xea, 0x1f, 0xff, 0xf0, 0xef, 0xff,
    0xfa, 0xa1, 0xff, 0xff, 0xd, 0x7f, 0xff, 0xd2,
    0xf, 0xff, 0xf8, 0x67, 0xff, 0xfe, 0xa1, 0xff,
    0xff, 0xe, 0xff, 0xff, 0xaa, 0x1f, 0xff, 0xf0,
    0xd7, 0xff, 0xfd, 0x43, 0xff, 0xfe, 0x19, 0xff,
    0xff, 0xaa, 0x1f, 0xff, 0xf0, 0xdf, 0xff, 0xf5,
    0x83, 0xff, 0xfe, 0x1a, 0xff, 0xff, 0xa8, 0x7f,
    0xff, 0xc3, 0x3f, 0xff, 0xf5, 0x43, 0xff, 0xfe,
    0x1b, 0xff, 0xfe, 0xb0, 0x7f, 0xff, 0xc3, 0x5f,
    0xff, 0xf5, 0xf, 0xff, 0xf8, 0x67, 0xff, 0xfe,
    0xa8, 0x7f, 0xff, 0xc3, 0x7f, 0xff, 0xd8, 0x3f,
    0xff, 0xe1, 0xaf, 0xff, 0xfa, 0x87, 0xff, 0xfc,
    0x3b, 0xff, 0xfe, 0xa8, 0x7f, 0xff, 0xc3, 0x7f,
    0xff, 0xd8, 0x3f, 0xff, 0xe1, 0x9f, 0xff, 0xfa,
    0x87, 0xff, 0xfc, 0x3b, 0xff, 0xfe, 0xa8, 0x7f,
    0xff, 0xc3, 0x5f, 0xff, 0xf4, 0x83, 0xff, 0xfe,
    0x19, 0xff, 0xff, 0xa8, 0x7f, 0xff, 0xc3, 0xbf,
    0xff, 0xea, 0x87, 0xff, 0xfc, 0x35, 0xff, 0xff,
    0x48, 0x3f, 0xff, 0xe1, 0xdf, 0xff, 0xf5, 0xf,
    0xff, 0xf8, 0x77, 0xff, 0xfd, 0x43, 0xff, 0xfe,
    0x1c, 0xff, 0xff, 0xd1, 0xf, 0xff, 0xf8, 0x77,
    0xff, 0xfd, 0x20, 0xff, 0xff, 0x87, 0x5f, 0xff,
    0xf4, 0xf, 0xff, 0xf8, 0x7b, 0xff, 0xfe, 0x81,
    0xff, 0xff, 0xf, 0x5f, 0xff, 0xf3, 0x43, 0xff,
    0xfe, 0x1c, 0xff, 0xff, 0xce, 0xf, 0xff, 0xf8,
    0x7b, 0xff, 0xfe, 0x81, 0xff, 0xff, 0xf, 0x3f,
    0xff, 0xf3, 0xf, 0xff, 0xf8, 0x7d, 0xff, 0xff,
    0x34, 0x3f, 0xff, 0xe1, 0xeb, 0xff, 0xfe, 0x50,
    0x7f, 0xff, 0xc3, 0xef, 0xff, 0xf9, 0x87, 0xff,
    0xfc, 0x3e, 0xff, 0xff, 0x98, 0x7f, 0xff, 0xc3,
    0xe7, 0xff, 0xfe, 0x48, 0x7f, 0xff, 0xc3, 0xef,
    0xff, 0xf9, 0x41, 0xff, 0xff, 0xf, 0x9f, 0xff,
    0xf9, 0x7, 0xff, 0xfc, 0x3f, 0x7f, 0xff, 0xc8,
    0x3f, 0xff, 0xe1, 0xf9, 0xff, 0xff, 0x8a, 0x1f,
    0xff, 0xf0, 0xfd, 0xff, 0xff, 0x18, 0x3f, 0xff,
    0xe1, 0xfa, 0xff, 0xff, 0x88, 0x7f, 0xff, 0xc3,
    0xfb, 0xff, 0xfe, 0x28, 0x7f, 0xff, 0xc3, 0xf5,
    0xff, 0xff, 0x8, 0x3f, 0xff, 0xe1, 0xfd, 0xff,
    0xff, 0x10, 0xff, 0xff, 0x87, 0xf5, 0xff, 0xff,
    0x0, 0xff, 0xff, 0x87, 0xfb, 0xff, 0xfe, 0x8,
    0x7f, 0xff, 0xc3, 0xfa, 0xff, 0xff, 0x7c, 0x1f,
    0xff, 0xf0, 0xff, 0x7f, 0xff, 0xc0, 0x3f, 0xff,
    0xe1, 0xfe, 0xbf, 0xff, 0xde, 0x1f, 0xff, 0xf0,
    0xff, 0xbf, 0xff, 0xde, 0x87, 0xff, 0xfc, 0x3f,
    0xd7, 0xff, 0xfb, 0xc3, 0xff, 0xfe, 0x1f, 0xf7,
    0xff, 0xfb, 0xc3, 0xff, 0xfe, 0x1f, 0xf5, 0xff,
    0xfe, 0xe4, 0x3f, 0xff, 0xe1, 0xff, 0x7f, 0xff,
    0xbc, 0x3f, 0xff, 0xe1, 0xff, 0x3f, 0xff, 0xee,
    0xf, 0xff, 0xf8, 0x7f, 0xf0, 0x3f, 0xff, 0xdd,
    0x7, 0xff, 0xfc, 0x3f, 0xe7, 0xff, 0xfd, 0xc1,
    0xff, 0xff, 0xf, 0xfe, 0x7, 0xff, 0xfb, 0x83,
    0xff, 0xfe, 0x1f, 0xfc, 0x1f, 0xff, 0xf6, 0xc1,
    0xff, 0xff, 0xf, 0xfe, 0x5, 0xff, 0xfe, 0xd0,
    0xff, 0xff, 0x87, 0xff, 0x7, 0xff, 0xfd, 0xa8,
    0x7f, 0xff, 0xc3, 0xff, 0x81, 0x7f, 0xff, 0xb4,
    0x3f, 0xff, 0xe1, 0xff, 0xc1, 0xff, 0xff, 0x6a,
    0x1f, 0xff, 0xf0, 0xff, 0xe0, 0x3f, 0xff, 0xec,
    0x83, 0xff, 0xfe, 0x1f, 0xfc, 0x1f, 0xff, 0xf6,
    0x87, 0xff, 0xfc, 0x3f, 0xf8, 0x5f, 0xff, 0xec,
    0x83, 0xff, 0xfe, 0x1f, 0xfc, 0x1b, 0xff, 0xfd,
    0x81, 0xff, 0xff, 0xf, 0xfe, 0x17, 0xff, 0xfb,
    0x10, 0xff, 0xff, 0x87, 0xff, 0x5, 0xff, 0xff,
    0x60, 0x7f, 0xff, 0xc3, 0xff, 0x85, 0x7f, 0xff,
    0xad, 0xf, 0xff, 0xf8, 0x7f, 0xf0, 0xbf, 0xff,
    0xd7, 0x7, 0xff, 0xfc, 0x3f, 0xf8, 0x4f, 0xff,
    0xfa, 0xc3, 0xff, 0xfe, 0x1f, 0xfc, 0x3f, 0xff,
    0xf5, 0xc1, 0xff, 0xff, 0xf, 0xfe, 0x1f, 0xff,
    0xfa, 0xeb, 0xff, 0xff, 0x7, 0xff, 0x9, 0xff,
    0xff, 0xff, 0xff, 0xfb, 0x3, 0xff, 0x85, 0xff,
    0xff, 0xff, 0xff, 0xf6, 0x87, 0xff, 0xb, 0xff,
    0xff, 0xff, 0xff, 0xed, 0xf, 0xfe, 0xb, 0xff,
    0xff, 0xff, 0xff, 0xf6, 0x87, 0xff, 0x7, 0xff,
    0xff, 0xff, 0xff, 0xee, 0xf, 0xfe, 0xf, 0xff,
    0xff, 0xff, 0xff, 0xdc, 0x1f, 0xfc, 0x7, 0xff,
    0xff, 0xff, 0xff, 0xee, 0xf, 0xfe, 0x5, 0xff,
    0xff, 0xff, 0xff, 0xf7, 0x7, 0xff, 0x3, 0xff,
    0xff, 0xff, 0xff, 0xef, 0xf, 0xf9, 0xff, 0xff,
    0xff, 0xff, 0xfb, 0xc3, 0xfe, 0xbf, 0xff, 0xff,
    0xff, 0xfe, 0xf0, 0xff, 0xbf, 0xff, 0xff, 0xff,
    0xff, 0x0, 0xff, 0xbf, 0xff, 0xff, 0xff, 0xff,
    0x0, 0xff, 0x3f, 0xff, 0xff, 0xff, 0xff, 0x80,
    0x7f, 0xaf, 0xff, 0xff, 0xff, 0xff, 0xc0, 0x3f,
    0xdf, 0xff, 0xff, 0xff, 0xff, 0x88, 0x7f, 0x3f,
    0xff, 0xff, 0xff, 0xff, 0x88, 0x7f, 0x5f, 0xff,
    0xff, 0xff, 0xff, 0x88, 0x7f, 0x7f, 0xff, 0xff,
    0xff, 0xfe, 0x41, 0xfd, 0xff, 0xff, 0xff, 0xff,
    0xf9, 0x7, 0xe7, 0xff, 0xff, 0xff, 0xff, 0xf2,
    0xf, 0xd7, 0xff, 0xff, 0xff, 0xff, 0xe4, 0x1f,
    0xbf, 0xff, 0xff, 0xff, 0xff, 0x30, 0xfd, 0xff,
    0xff, 0xff, 0xff, 0xf9, 0x87, 0xcf, 0xff, 0xff,
    0xff, 0xff, 0xe6, 0x1f, 0x5f, 0xff, 0xff, 0xff,
    0xff, 0x98, 0x7d, 0xff, 0xff, 0xff, 0xff, 0xfa,
    0x7, 0xdf, 0xff, 0xff, 0xff, 0xff, 0xa0, 0x7d,
    0xff, 0xff, 0xff, 0xff, 0xfa, 0x7, 0x9f, 0xff,
    0xff, 0xff, 0xff, 0xd0, 0x3d, 0x7f, 0xff, 0xff,
    0xff, 0xfe, 0x81, 0xef, 0xff, 0xff, 0xff, 0xff,
    0xd4, 0x3d, 0xff, 0xff, 0xff, 0xff, 0xfa, 0x87,
    0x3f, 0xff, 0xff, 0xff, 0xff, 0xa8, 0x73, 0xff,
    0xff, 0xff, 0xff, 0xfa, 0x87, 0x5f, 0xff, 0xff,
    0xff, 0xff, 0xa8, 0x77, 0xff, 0xff, 0xff, 0xff,
    0xec, 0x1d, 0xff, 0xff, 0xff, 0xff, 0xfb, 0x7,
    0x7f, 0xff, 0xff, 0xff, 0xfe, 0xc1, 0x9f, 0xff,
    0xff, 0xff, 0xff, 0xd8, 0x35, 0xff, 0xff, 0xff,
    0xff, 0xfb, 0x6, 0xff, 0xff, 0xff, 0xff, 0xfd,
    0xc3, 0x7f, 0xff, 0xff, 0xff, 0xfe, 0xe1, 0xbf,
    0xff, 0xff, 0xff, 0xff, 0x70, 0x9f, 0xff, 0xff,
    0xff, 0xff, 0xdc, 0x27, 0xff, 0xff, 0xff, 0xff,
    0xf7, 0xa, 0xff, 0xff, 0xff, 0xff, 0xfd, 0xc2,
    0xbf, 0xff, 0xff, 0xff, 0xff, 0x70, 0xbf, 0xff,
    0xff, 0xff, 0xff, 0x80, 0xbf, 0xff, 0xff, 0xff,
    0xff, 0x80, 0xbf, 0xff, 0xff, 0xff, 0xff, 0x80,
    0x3f, 0xff, 0xff, 0xff, 0xff, 0xc0, 0x1f, 0xff,
    0xff, 0xff, 0xff, 0xe0, 0x17, 0xff, 0xff, 0xff,
    0xff, 0xf0, 0xb, 0xff, 0xff, 0xff, 0xff, 0xf8,
    0x7, 0xff, 0xff, 0xff, 0xff, 0xf2, 0xf, 0xff,
    0xff, 0xff, 0xff, 0xe4, 0x1f, 0xff, 0xff, 0xff,
    0xff, 0xc8, 0x3f, 0xff, 0xff, 0xff, 0xff, 0x90,
    0x7f, 0xff, 0xff, 0xff, 0xff, 0x23, 0xff, 0xff,
    0xff, 0xff, 0xfc, 0x8f, 0xff, 0xff, 0xff, 0xff,
    0xf2, 0x5f, 0xff, 0xff, 0xff, 0xff, 0xc9, 0x7f,
    0xff, 0xff, 0xff, 0xff, 0x27, 0xff, 0xff, 0xff,
    0xff, 0xf4, 0x7f, 0xff, 0xff, 0xff, 0xff, 0x47,
    0xff, 0xff, 0xff, 0xff, 0xf4, 0x7f, 0xff, 0xff,
    0xff, 0xff, 0x47, 0xff, 0xff, 0xff, 0xff, 0xf4,
    0x7f, 0xff, 0xff, 0xff, 0xff, 0x47, 0xff, 0xff,
    0xff, 0xff, 0xf4, 0xff, 0xff, 0xff, 0xff, 0xff,
    0x4f, 0xff, 0xff, 0xff, 0xff, 0xf4, 0xff, 0xff,
    0xff, 0xff, 0xff, 0x40,

    /* U+0033 "3" */
    0xf, 0xff, 0x92, 0xab, 0xbf, 0x57, 0x2c, 0x1f,
    0xff, 0xf0, 0xff, 0xf0, 0xb4, 0xff, 0xfe, 0x6d,
    0x10, 0xff, 0xff, 0x87, 0xff, 0x61, 0xff, 0xfe,
    0xbc, 0x87, 0xff, 0xfc, 0x3f, 0xfa, 0x37, 0xff,
    0xf7, 0xa4, 0x3f, 0xff, 0xe1, 0xff, 0xca, 0x7f,
    0xff, 0xc8, 0x87, 0xff, 0xfc, 0x3f, 0xf8, 0xd7,
    0xff, 0xfa, 0x20, 0xff, 0xff, 0x87, 0xff, 0xa,
    0xff, 0xff, 0x6a, 0x1f, 0xff, 0xf0, 0xfe, 0x7f,
    0xff, 0xe1, 0x7, 0xff, 0xfc, 0x3c, 0xff, 0xff,
    0xd2, 0xf, 0xff, 0xf8, 0x57, 0xff, 0xfd, 0xd0,
    0xff, 0xff, 0xff, 0xff, 0xea, 0xf, 0xff, 0xe3,
    0xff, 0xff, 0xd0, 0xff, 0xfd, 0x5f, 0xff, 0xff,
    0xf, 0xff, 0xc5, 0xff, 0xff, 0xff, 0x21, 0xff,
    0xf5, 0xff, 0xff, 0xff, 0xf2, 0x1f, 0xff, 0x3f,
    0xff, 0xff, 0xff, 0xc8, 0x7f, 0xfc, 0x7f, 0xff,
    0xff, 0xff, 0xc8, 0x7f, 0xfb, 0xff, 0xff, 0xff,
    0xff, 0xf2, 0x1f, 0xfe, 0xdb, 0xff, 0xff, 0xff,
    0xff, 0xc0, 0x43, 0xff, 0xd7, 0x7f, 0xff, 0xff,
    0xff, 0xf8, 0x41, 0xff, 0xea, 0x7f, 0xff, 0xff,
    0xff, 0xfc, 0x40, 0xff, 0xf4, 0xff, 0xff, 0xff,
    0xff, 0xf8, 0xb0, 0x7f, 0xf9, 0xff, 0xff, 0xff,
    0xff, 0xfc, 0x70, 0xff, 0xf3, 0x5f, 0xff, 0xff,
    0xff, 0xfe, 0x40, 0x7f, 0xf9, 0x1f, 0xff, 0xff,
    0xff, 0xff, 0x26, 0xf, 0xff, 0x1f, 0xff, 0xff,
    0xff, 0xff, 0x96, 0x1f, 0xfe, 0x2b, 0xff, 0xff,
    0xff, 0xff, 0xcc, 0xf, 0xff, 0x3, 0xff, 0xff,
    0xff, 0xff, 0xe6, 0xa1, 0xff, 0xdf, 0xff, 0xff,
    0xff, 0xff, 0xf3, 0xc3, 0xff, 0xbd, 0x7f, 0xff,
    0xff, 0xff, 0xf9, 0xf0, 0x7f, 0xf7, 0x7f, 0xff,
    0xff, 0xff, 0xfd, 0x10, 0xff, 0xee, 0x5f, 0xff,
    0xff, 0xff, 0xfe, 0x8c, 0x1f, 0xfd, 0xa7, 0xff,
    0xff, 0xff, 0xff, 0xd3, 0xf, 0xfe, 0xd7, 0xff,
    0xff, 0xff, 0xff, 0xa8, 0x87, 0xff, 0x61, 0xff,
    0xff, 0xff, 0xff, 0xf5, 0x43, 0xff, 0xb1, 0xff,
    0xff, 0xff, 0xff, 0xeb, 0x21, 0xff, 0xd6, 0x7f,
    0xff, 0xff, 0xff, 0xfd, 0x70, 0xff, 0xeb, 0x7f,
    0xff, 0xff, 0xff, 0xfb, 0x8, 0x7f, 0xf5, 0x7f,
    0xff, 0xff, 0xff, 0xfd, 0x88, 0x3f, 0xfa, 0x97,
    0xff, 0xff, 0xff, 0xff, 0xb2, 0x1f, 0xfd, 0x4f,
    0xff, 0xff, 0xff, 0xff, 0x69, 0xf, 0xfe, 0x95,
    0xff, 0xff, 0xff, 0xff, 0xed, 0x87, 0xff, 0x4b,
    0xff, 0xff, 0xff, 0xff, 0xdc, 0xf, 0xfe, 0x8b,
    0xff, 0xff, 0xff, 0xff, 0xee, 0x41, 0xff, 0xd0,
    0xff, 0xff, 0xff, 0xff, 0xf7, 0x83, 0xff, 0xa1,
    0xff, 0xff, 0xff, 0xff, 0xef, 0x7, 0xff, 0x3e,
    0xff, 0xff, 0xff, 0xff, 0xf7, 0x90, 0xff, 0xe7,
    0x7f, 0xff, 0xff, 0xff, 0xfc, 0x1, 0xff, 0xcd,
    0x7f, 0xff, 0xff, 0xff, 0xfe, 0x0, 0xff, 0xe6,
    0xdf, 0xff, 0xff, 0xff, 0xff, 0x2, 0x1f, 0xfc,
    0xcf, 0xff, 0xff, 0xff, 0xff, 0x86, 0xf, 0xfe,
    0x67, 0xff, 0xff, 0xff, 0xff, 0xc4, 0x1f, 0xfc,
    0xbb, 0xff, 0xff, 0xff, 0xff, 0xe2, 0xf, 0xfe,
    0x5f, 0xff, 0xff, 0xff, 0xff, 0xc6, 0x87, 0xff,
    0x2b, 0xff, 0xff, 0xff, 0xff, 0xe3, 0x83, 0xff,
    0x92, 0xff, 0xff, 0xff, 0xff, 0xfc, 0x81, 0xff,
    0xc9, 0xff, 0xff, 0xff, 0xff, 0xf9, 0x43, 0xff,
    0x93, 0xff, 0xfe, 0xd9, 0xe, 0x6f, 0xff, 0xf7,
    0x7, 0xff, 0x21, 0xff, 0xff, 0x58, 0x7f, 0xf0,
    0x2f, 0xff, 0xf6, 0x21, 0xff, 0xc7, 0xbf, 0xff,
    0xd2, 0x87, 0xff, 0xf, 0xff, 0xfd, 0x70, 0x7f,
    0xf1, 0xff, 0xff, 0xd2, 0x1f, 0xfc, 0x6b, 0xff,
    0xfd, 0x41, 0xff, 0xc7, 0xff, 0xff, 0x40, 0x7f,
    0xf2, 0x2f, 0xff, 0xf4, 0x87, 0xff, 0x19, 0xff,
    0xff, 0x38, 0x7f, 0xf2, 0xbf, 0xff, 0xd2, 0x1f,
    0xfc, 0x6b, 0xff, 0xfc, 0xc8, 0x7f, 0xf2, 0xff,
    0xff, 0xd0, 0x1f, 0xfc, 0x6f, 0xff, 0xf3, 0x41,
    0xff, 0xcc, 0x7f, 0xff, 0xce, 0x87, 0xff, 0x17,
    0xff, 0xfc, 0xc1, 0xff, 0xce, 0xff, 0xff, 0x3c,
    0x1f, 0xfc, 0x47, 0xff, 0xfc, 0xa8, 0x7f, 0xf3,
    0x9f, 0xff, 0xf3, 0x41, 0xff, 0xc4, 0xbf, 0xff,
    0xca, 0x1f, 0xfd, 0xf, 0xff, 0xf3, 0x87, 0xff,
    0x13, 0xff, 0xfc, 0xa8, 0x7f, 0xf4, 0x2f, 0xff,
    0xf3, 0x7, 0xff, 0x13, 0xff, 0xfc, 0xa1, 0xff,
    0xd2, 0xff, 0xff, 0x30, 0x7f, 0xf1, 0x3f, 0xff,
    0xc9, 0x7, 0xff, 0x4a, 0xff, 0xff, 0x28, 0x7f,
    0xf0, 0xdf, 0xff, 0xf2, 0x7, 0xff, 0x4d, 0xff,
    0xff, 0x28, 0x7f, 0xf0, 0xef, 0xff, 0xf2, 0x7,
    0xff, 0x53, 0xff, 0xfc, 0xa1, 0xff, 0xc3, 0xff,
    0xff, 0x22, 0x1f, 0xfd, 0x4f, 0xff, 0xf2, 0xa1,
    0xff, 0xc2, 0xff, 0xff, 0x20, 0x7f, 0xf5, 0x6f,
    0xff, 0xf2, 0x21, 0xff, 0xc2, 0xff, 0xff, 0x20,
    0x7f, 0xf5, 0x5f, 0xff, 0xf2, 0x21, 0xff, 0xc1,
    0x7f, 0xff, 0xc7, 0x7, 0xff, 0x5b, 0xff, 0xfc,
    0x90, 0x7f, 0xf0, 0x5f, 0xff, 0xf1, 0xa1, 0xff,
    0xd6, 0xff, 0xff, 0x24, 0x1f, 0xfc, 0x1b, 0xff,
    0xfc, 0x61, 0xff, 0xd7, 0xff, 0xff, 0x24, 0x1f,
    0xfc, 0x1f, 0xff, 0xf2, 0x7, 0xff, 0x5e, 0xff,
    0xff, 0x1c, 0x1f, 0xfc, 0x1f, 0xff, 0xf1, 0xc1,
    0xff, 0xd7, 0x7f, 0xff, 0xc7, 0x7, 0xff, 0x7,
    0xff, 0xfc, 0x70, 0x7f, 0xf5, 0xdf, 0xff, 0xf1,
    0xc1, 0xff, 0xc0, 0x7f, 0xff, 0xc6, 0x87, 0xff,
    0x63, 0xff, 0xfc, 0x70, 0x7f, 0xf0, 0x1f, 0xff,
    0xf1, 0x87, 0xff, 0x67, 0xff, 0xfc, 0x70, 0x7f,
    0xf0, 0x2f, 0xff, 0xf1, 0x87, 0xff, 0x67, 0xff,
    0xfc, 0x70, 0x7f, 0xf0, 0x2f, 0xff, 0xf1, 0x87,
    0xff, 0x67, 0xff, 0xfc, 0x70, 0x7f, 0xf0, 0x9b,
    0xff, 0xfb, 0xf0, 0x7f, 0xf6, 0x7f, 0xff, 0xc7,
    0x7, 0xff, 0x15, 0xbf, 0xff, 0xb9, 0x7, 0xff,
    0x67, 0xff, 0xfc, 0x70, 0x7f, 0xf2, 0x1b, 0xff,
    0xfb, 0x28, 0x7f, 0xf6, 0x7f, 0xff, 0xc7, 0x7,
    0xff, 0x2d, 0xbf, 0xff, 0xac, 0x87, 0xff, 0x67,
    0xff, 0xfc, 0x70, 0x7f, 0xf3, 0x9b, 0xff, 0xfa,
    0x61, 0xff, 0xda, 0xff, 0xff, 0x1c, 0x1f, 0xfd,
    0x16, 0xff, 0xfe, 0x80, 0x7f, 0xf6, 0xbf, 0xff,
    0xc7, 0x7, 0xff, 0x51, 0xff, 0xfe, 0x70, 0x7f,
    0xf6, 0xbf, 0xff, 0xc6, 0x87, 0xff, 0x5d, 0xff,
    0xfe, 0x58, 0x7f, 0xf6, 0xbf, 0xff, 0xc6, 0x87,
    0xff, 0x69, 0xff, 0xfe, 0x3c, 0x1f, 0xfd, 0xaf,
    0xff, 0xf1, 0xa1, 0xff, 0xdd, 0x7f, 0xff, 0x89,
    0x7, 0xff, 0x6b, 0xff, 0xfc, 0x68, 0x7f, 0xf8,
    0x1f, 0xff, 0xe0, 0xa1, 0xff, 0xda, 0xff, 0xff,
    0x18, 0x7f, 0xf9, 0x1f, 0xff, 0x21, 0xff, 0xd9,
    0x7f, 0xff, 0xc6, 0x1f, 0xfe, 0x7b, 0xfe, 0x43,
    0xff, 0xb2, 0xff, 0xff, 0x8c, 0x3f, 0xfd, 0x57,
    0xe0, 0xff, 0xed, 0x5f, 0xff, 0xe3, 0xf, 0xff,
    0x6d, 0x87, 0xff, 0x6b, 0xff, 0xfc, 0x81, 0xff,
    0xff, 0xf, 0xfe, 0x57, 0xff, 0xf8, 0xe0, 0xff,
    0xff, 0x87, 0xff, 0x2b, 0xff, 0xfc, 0x70, 0x7f,
    0xff, 0xc3, 0xff, 0x92, 0xff, 0xff, 0x8d, 0xf,
    0xff, 0xf8, 0x7f, 0xf2, 0x5f, 0xff, 0xf1, 0xa1,
    0xff, 0xff, 0xf, 0xfe, 0x4f, 0xff, 0xf9, 0x3,
    0xff, 0xfe, 0x1f, 0xfc, 0xaf, 0xff, 0xf2, 0x7,
    0xff, 0xfc, 0x3f, 0xf9, 0x2f, 0xff, 0xf8, 0xe0,
    0xff, 0xff, 0x87, 0xff, 0x26, 0xff, 0xff, 0x1c,
    0x1f, 0xff, 0xf0, 0xff, 0xe4, 0xff, 0xff, 0x91,
    0xf, 0xff, 0xf8, 0x7f, 0xf2, 0x1f, 0xff, 0xf2,
    0x7, 0xff, 0xfc, 0x3f, 0xf9, 0x37, 0xff, 0xf9,
    0x3, 0xff, 0xfe, 0x1f, 0xfc, 0x9f, 0xff, 0xf2,
    0x41, 0xff, 0xff, 0xf, 0xfe, 0x45, 0xff, 0xfe,
    0x48, 0x3f, 0xff, 0xe1, 0xff, 0xc8, 0xff, 0xff,
    0x2a, 0x1f, 0xff, 0xf0, 0xff, 0xe3, 0xdf, 0xff,
    0xe5, 0xf, 0xff, 0xf8, 0x7f, 0xf2, 0x3f, 0xff,
    0xcb, 0x7, 0xff, 0xfc, 0x3f, 0xf8, 0xf7, 0xff,
    0xf9, 0x50, 0xff, 0xff, 0x87, 0xff, 0x1f, 0xff,
    0xfc, 0xc1, 0xff, 0xff, 0xf, 0xfe, 0x3d, 0xff,
    0xfe, 0x60, 0xff, 0xff, 0x87, 0xff, 0x19, 0xff,
    0xff, 0x34, 0x1f, 0xff, 0xf0, 0xff, 0xe3, 0x7f,
    0xff, 0x9c, 0x3f, 0xff, 0xe1, 0xff, 0xc6, 0xff,
    0xff, 0x40, 0x7f, 0xff, 0xc3, 0xff, 0x8b, 0xff,
    0xfe, 0x88, 0x3f, 0xff, 0xe1, 0xff, 0xc4, 0xff,
    0xff, 0x48, 0x7f, 0xff, 0xc3, 0xff, 0x89, 0xff,
    0xfe, 0xa0, 0xff, 0xff, 0x87, 0xff, 0x9, 0xff,
    0xff, 0x52, 0x1f, 0xff, 0xf0, 0xff, 0xe0, 0x3f,
    0xff, 0xec, 0xf, 0xff, 0xf8, 0xfa, 0x8b, 0xa9,
    0xff, 0xfe, 0xd8, 0x3f, 0xff, 0xe3, 0xff, 0xff,
    0x70, 0xff, 0xff, 0x82, 0xff, 0xff, 0xb4, 0x1f,
    0xff, 0xf0, 0x5f, 0xff, 0xf6, 0xf, 0xff, 0xf8,
    0x57, 0xff, 0xfd, 0x60, 0xff, 0xff, 0x85, 0x7f,
    0xff, 0xd4, 0x3f, 0xff, 0xe1, 0xaf, 0xff, 0xfa,
    0x41, 0xff, 0xff, 0xd, 0x7f, 0xff, 0xd0, 0x3f,
    0xff, 0xe1, 0xdf, 0xff, 0xf4, 0x83, 0xff, 0xfe,
    0x1d, 0xff, 0xff, 0x40, 0xff, 0xff, 0x87, 0xbf,
    0xff, 0xe6, 0x87, 0xff, 0xfc, 0x3d, 0xff, 0xff,
    0x30, 0xff, 0xff, 0x87, 0xdf, 0xff, 0xf2, 0xf,
    0xff, 0xf8, 0x7e, 0xff, 0xff, 0x8c, 0x1f, 0xff,
    0xf0, 0xfd, 0xff, 0xff, 0x10, 0xff, 0xff, 0x87,
    0xf7, 0xff, 0xfc, 0x3, 0xff, 0xfe, 0x1f, 0xef,
    0xff, 0xf7, 0xa1, 0xff, 0xff, 0xf, 0xf7, 0xff,
    0xfb, 0xa0, 0xff, 0xff, 0x87, 0xfd, 0xff, 0xfe,
    0xe0, 0xff, 0xff, 0x87, 0xff, 0x3, 0xff, 0xfd,
    0xa8, 0x7f, 0xff, 0xc3, 0xfe, 0x7f, 0xff, 0xd8,
    0x87, 0xff, 0xfc, 0x3f, 0xf8, 0xf, 0xff, 0xfa,
    0xd0, 0xff, 0xff, 0x87, 0xff, 0x5, 0xff, 0xff,
    0x54, 0x1f, 0xff, 0xf0, 0xff, 0xe1, 0x3f, 0xff,
    0xe9, 0x83, 0xff, 0xfe, 0x1f, 0xfc, 0x37, 0xff,
    0xfd, 0x21, 0xff, 0xff, 0xf, 0xfe, 0x23, 0xff,
    0xfe, 0x80, 0xff, 0xff, 0x87, 0xff, 0x16, 0xff,
    0xff, 0x4a, 0x1f, 0xff, 0xf0, 0xff, 0xe1, 0xdf,
    0xff, 0xeb, 0x43, 0xff, 0xfe, 0x1f, 0xfc, 0x1b,
    0xff, 0xfd, 0xa1, 0xff, 0xff, 0xf, 0xfe, 0x5,
    0xff, 0xfe, 0xe8, 0x3f, 0xff, 0xe1, 0xfe, 0xbf,
    0xff, 0xe0, 0x87, 0xff, 0xfc, 0x3f, 0x5f, 0xff,
    0xf1, 0x83, 0xff, 0xfe, 0x1f, 0x7f, 0xff, 0xd0,
    0x3f, 0xff, 0xe1, 0xef, 0xff, 0xfa, 0x87, 0xff,
    0xfc, 0x3b, 0xff, 0xfe, 0xc1, 0xff, 0xff, 0xd,
    0xff, 0xff, 0x70, 0xff, 0xff, 0x85, 0xff, 0xff,
    0x80, 0xff, 0xff, 0x83, 0xff, 0xff, 0x21, 0xff,
    0xff, 0x3f, 0xff, 0xf3, 0x7, 0xff, 0xff, 0xff,
    0xff, 0x48, 0x7f, 0xff, 0xbf, 0xff, 0xf6, 0x1f,
    0xff, 0xef, 0xff, 0xfe, 0x7, 0xff, 0xf7, 0xff,
    0xff, 0x90, 0x7f, 0xff, 0x3f, 0xff, 0xfa, 0x1f,
    0xff, 0xcf, 0xff, 0xff, 0x7, 0xff, 0xe9, 0xff,
    0xff, 0xf2, 0x1f, 0xff, 0x97, 0xff, 0xff, 0xe1,
    0xff, 0xf9, 0x7f, 0xff, 0xff, 0x7, 0xff, 0xe1,
    0xff, 0xff, 0xfe, 0x1f, 0xff, 0x87, 0xff, 0xff,
    0xfc, 0x1f, 0xff, 0x77, 0xff, 0xff, 0xfe, 0xf,
    0xff, 0xbd, 0xff, 0xff, 0xff, 0x21, 0xff, 0xf6,
    0xbf, 0xff, 0xff, 0xf0, 0x7f, 0xfd, 0xaf, 0xff,
    0xff, 0xfc, 0x87, 0xff, 0xd6, 0xff, 0xff, 0xff,
    0xe0, 0xff, 0xfa, 0xdf, 0xff, 0xff, 0xfc, 0x87,
    0xff, 0xd2, 0xff, 0xff, 0xff, 0xe8, 0x3f, 0xfe,
    0x9f, 0xff, 0xff, 0xff, 0x7, 0xff, 0xd3, 0xff,
    0xff, 0xff, 0xe4, 0x3f, 0xfe, 0x7f, 0xff, 0xc3,
    0xbf, 0xff, 0xeb, 0x7, 0xff, 0xcf, 0xff, 0xd2,
    0x1f, 0x9f, 0xff, 0xf8, 0x87, 0xff, 0xcf, 0xfe,
    0x83, 0xff, 0x87, 0x7f, 0xff, 0xb9, 0xf, 0xff,
    0x97, 0xf2, 0x1f, 0xfc, 0x67, 0xff, 0xfd, 0xb0,
    0x7f, 0xfc, 0xbe, 0x43, 0xff, 0x95, 0xff, 0xfe,
    0xd0, 0xff, 0xf9, 0x68, 0x7f, 0xf3, 0x7f, 0xff,
    0xd8, 0x87, 0xff, 0xfc, 0x3f, 0xf8, 0x5f, 0xff,
    0xeb, 0x83, 0xff, 0xfe, 0x1f, 0xfc, 0x3f, 0xff,
    0xf5, 0x87, 0xff, 0xfc, 0x3f, 0xf8, 0x6f, 0xff,
    0xfa, 0x83, 0xff, 0xfe, 0x1f, 0xfc, 0x4b, 0xff,
    0xfd, 0x28, 0x7f, 0xff, 0xc3, 0xff, 0x89, 0xff,
    0xfe, 0x94, 0x3f, 0xff, 0xe1, 0xff, 0xc4, 0x7f,
    0xff, 0xd1, 0x7, 0xff, 0xfc, 0x3f, 0xf8, 0xb7,
    0xff, 0xfa, 0x3, 0xff, 0xfe, 0x1f, 0xfc, 0x6f,
    0xff, 0xf4, 0x7, 0xff, 0xfc, 0x3f, 0xf8, 0xdf,
    0xff, 0xe8, 0x43, 0xff, 0xfe, 0x1f, 0xfc, 0x57,
    0xff, 0xfc, 0xe8, 0x7f, 0xff, 0xc3, 0xff, 0x8d,
    0xff, 0xfe, 0x78, 0x3f, 0xff, 0xe1, 0xff, 0xc6,
    0xbf, 0xff, 0xce, 0x1f, 0xff, 0xf0, 0xff, 0xe3,
    0xff, 0xff, 0x9c, 0x3f, 0xff, 0xe1, 0xff, 0xc7,
    0xff, 0xff, 0x38, 0x7f, 0xff, 0xc3, 0xff, 0x8f,
    0x7f, 0xff, 0x98, 0x3f, 0xff, 0xe1, 0xff, 0xc7,
    0x7f, 0xff, 0xcc, 0x87, 0xff, 0xfc, 0x3f, 0xf8,
    0xff, 0xff, 0xe6, 0x83, 0xff, 0xfe, 0x1f, 0xfc,
    0x7b, 0xff, 0xfc, 0xb0, 0x7f, 0xff, 0xc3, 0xff,
    0x8e, 0xff, 0xff, 0x96, 0xf, 0xff, 0xf8, 0x7f,
    0xf1, 0xdf, 0xff, 0xf3, 0x7, 0xff, 0xfc, 0x3f,
    0xf9, 0x1f, 0xff, 0xe6, 0xf, 0xff, 0xf8, 0x7f,
    0xf2, 0x3f, 0xff, 0xcc, 0x1f, 0xff, 0xf0, 0xff,
    0xe4, 0x5f, 0xff, 0xe5, 0xf, 0xff, 0xf8, 0x7f,
    0xf2, 0x1f, 0xff, 0xf2, 0x87, 0xff, 0xfc, 0x3f,
    0xf9, 0xf, 0xff, 0xf9, 0x43, 0xff, 0xfe, 0x1f,
    0xfc, 0x9f, 0xff, 0xf2, 0xa1, 0xff, 0xff, 0xf,
    0xfe, 0x47, 0xff, 0xf9, 0x50, 0xff, 0xff, 0x87,
    0xff, 0x23, 0xff, 0xfc, 0xa8, 0x7f, 0xff, 0xc3,
    0xff, 0x91, 0xff, 0xfe, 0x54, 0x3f, 0xff, 0xe1,
    0xff, 0xc8, 0xbf, 0xff, 0xc9, 0x7, 0xff, 0xfc,
    0x3f, 0xf9, 0x17, 0xff, 0xf9, 0x20, 0xff, 0xff,
    0x87, 0xff, 0x21, 0xff, 0xff, 0x24, 0x1f, 0xff,
    0xf0, 0xff, 0xe4, 0x3f, 0xff, 0xe4, 0x83, 0xff,
    0xfe, 0x1f, 0xfc, 0x87, 0xff, 0xfc, 0x90, 0x7f,
    0xff, 0xc3, 0xff, 0x90, 0xff, 0xff, 0x92, 0xf,
    0xff, 0xf8, 0x7f, 0xf2, 0x7f, 0xff, 0xc9, 0x7,
    0xff, 0xfc, 0x3f, 0xf9, 0x3f, 0xff, 0xe4, 0x83,
    0xff, 0xfe, 0x1f, 0xfc, 0x9f, 0xff, 0xf2, 0x41,
    0xff, 0xff, 0xf, 0xfe, 0x4f, 0xff, 0xf9, 0x20,
    0xff, 0xff, 0x87, 0xff, 0x27, 0xff, 0xfc, 0x90,
    0x7f, 0xff, 0xc3, 0xff, 0x93, 0xff, 0xfe, 0x48,
    0x3f, 0xff, 0xe1, 0xff, 0xc9, 0xff, 0xff, 0x24,
    0x1f, 0xff, 0xf0, 0xff, 0xe4, 0xff, 0xff, 0x92,
    0xf, 0xff, 0x1b, 0x7, 0xff, 0x8f, 0xff, 0xfc,
    0x90, 0x7f, 0xf7, 0xdb, 0xf0, 0x7f, 0xf8, 0xff,
    0xff, 0xc9, 0x7, 0xff, 0x6d, 0xbf, 0xf2, 0x1f,
    0xfe, 0x2f, 0xff, 0xf2, 0x41, 0xff, 0xd7, 0x6f,
    0xff, 0xe0, 0x21, 0xff, 0xe2, 0xff, 0xff, 0x24,
    0x1f, 0xfd, 0x36, 0xff, 0xfe, 0x24, 0x1f, 0xfe,
    0x2f, 0xff, 0xf2, 0x21, 0xff, 0xcf, 0x6f, 0xff,
    0xe4, 0x41, 0xff, 0xe2, 0xff, 0xff, 0x22, 0x1f,
    0xfc, 0xb6, 0xff, 0xfe, 0x64, 0x1f, 0xfe, 0x2f,
    0xff, 0xf2, 0x21, 0xff, 0xc7, 0x6f, 0xff, 0xe8,
    0x87, 0xff, 0x8b, 0xff, 0xfc, 0x88, 0x7f, 0xf0,
    0xdb, 0xff, 0xfa, 0xa1, 0xff, 0xe1, 0x7f, 0xff,
    0xc8, 0x87, 0xfc, 0xdf, 0xff, 0xd9, 0xf, 0xff,
    0xb, 0xff, 0xfe, 0x40, 0xfc, 0xdf, 0xff, 0xdd,
    0x43, 0xff, 0xc0, 0xff, 0xff, 0x90, 0x33, 0x7f,
    0xff, 0x85, 0xf, 0xff, 0x5, 0xff, 0xfe, 0x41,
    0xff, 0xff, 0x2c, 0x1f, 0xfe, 0xb, 0xff, 0xfc,
    0x83, 0xff, 0xfe, 0x58, 0x3f, 0xfc, 0x17, 0xff,
    0xf9, 0x1, 0xff, 0xfe, 0x60, 0xff, 0xf0, 0x7f,
    0xff, 0x92, 0x7, 0xff, 0xf9, 0x83, 0xff, 0xc1,
    0xff, 0xfe, 0x48, 0x1f, 0xff, 0xe6, 0xf, 0xff,
    0x7, 0xff, 0xf9, 0x20, 0x5f, 0xff, 0xe5, 0x43,
    0xff, 0xbc, 0xff, 0xff, 0x91, 0x3, 0xff, 0xfe,
    0x58, 0x3f, 0xfb, 0xcf, 0xff, 0xf9, 0x10, 0x3f,
    0xff, 0xe6, 0xf, 0xfe, 0xf5, 0xff, 0xfe, 0x40,
    0xdf, 0xff, 0xe6, 0xf, 0xfe, 0xf5, 0xff, 0xfe,
    0x40, 0xdf, 0xff, 0xe6, 0xf, 0xfe, 0xf7, 0xff,
    0xf9, 0x43, 0x5f, 0xff, 0xe5, 0x43, 0xff, 0xbb,
    0xff, 0xfe, 0x50, 0xd7, 0xff, 0xf9, 0x60, 0xff,
    0xee, 0x3f, 0xff, 0xe4, 0x83, 0x3f, 0xff, 0xe6,
    0xf, 0xfe, 0xe5, 0xff, 0xfe, 0x44, 0x3b, 0xff,
    0xfc, 0xc1, 0xff, 0xdc, 0xff, 0xff, 0x2a, 0x1d,
    0xff, 0xfe, 0x64, 0x3f, 0xfb, 0x7f, 0xff, 0xe5,
    0xf, 0x5f, 0xff, 0xe5, 0x83, 0xff, 0xb4, 0xff,
    0xff, 0x94, 0x3d, 0x7f, 0xff, 0x98, 0x3f, 0xfb,
    0x57, 0xff, 0xf9, 0x43, 0xcf, 0xff, 0xf9, 0x83,
    0xff, 0xb5, 0xff, 0xfe, 0x58, 0x3e, 0xff, 0xff,
    0x34, 0x1f, 0xfd, 0x87, 0xff, 0xfc, 0xa8, 0x7d,
    0xff, 0xfe, 0x70, 0xff, 0xec, 0x5f, 0xff, 0xe5,
    0xf, 0xd7, 0xff, 0xf9, 0x83, 0xff, 0xb1, 0xff,
    0xfe, 0x60, 0xfc, 0xff, 0xff, 0x9a, 0xf, 0xfe,
    0xb5, 0xff, 0xfe, 0x60, 0xfe, 0xff, 0xff, 0x38,
    0x7f, 0xf5, 0xbf, 0xff, 0xcd, 0x7, 0xf7, 0xff,
    0xf9, 0xd0, 0xff, 0xea, 0x3f, 0xff, 0xe6, 0x43,
    0xfa, 0xff, 0xff, 0x38, 0x7f, 0xf5, 0x3f, 0xff,
    0xce, 0x1f, 0xe7, 0xff, 0xfc, 0xe8, 0x7f, 0xf4,
    0x9f, 0xff, 0xf3, 0x87, 0xfd, 0xff, 0xfe, 0x80,
    0xff, 0xe9, 0x7f, 0xff, 0x9e, 0xf, 0xfb, 0xff,
    0xfd, 0x8, 0x7f, 0xf4, 0x2f, 0xff, 0xf3, 0xa1,
    0xff, 0x5f, 0xff, 0xe8, 0xf, 0xfe, 0x87, 0xff,
    0xfa, 0x3, 0xff, 0x80, 0xff, 0xff, 0xa2, 0xf,
    0xfe, 0x77, 0xff, 0xfa, 0x43, 0xff, 0x83, 0xff,
    0xfe, 0x98, 0x3f, 0xf9, 0x97, 0xff, 0xfa, 0x20,
    0xff, 0xe0, 0xff, 0xff, 0xa9, 0xf, 0xfe, 0x53,
    0xff, 0xfe, 0x94, 0x3f, 0xf8, 0x2f, 0xff, 0xfa,
    0x90, 0xff, 0xe4, 0x3f, 0xff, 0xea, 0xf, 0xfe,
    0x1f, 0xff, 0xfa, 0xd0, 0xff, 0xe3, 0x3f, 0xff,
    0xeb, 0xf, 0xfe, 0x1f, 0xff, 0xfb, 0x20, 0xff,
    0xe2, 0x5f, 0xff, 0xeb, 0x83, 0xff, 0x87, 0x7f,
    0xff, 0xb5, 0xf, 0xfe, 0x3, 0xff, 0xfe, 0xd4,
    0x3f, 0xf8, 0x6f, 0xff, 0xfb, 0xd0, 0xfc, 0xff,
    0xff, 0xbc, 0x3f, 0xf8, 0xbf, 0xff, 0xff, 0xff,
    0xff, 0x48, 0x7f, 0xf1, 0x6f, 0xff, 0xff, 0xff,
    0xff, 0x9d, 0xf, 0xfe, 0x2b, 0xff, 0xff, 0xff,
    0xff, 0xf3, 0x87, 0xff, 0x1f, 0xff, 0xff, 0xff,
    0xff, 0xe7, 0xf, 0xfe, 0x3d, 0xff, 0xff, 0xff,
    0xff, 0xf2, 0xc1, 0xff, 0xc7, 0x7f, 0xff, 0xff,
    0xff, 0xfe, 0x50, 0xff, 0xe4, 0xff, 0xff, 0xff,
    0xff, 0xfc, 0xa1, 0xff, 0xc9, 0xbf, 0xff, 0xff,
    0xff, 0xfe, 0x38, 0x3f, 0xf9, 0x5f, 0xff, 0xff,
    0xff, 0xff, 0x18, 0x7f, 0xf2, 0xff, 0xff, 0xff,
    0xff, 0xfe, 0x30, 0xff, 0xe5, 0xbf, 0xff, 0xff,
    0xff, 0xff, 0xa, 0x1f, 0xfc, 0xcf, 0xff, 0xff,
    0xff, 0xff, 0x84, 0x3f, 0xf9, 0xb7, 0xff, 0xff,
    0xff, 0xff, 0xbf, 0x7, 0xff, 0x3b, 0xff, 0xff,
    0xff, 0xff, 0xdf, 0x43, 0xff, 0x9d, 0x7f, 0xff,
    0xff, 0xff, 0xfb, 0xc1, 0xff, 0xcf, 0x7f, 0xff,
    0xff, 0xff, 0xfd, 0xd4, 0x3f, 0xfa, 0x1f, 0xff,
    0xff, 0xff, 0xfe, 0xe8, 0x7f, 0xf4, 0x5f, 0xff,
    0xff, 0xff, 0xff, 0x6e, 0xf, 0xfe, 0x97, 0xff,
    0xff, 0xff, 0xff, 0xb6, 0x1f, 0xfd, 0x37, 0xff,
    0xff, 0xff, 0xff, 0xd9, 0x83, 0xff, 0xa9, 0xff,
    0xff, 0xff, 0xff, 0xec, 0x87, 0xff, 0x55, 0xff,
    0xff, 0xff, 0xff, 0xf5, 0xe0, 0xff, 0xeb, 0x7f,
    0xff, 0xff, 0xff, 0xfa, 0xe1, 0xff, 0xd7, 0x7f,
    0xff, 0xff, 0xff, 0xfd, 0x58, 0x3f, 0xfb, 0x1f,
    0xff, 0xff, 0xff, 0xfe, 0xa8, 0x7f, 0xf6, 0xbf,
    0xff, 0xff, 0xff, 0xfd, 0x34, 0x3f, 0xfb, 0x57,
    0xff, 0xff, 0xff, 0xff, 0xa3, 0x7, 0xff, 0x73,
    0xff, 0xff, 0xff, 0xff, 0xd1, 0xf, 0xfe, 0xeb,
    0xff, 0xff, 0xff, 0xff, 0xe7, 0xc1, 0xff, 0xde,
    0xbf, 0xff, 0xff, 0xff, 0xfc, 0xe0, 0xff, 0xf0,
    0x7f, 0xff, 0xff, 0xff, 0xf9, 0xa1, 0xff, 0xe1,
    0x7f, 0xff, 0xff, 0xff, 0xfc, 0xb4, 0x3f, 0xfc,
    0x57, 0xff, 0xff, 0xff, 0xff, 0x93, 0x7, 0xff,
    0x93, 0xff, 0xff, 0xff, 0xff, 0xc9, 0xf, 0xff,
    0x37, 0xff, 0xff, 0xff, 0xff, 0x8e, 0x87, 0xff,
    0x99, 0xff, 0xff, 0xff, 0xff, 0xf1, 0x50, 0xff,
    0xf4, 0x3f, 0xff, 0xff, 0xff, 0xfe, 0x1c, 0x1f,
    0xfe, 0xab, 0xff, 0xff, 0xff, 0xff, 0xc1, 0x83,
    0xff, 0xd9, 0x7f, 0xff, 0xff, 0xff, 0xf8, 0x1,
    0xff, 0xee, 0xbf, 0xff, 0xff, 0xff, 0xe0, 0xff,
    0xf8, 0x5f, 0xff, 0xff, 0xff, 0xc1, 0xff, 0xf2,
    0xbf, 0xff, 0xff, 0xfe, 0xf, 0xff, 0xa5, 0xff,
    0xff, 0xff, 0xa0, 0xff, 0xfb, 0x3f, 0xff, 0xff,
    0xe0, 0xff, 0xfc, 0x3f, 0xff, 0xfe, 0x43, 0xff,
    0xf7, 0xff, 0xff, 0xc4, 0x3f, 0xff, 0xb7, 0xff,
    0xfe, 0x20, 0xff, 0xff, 0x8f, 0xff, 0xfd, 0x90,
    0xff, 0xff, 0x86, 0x7f, 0xff, 0xe5, 0x7, 0xff,
    0xfc, 0x3f, 0x5f, 0xff, 0xee, 0x83, 0xff, 0xfe,
    0x1f, 0xfc, 0xb, 0xff, 0xfd, 0x52, 0x1f, 0xff,
    0xf0, 0xff, 0xe1, 0xbf, 0xff, 0xe6, 0x83, 0xff,
    0xfe, 0x1f, 0xfc, 0x97, 0xff, 0xfc, 0x12, 0x1f,
    0xff, 0xf0, 0xff, 0xe7, 0x37, 0xff, 0xf6, 0x64,
    0x3f, 0xff, 0xe1, 0xff, 0xd5, 0x6f, 0xff, 0xe8,
    0xc8, 0x7f, 0xff, 0xc3, 0xff, 0xbe, 0xaa, 0xbf,
    0xff, 0x83, 0x45, 0x7, 0xff, 0xc0,

    /* U+0034 "4" */
    0xf, 0xff, 0xf8, 0x7f, 0xf0, 0xbf, 0xff, 0xbd,
    0x7, 0xff, 0xfc, 0x3f, 0xfb, 0x1f, 0xff, 0xde,
    0x83, 0xff, 0xfe, 0x1f, 0xfd, 0x7b, 0xff, 0xfb,
    0xd0, 0x7f, 0xff, 0xc3, 0xff, 0xaf, 0xff, 0xfd,
    0xf8, 0x3f, 0xff, 0xe1, 0xff, 0xd6, 0xbf, 0xff,
    0xbf, 0x7, 0xff, 0xfc, 0x3f, 0xfa, 0xdf, 0xff,
    0xe0, 0x83, 0xff, 0xfe, 0x1f, 0xfd, 0x57, 0xff,
    0xfc, 0x10, 0x7f, 0xff, 0xc3, 0xff, 0xab, 0xff,
    0xfe, 0x18, 0x3f, 0xff, 0xe1, 0xff, 0xd4, 0x7f,
    0xff, 0xc3, 0x7, 0xff, 0xfc, 0x3f, 0xfa, 0x9f,
    0xff, 0xe2, 0x83, 0xff, 0xfe, 0x1f, 0xfd, 0x37,
    0xff, 0xfc, 0x50, 0x7f, 0xff, 0xc3, 0xff, 0xa7,
    0x7f, 0xff, 0x8a, 0xf, 0xff, 0xf8, 0x7f, 0xf4,
    0xff, 0xff, 0xc7, 0x7, 0xff, 0xfc, 0x3f, 0xfa,
    0x57, 0xff, 0xf8, 0xe0, 0xff, 0xff, 0x87, 0xff,
    0x4b, 0xff, 0xfc, 0x90, 0x7f, 0xff, 0xc3, 0xff,
    0xa3, 0x7f, 0xff, 0x92, 0xf, 0xff, 0xf8, 0x7f,
    0xf4, 0x7f, 0xff, 0xcb, 0x7, 0xff, 0xfc, 0x3f,
    0xfa, 0xf, 0xff, 0xf9, 0x60, 0xff, 0xff, 0x87,
    0xff, 0x43, 0xff, 0xfc, 0xd0, 0x7f, 0xff, 0xc3,
    0xff, 0x9e, 0xff, 0xff, 0x9a, 0xf, 0xff, 0xf8,
    0x7f, 0xf3, 0xef, 0xff, 0xf3, 0x41, 0xff, 0xff,
    0xf, 0xfe, 0x7f, 0xff, 0xf9, 0xe0, 0xff, 0xff,
    0x87, 0xff, 0x3a, 0xff, 0xff, 0x3c, 0x1f, 0xff,
    0xf0, 0xff, 0xe7, 0x7f, 0xff, 0xa2, 0xf, 0xff,
    0xf8, 0x7f, 0xf3, 0x6f, 0xff, 0xf4, 0x41, 0xff,
    0xff, 0xf, 0xfe, 0x6f, 0xff, 0xfa, 0x60, 0xff,
    0xff, 0x87, 0xff, 0x31, 0xff, 0xff, 0x4c, 0x1f,
    0xff, 0xf0, 0xff, 0xe6, 0x7f, 0xff, 0xaa, 0xf,
    0xff, 0xf8, 0x7f, 0xf2, 0xdf, 0xff, 0xf5, 0x41,
    0xff, 0xff, 0xf, 0xfe, 0x5f, 0xff, 0xfa, 0xe0,
    0xff, 0xff, 0x87, 0xff, 0x2f, 0xff, 0xfd, 0x70,
    0x7f, 0xff, 0xc3, 0xff, 0x95, 0x7f, 0xff, 0xae,
    0xf, 0xff, 0xf8, 0x7f, 0xf2, 0xbf, 0xff, 0xd9,
    0x7, 0xff, 0xfc, 0x3f, 0xf9, 0x37, 0xff, 0xfb,
    0x20, 0xff, 0xff, 0x87, 0xff, 0x27, 0xff, 0xfd,
    0xb0, 0x7f, 0xff, 0xc3, 0xff, 0x90, 0xff, 0xff,
    0xb6, 0xf, 0xff, 0xf8, 0x7f, 0xf2, 0x3f, 0xff,
    0xdd, 0x7, 0xff, 0xfc, 0x3f, 0xf8, 0xef, 0xff,
    0xfb, 0xa0, 0xff, 0xff, 0x87, 0xff, 0x1f, 0xff,
    0xfd, 0xf0, 0x7f, 0xff, 0xc3, 0xff, 0x8f, 0xff,
    0xfe, 0xf8, 0x3f, 0xff, 0xe1, 0xff, 0xc6, 0xbf,
    0xff, 0xdf, 0x7, 0xff, 0xfc, 0x3f, 0xf8, 0xdf,
    0xff, 0xf0, 0x83, 0xff, 0xfe, 0x1f, 0xfc, 0x5b,
    0xff, 0xfe, 0x10, 0x7f, 0xff, 0xc3, 0xff, 0x8b,
    0xff, 0xff, 0x18, 0x3f, 0xff, 0xe1, 0xff, 0xc4,
    0x7f, 0xff, 0xe3, 0x7, 0xff, 0xfc, 0x3f, 0xf8,
    0x9f, 0xff, 0xf2, 0x83, 0xff, 0xfe, 0x1f, 0xfc,
    0x37, 0xff, 0xfe, 0x50, 0x7f, 0xff, 0xc3, 0xff,
    0x87, 0xff, 0xff, 0x38, 0x3f, 0xff, 0xe1, 0xff,
    0xc2, 0x7f, 0xff, 0xe7, 0x7, 0xff, 0xfc, 0x3f,
    0xf8, 0x57, 0xff, 0xfc, 0xe0, 0xff, 0xff, 0x87,
    0xff, 0xb, 0xff, 0xfe, 0x90, 0x7f, 0xff, 0xc3,
    0xff, 0x83, 0x7f, 0xff, 0xd2, 0xf, 0xff, 0xf8,
    0x7f, 0xf0, 0x7f, 0xff, 0xeb, 0x7, 0xff, 0xfc,
    0x3f, 0xf8, 0x17, 0xff, 0xfd, 0x60, 0xff, 0xff,
    0x87, 0xff, 0x3, 0xff, 0xfe, 0xd0, 0x7f, 0xff,
    0xc3, 0xfe, 0x7f, 0xff, 0xed, 0x7, 0xff, 0xfc,
    0x3f, 0xef, 0xff, 0xfb, 0xc1, 0xff, 0xff, 0xf,
    0xf3, 0xff, 0xff, 0x78, 0x3f, 0xff, 0xe1, 0xfe,
    0xbf, 0xff, 0xef, 0x7, 0xff, 0xfc, 0x3f, 0xdf,
    0xff, 0xf8, 0x83, 0xff, 0xfe, 0x1f, 0xd7, 0xff,
    0xfe, 0x20, 0xff, 0xff, 0x87, 0xf7, 0xff, 0xfe,
    0x60, 0xff, 0xff, 0x87, 0xeb, 0xff, 0xff, 0x30,
    0x7f, 0xff, 0xc3, 0xf7, 0xff, 0xfe, 0xa0, 0xff,
    0xff, 0x87, 0xcf, 0xff, 0xfe, 0xa0, 0xff, 0xff,
    0x87, 0xdf, 0xff, 0xfb, 0x83, 0xff, 0xfe, 0x1e,
    0x7f, 0xff, 0xf7, 0x7, 0xff, 0xfc, 0x3d, 0xff,
    0xff, 0xc8, 0x3f, 0xff, 0xe1, 0xef, 0xff, 0xfe,
    0x41, 0xff, 0xff, 0xe, 0xbf, 0xff, 0xf9, 0x7,
    0xff, 0xfc, 0x3b, 0xff, 0xff, 0xb0, 0x7f, 0xff,
    0xc3, 0x5f, 0xff, 0xfd, 0x83, 0xff, 0xfe, 0x1b,
    0xff, 0xff, 0xd0, 0x7f, 0xff, 0xc2, 0x7f, 0xff,
    0xfd, 0x7, 0xff, 0xfc, 0x2f, 0xff, 0xff, 0xc1,
    0xff, 0xff, 0x3, 0xff, 0xff, 0xf8, 0x3f, 0xff,
    0xe0, 0xff, 0xff, 0xff, 0x7, 0xff, 0xfc, 0x7f,
    0xff, 0xff, 0xc1, 0xff, 0xff, 0x2f, 0xff, 0xff,
    0xf0, 0x7f, 0xff, 0xcf, 0xff, 0xff, 0xfa, 0xf,
    0xff, 0xfd, 0xff, 0xff, 0xff, 0x41, 0xff, 0xff,
    0xff, 0xff, 0xff, 0xd0, 0x7f, 0xff, 0x9f, 0xff,
    0xff, 0xfd, 0x7, 0xff, 0xfb, 0xff, 0xff, 0xff,
    0xa0, 0xff, 0xfe, 0xbf, 0xff, 0xff, 0xfd, 0x7,
    0xff, 0xf7, 0xff, 0xff, 0xff, 0xd0, 0x7f, 0xff,
    0x1f, 0xff, 0xff, 0xff, 0x41, 0xff, 0xfc, 0xbf,
    0xff, 0xff, 0xfd, 0x7, 0xff, 0xf3, 0xff, 0xff,
    0xff, 0xe8, 0x3f, 0xff, 0x77, 0xff, 0xff, 0xff,
    0xd0, 0x7f, 0xfe, 0xff, 0xff, 0xff, 0xff, 0x41,
    0xff, 0xfa, 0xbf, 0xff, 0xff, 0xff, 0x41, 0xff,
    0xfa, 0xff, 0xff, 0xff, 0xfe, 0x83, 0xff, 0xf2,
    0xff, 0xff, 0xff, 0xff, 0x41, 0xff, 0xf9, 0xff,
    0xff, 0xff, 0xff, 0x41, 0xff, 0xf8, 0x7f, 0xff,
    0xff, 0xff, 0xd0, 0x7f, 0xfe, 0x3f, 0xff, 0xff,
    0xff, 0xe8, 0x3f, 0xff, 0x1f, 0xff, 0xff, 0xff,
    0xf4, 0x1f, 0xff, 0x7b, 0xff, 0xff, 0xff, 0xfe,
    0x83, 0xff, 0xef, 0xff, 0xfe, 0xb, 0xff, 0xfb,
    0xb0, 0x7f, 0xfd, 0xaf, 0xff, 0xef, 0xd3, 0xff,
    0xfb, 0xb0, 0x7f, 0xfd, 0xbf, 0xff, 0xc0, 0x5f,
    0xff, 0xdd, 0x83, 0xff, 0xea, 0xff, 0xff, 0x7e,
    0x2f, 0xff, 0xee, 0xc1, 0xff, 0xf5, 0xff, 0xff,
    0x0, 0x2f, 0xff, 0xee, 0xc1, 0xff, 0xf4, 0x7f,
    0xff, 0xc0, 0xb, 0xff, 0xfb, 0xb0, 0x7f, 0xfd,
    0x3f, 0xff, 0xc0, 0x82, 0xff, 0xfe, 0xec, 0x1f,
    0xff, 0x4f, 0xff, 0xf0, 0x5, 0x7f, 0xff, 0x76,
    0xf, 0xff, 0x9d, 0xff, 0xfd, 0xf4, 0x2b, 0xff,
    0xfb, 0xb0, 0x7f, 0xfc, 0xff, 0xff, 0xc0, 0x1a,
    0xff, 0xfe, 0xec, 0x1f, 0xff, 0x2b, 0xff, 0xfb,
    0xf0, 0x6b, 0xff, 0xfb, 0xb0, 0x7f, 0xfc, 0xbf,
    0xff, 0xc0, 0x1d, 0x7f, 0xff, 0x76, 0xf, 0xff,
    0x8b, 0xff, 0xfd, 0xf8, 0x3a, 0xff, 0xfe, 0xec,
    0x1f, 0xff, 0x1f, 0xff, 0xf0, 0x7, 0xaf, 0xff,
    0xee, 0xc1, 0xff, 0xf0, 0x7f, 0xff, 0xbf, 0x7,
    0xaf, 0xff, 0xee, 0xc1, 0xff, 0xf0, 0xff, 0xff,
    0x2, 0x1e, 0xbf, 0xff, 0xbb, 0x7, 0xff, 0xbd,
    0xff, 0xff, 0x0, 0x7d, 0x7f, 0xff, 0x76, 0xf,
    0xff, 0x7d, 0xff, 0xfd, 0xf4, 0x3e, 0xbf, 0xff,
    0xbb, 0x7, 0xff, 0xbf, 0xff, 0xfc, 0x1, 0xfa,
    0xff, 0xfe, 0xec, 0x1f, 0xfe, 0xeb, 0xff, 0xfb,
    0xe8, 0x7e, 0xbf, 0xff, 0xbb, 0x7, 0xff, 0xbb,
    0xff, 0xfc, 0x1, 0xfd, 0x7f, 0xff, 0x76, 0xf,
    0xff, 0x6b, 0xff, 0xfd, 0xf8, 0x3f, 0xaf, 0xff,
    0xee, 0xc1, 0xff, 0xed, 0xff, 0xff, 0x0, 0x7f,
    0xaf, 0xff, 0xee, 0xc1, 0xff, 0xec, 0x7f, 0xff,
    0xbf, 0x7, 0xfa, 0xff, 0xfe, 0xec, 0x1f, 0xfe,
    0xcf, 0xff, 0xf0, 0x7, 0xfd, 0x7f, 0xff, 0x76,
    0xf, 0xff, 0x5b, 0xff, 0xfd, 0xf8, 0x3f, 0xeb,
    0xff, 0xfb, 0xb0, 0x7f, 0xfa, 0xef, 0xff, 0xef,
    0xa1, 0xff, 0x5f, 0xff, 0xdd, 0x83, 0xff, 0xd7,
    0xff, 0xfe, 0x0, 0xff, 0xe0, 0x5f, 0xff, 0xdd,
    0x83, 0xff, 0xd5, 0x7f, 0xff, 0x7d, 0xf, 0xfe,
    0x5, 0xff, 0xfd, 0xd8, 0x3f, 0xfd, 0x5f, 0xff,
    0xe0, 0xf, 0xfe, 0xd, 0xff, 0xfd, 0xd8, 0x3f,
    0xfd, 0x37, 0xff, 0xf7, 0xd0, 0xff, 0xe0, 0xdf,
    0xff, 0xdd, 0x83, 0xff, 0xd3, 0xff, 0xfe, 0x0,
    0xff, 0xe1, 0x5f, 0xff, 0xdd, 0x83, 0xff, 0xd0,
    0xff, 0xff, 0x7e, 0xf, 0xfe, 0x15, 0xff, 0xfd,
    0xd8, 0x3f, 0xfd, 0x1f, 0xff, 0xe0, 0xf, 0xfe,
    0x1d, 0xff, 0xfd, 0xd8, 0x3f, 0xfc, 0xef, 0xff,
    0xf7, 0xe0, 0xff, 0xe1, 0xdf, 0xff, 0xdd, 0x83,
    0xff, 0xcf, 0xff, 0xfe, 0x0, 0xff, 0xe2, 0x5f,
    0xff, 0xdd, 0x83, 0xff, 0xcf, 0xff, 0xfe, 0x0,
    0xff, 0xe2, 0x5f, 0xff, 0xdd, 0x83, 0xff, 0xcd,
    0x7f, 0xff, 0x7d, 0xf, 0xfe, 0x25, 0xff, 0xfd,
    0xd8, 0x3f, 0xfc, 0xdf, 0xff, 0xe0, 0xf, 0xfe,
    0x2d, 0xff, 0xfd, 0xd8, 0x3f, 0xfc, 0xb7, 0xff,
    0xf7, 0xd0, 0xff, 0xe2, 0xdf, 0xff, 0xdd, 0x83,
    0xff, 0xcb, 0xff, 0xfe, 0x0, 0xff, 0xe3, 0x5f,
    0xff, 0xdd, 0x83, 0xff, 0xc8, 0xff, 0xff, 0x7e,
    0xf, 0xfe, 0x35, 0xff, 0xfd, 0xd8, 0x3f, 0xfc,
    0x9f, 0xff, 0xe0, 0xf, 0xfe, 0x3d, 0xff, 0xfd,
    0xd8, 0x3f, 0xfc, 0x6f, 0xff, 0xf7, 0xe0, 0xff,
    0xe3, 0xdf, 0xff, 0xdd, 0x83, 0xff, 0xc7, 0xff,
    0xfe, 0x0, 0xff, 0xe4, 0x5f, 0xff, 0xdd, 0x83,
    0xff, 0xc7, 0xff, 0xfd, 0xf8, 0x3f, 0xf9, 0x17,
    0xff, 0xf7, 0x60, 0xff, 0xf1, 0x5f, 0xff, 0xdf,
    0x43, 0xff, 0x91, 0x7f, 0xff, 0x76, 0xf, 0xff,
    0x17, 0xff, 0xf8, 0x3, 0xff, 0x93, 0x7f, 0xff,
    0x76, 0xf, 0xff, 0xd, 0xff, 0xfd, 0xf4, 0x3f,
    0xf9, 0x37, 0xff, 0xf7, 0x60, 0xff, 0xf0, 0xff,
    0xff, 0x80, 0x3f, 0xf9, 0x57, 0xff, 0xf7, 0x60,
    0xff, 0xf0, 0x3f, 0xff, 0xdf, 0x43, 0xff, 0x95,
    0x7f, 0xff, 0x76, 0xf, 0xff, 0x7, 0xff, 0xf8,
    0x3, 0xff, 0x97, 0x7f, 0xff, 0x76, 0xf, 0xfe,
    0xfb, 0xff, 0xfd, 0xf8, 0x3f, 0xf9, 0x77, 0xff,
    0xf7, 0x60, 0xff, 0xef, 0xff, 0xff, 0x80, 0x3f,
    0xf9, 0x97, 0xff, 0xf7, 0x60, 0xff, 0xef, 0x3f,
    0xff, 0xdf, 0x83, 0xff, 0x99, 0x7f, 0xff, 0x76,
    0xf, 0xfe, 0xf5, 0xff, 0xfd, 0xf0, 0xff, 0xe6,
    0xdf, 0xff, 0xdd, 0x83, 0xff, 0xbd, 0xff, 0xfd,
    0xf8, 0x3f, 0xf9, 0xb7, 0xff, 0xf7, 0x60, 0xff,
    0xee, 0xdf, 0xff, 0xdf, 0x43, 0xff, 0x9b, 0x7f,
    0xff, 0x76, 0xf, 0xfe, 0xef, 0xff, 0xf8, 0x3,
    0xff, 0x9d, 0x7f, 0xff, 0x76, 0xf, 0xfe, 0xe5,
    0xff, 0xfd, 0xf4, 0x3f, 0xf9, 0xd7, 0xff, 0xf7,
    0x60, 0xff, 0xee, 0x7f, 0xff, 0x80, 0x3f, 0xf9,
    0xf7, 0xff, 0xf7, 0x60, 0xff, 0xed, 0xbf, 0xff,
    0xdf, 0x43, 0xff, 0x9f, 0x7f, 0xff, 0x76, 0xf,
    0xfe, 0xdf, 0xff, 0xf8, 0x3, 0xff, 0xa1, 0x7f,
    0xff, 0x76, 0xf, 0xfe, 0xd3, 0xff, 0xfd, 0xf8,
    0x3f, 0xfa, 0x17, 0xff, 0xf7, 0x60, 0xff, 0xed,
    0x5f, 0xff, 0xdf, 0xf, 0xfe, 0x8d, 0xff, 0xfd,
    0xd8, 0x3f, 0xfb, 0x5f, 0xff, 0xdf, 0x83, 0xff,
    0xa3, 0x7f, 0xff, 0x76, 0xf, 0xfe, 0xcd, 0xff,
    0xfd, 0xf0, 0xff, 0xe9, 0x5f, 0xff, 0xdd, 0x83,
    0xff, 0xb3, 0xff, 0xfe, 0x0, 0xff, 0xe9, 0x5f,
    0xff, 0xdd, 0x83, 0xff, 0xb1, 0x7f, 0xff, 0x7d,
    0xf, 0xfe, 0x95, 0xff, 0xfd, 0xd8, 0x3f, 0xfb,
    0x1f, 0xff, 0xe0, 0xf, 0xfe, 0x9d, 0xff, 0xfd,
    0xd8, 0x3f, 0xfa, 0xef, 0xff, 0xf7, 0xd0, 0xff,
    0xe9, 0xdf, 0xff, 0xdd, 0x83, 0xff, 0xaf, 0xff,
    0xfe, 0x0, 0xff, 0xea, 0x5f, 0xff, 0xdd, 0x83,
    0xff, 0xac, 0xff, 0xff, 0x7e, 0xf, 0xfe, 0xa5,
    0xff, 0xfd, 0xd8, 0x3f, 0xfa, 0xdf, 0xff, 0xe0,
    0xf, 0xfe, 0xad, 0xff, 0xfd, 0xd8, 0x3f, 0xfa,
    0xdf, 0xff, 0xdf, 0x83, 0xff, 0xab, 0x7f, 0xff,
    0x76, 0xf, 0xfe, 0xad, 0xff, 0xfd, 0xf0, 0xff,
    0xeb, 0x5f, 0xff, 0xdd, 0x83, 0xff, 0xab, 0xff,
    0xfd, 0xf8, 0x3f, 0xfa, 0xd7, 0xff, 0xf7, 0x60,
    0xff, 0xea, 0x5f, 0xff, 0xdf, 0xf, 0xfe, 0xbd,
    0xff, 0xfd, 0xd8, 0x3f, 0xfa, 0x9f, 0xff, 0xe0,
    0xf, 0xfe, 0xbd, 0xff, 0xfd, 0xd8, 0x3f, 0xfa,
    0x6f, 0xff, 0xf7, 0xd0, 0xff, 0xeb, 0xdf, 0xff,
    0xdd, 0x83, 0xff, 0xa7, 0xff, 0xfe, 0x0, 0xff,
    0xec, 0x5f, 0xff, 0xdd, 0x83, 0xff, 0xa4, 0xff,
    0xff, 0x7d, 0xf, 0xfe, 0xc5, 0xff, 0xfd, 0xd8,
    0x3f, 0xfa, 0x5f, 0xff, 0xe0, 0xf, 0xfe, 0xcd,
    0xff, 0xfd, 0xd8, 0x3f, 0xfa, 0x5f, 0xff, 0xdf,
    0x83, 0xff, 0xb3, 0x7f, 0xff, 0x76, 0xf, 0xfe,
    0x8d, 0xff, 0xfd, 0xf0, 0xff, 0xed, 0x5f, 0xff,
    0xdd, 0x83, 0xff, 0xa3, 0xff, 0xfd, 0xf8, 0x3f,
    0xfb, 0x57, 0xff, 0xf7, 0x60, 0xff, 0xe8, 0x5f,
    0xff, 0xdf, 0xf, 0xfe, 0xdd, 0xff, 0xfd, 0xd8,
    0x3f, 0xfa, 0x1f, 0xff, 0xdf, 0x83, 0xff, 0xb7,
    0x7f, 0xff, 0x76, 0xf, 0xfe, 0x7b, 0xff, 0xfd,
    0xf4, 0x3f, 0xfb, 0x77, 0xff, 0xf7, 0x60, 0xff,
    0xe7, 0xff, 0xff, 0x80, 0x3f, 0xfb, 0x97, 0xff,
    0xf7, 0x60, 0xff, 0xe7, 0x3f, 0xff, 0xdf, 0x43,
    0xff, 0xb9, 0x7f, 0xff, 0x76, 0xf, 0xfe, 0x77,
    0xff, 0xf8, 0x3, 0xff, 0xbb, 0x7f, 0xff, 0x76,
    0xf, 0xfe, 0x6b, 0xff, 0xfd, 0xf4, 0x3f, 0xfb,
    0xb7, 0xff, 0xf7, 0x60, 0xff, 0xe6, 0xdf, 0xff,
    0xdf, 0xf, 0xfe, 0xf5, 0xff, 0xfd, 0xd8, 0x3f,
    0xf9, 0xbf, 0xff, 0xdf, 0x83, 0xff, 0xbd, 0x7f,
    0xff, 0x76, 0xf, 0xfe, 0x65, 0xff, 0xfd, 0xf0,
    0xff, 0xef, 0xdf, 0xff, 0xdd, 0x83, 0xff, 0x99,
    0xff, 0xfd, 0xf8, 0x3f, 0xfb, 0xf7, 0xff, 0xf7,
    0x60, 0xff, 0xe5, 0xdf, 0xff, 0xdf, 0xf, 0xff,
    0x5, 0xff, 0xfd, 0xd8, 0x3f, 0xf9, 0x7f, 0xff,
    0xe0, 0xf, 0xff, 0x5, 0xff, 0xfd, 0xd8, 0x3f,
    0xf9, 0x7f, 0xff, 0xdf, 0x43, 0xff, 0xc1, 0x7f,
    0xff, 0x76, 0xf, 0xfe, 0x5f, 0xff, 0xf7, 0xc3,
    0xff, 0xc3, 0x7f, 0xff, 0x76, 0xf, 0xfe, 0x5f,
    0xff, 0xf7, 0x90, 0xff, 0xf0, 0xdf, 0xff, 0xdd,
    0x83, 0xff, 0x97, 0xff, 0xfd, 0xe0, 0xff, 0xf1,
    0x5f, 0xff, 0xdd, 0x83, 0xff, 0x97, 0xff, 0xff,
    0xff, 0xff, 0xff, 0xf9, 0x3f, 0xff, 0xff, 0xff,
    0xff, 0xff, 0x27, 0xff, 0xff, 0xff, 0xff, 0xff,
    0xe4, 0xff, 0xff, 0xff, 0xff, 0xff, 0xfc, 0x9f,
    0xff, 0xff, 0xff, 0xff, 0xff, 0x93, 0xff, 0xff,
    0xff, 0xff, 0xff, 0xf2, 0x7f, 0xff, 0xff, 0xff,
    0xff, 0xfe, 0x4f, 0xff, 0xff, 0xff, 0xff, 0xff,
    0xc9, 0xff, 0xff, 0xff, 0xff, 0xff, 0xf9, 0x3f,
    0xff, 0xff, 0xff, 0xff, 0xff, 0x27, 0xff, 0xff,
    0xff, 0xff, 0xff, 0xe4, 0xff, 0xff, 0xff, 0xff,
    0xff, 0xfc, 0x9f, 0xff, 0xff, 0xff, 0xff, 0xff,
    0x93, 0xff, 0xff, 0xff, 0xff, 0xff, 0xf2, 0x7f,
    0xff, 0xff, 0xff, 0xff, 0xfe, 0x4f, 0xff, 0xff,
    0xff, 0xff, 0xff, 0xc9, 0xff, 0xff, 0xff, 0xff,
    0xff, 0xf9, 0x3f, 0xff, 0xff, 0xff, 0xff, 0xff,
    0x27, 0xff, 0xff, 0xff, 0xff, 0xff, 0xe4, 0xff,
    0xff, 0xff, 0xff, 0xff, 0xfc, 0x9f, 0xff, 0xff,
    0xff, 0xff, 0xff, 0x93, 0xff, 0xff, 0xff, 0xff,
    0xff, 0xf2, 0x7f, 0xff, 0xff, 0xff, 0xff, 0xfe,
    0x4f, 0xff, 0xff, 0xff, 0xff, 0xff, 0xc9, 0xff,
    0xff, 0xff, 0xff, 0xff, 0xf9, 0x3f, 0xff, 0xff,
    0xff, 0xff, 0xff, 0x27, 0xff, 0xff, 0xff, 0xff,
    0xff, 0xe4, 0xff, 0xff, 0xff, 0xff, 0xff, 0xfc,
    0x9f, 0xff, 0xff, 0xff, 0xff, 0xff, 0x93, 0xff,
    0xff, 0xff, 0xff, 0xff, 0xf2, 0x7f, 0xff, 0xff,
    0xff, 0xff, 0xfe, 0x4f, 0xff, 0xff, 0xff, 0xff,
    0xff, 0xc9, 0xff, 0xff, 0xff, 0xff, 0xff, 0xf9,
    0x3f, 0xff, 0xff, 0xff, 0xff, 0xff, 0x27, 0xff,
    0xff, 0xff, 0xff, 0xff, 0xe4, 0xff, 0xff, 0xff,
    0xff, 0xff, 0xfc, 0x9f, 0xff, 0xff, 0xff, 0xff,
    0xff, 0x93, 0xff, 0xff, 0xff, 0xff, 0xff, 0xf2,
    0x7f, 0xff, 0xff, 0xff, 0xff, 0xfe, 0x4f, 0xff,
    0xff, 0xff, 0xff, 0xff, 0xc9, 0xff, 0xff, 0xff,
    0xff, 0xff, 0xf9, 0x3f, 0xff, 0xff, 0xff, 0xff,
    0xff, 0x27, 0xff, 0xff, 0xff, 0xff, 0xff, 0xe4,
    0xff, 0xff, 0xff, 0xff, 0xff, 0xfc, 0x9f, 0xff,
    0xff, 0xff, 0xff, 0xff, 0x93, 0xff, 0xff, 0xff,
    0xff, 0xff, 0xf2, 0x7f, 0xff, 0xff, 0xff, 0xff,
    0xfe, 0x4f, 0xff, 0xff, 0xff, 0xff, 0xff, 0xc9,
    0xff, 0xff, 0xff, 0xff, 0xff, 0xf9, 0x3f, 0xff,
    0xff, 0xff, 0xff, 0xff, 0x27, 0xff, 0xff, 0xff,
    0xff, 0xff, 0xe4, 0xff, 0xff, 0xff, 0xff, 0xff,
    0xfc, 0x9f, 0xff, 0xff, 0xff, 0xff, 0xff, 0x93,
    0xff, 0xff, 0xff, 0xff, 0xff, 0xf2, 0x7f, 0xff,
    0xff, 0xff, 0xff, 0xfe, 0x4f, 0xff, 0xff, 0xff,
    0xff, 0xff, 0xc9, 0xff, 0xff, 0xff, 0xff, 0xff,
    0xf9, 0x3f, 0xff, 0xff, 0xff, 0xff, 0xff, 0x27,
    0xff, 0xff, 0xff, 0xff, 0xff, 0xe4, 0xff, 0xff,
    0xff, 0xff, 0xff, 0xfc, 0x9f, 0xff, 0xff, 0xff,
    0xff, 0xff, 0x93, 0xff, 0xff, 0xff, 0xff, 0xff,
    0xf2, 0x7f, 0xff, 0xff, 0xff, 0xff, 0xfe, 0x4f,
    0xff, 0xff, 0xff, 0xff, 0xff, 0xc9, 0xff, 0xff,
    0xff, 0xff, 0xff, 0xf9, 0x3f, 0xff, 0xff, 0xff,
    0xff, 0xff, 0x27, 0xff, 0xff, 0xff, 0xff, 0xff,
    0xe4, 0xff, 0xff, 0xff, 0xff, 0xff, 0xfc, 0x9f,
    0xff, 0xff, 0xff, 0xff, 0xff, 0x93, 0xff, 0xff,
    0xff, 0xff, 0xff, 0xf2, 0x7f, 0xff, 0xff, 0xff,
    0xff, 0xfe, 0x43, 0xff, 0xfe, 0x1f, 0xfc, 0x2b,
    0xff, 0xfb, 0xb0, 0x7f, 0xff, 0xc3, 0xff, 0xb1,
    0x7f, 0xff, 0x76, 0xf, 0xff, 0xf8, 0x7f, 0xf6,
    0x2f, 0xff, 0xee, 0xc1, 0xff, 0xff, 0xf, 0xfe,
    0xc5, 0xff, 0xfd, 0xd8, 0x3f, 0xff, 0xe1, 0xff,
    0xd8, 0xbf, 0xff, 0xbb, 0x7, 0xff, 0xfc, 0x3f,
    0xfb, 0x17, 0xff, 0xf7, 0x60, 0xff, 0xff, 0x87,
    0xff, 0x62, 0xff, 0xfe, 0xec, 0x1f, 0xff, 0xf0,
    0xff, 0xec, 0x5f, 0xff, 0xdd, 0x83, 0xff, 0xfe,
    0x1f, 0xfd, 0x8b, 0xff, 0xfb, 0xb0, 0x7f, 0xff,
    0xc3, 0xff, 0xb1, 0x7f, 0xff, 0x76, 0xf, 0xff,
    0xf8, 0x7f, 0xf6, 0x2f, 0xff, 0xee, 0xc1, 0xff,
    0xff, 0xf, 0xfe, 0xc5, 0xff, 0xfd, 0xd8, 0x3f,
    0xff, 0xe1, 0xff, 0xd8, 0xbf, 0xff, 0xbb, 0x7,
    0xff, 0xfc, 0x3f, 0xfb, 0x17, 0xff, 0xf7, 0x60,
    0xff, 0xff, 0x87, 0xff, 0x62, 0xff, 0xfe, 0xec,
    0x1f, 0xff, 0xf0, 0xff, 0xec, 0x5f, 0xff, 0xdd,
    0x83, 0xff, 0xfe, 0x1f, 0xfd, 0x8b, 0xff, 0xfb,
    0xb0, 0x7f, 0xff, 0xc3, 0xff, 0xb1, 0x7f, 0xff,
    0x76, 0xf, 0xff, 0xf8, 0x7f, 0xf6, 0x2f, 0xff,
    0xee, 0xc1, 0xff, 0xff, 0xf, 0xfe, 0xc5, 0xff,
    0xfd, 0xd8, 0x3f, 0xff, 0xe1, 0xff, 0xd8, 0xbf,
    0xff, 0xbb, 0x7, 0xff, 0xfc, 0x3f, 0xfb, 0x17,
    0xff, 0xf7, 0x60, 0xff, 0xff, 0x87, 0xff, 0x62,
    0xff, 0xfe, 0xec, 0x1f, 0xff, 0xf0, 0xff, 0xec,
    0x5f, 0xff, 0xdd, 0x83, 0xff, 0xfe, 0x1f, 0xfd,
    0x8b, 0xff, 0xfb, 0xb0, 0x7f, 0xff, 0xc3, 0xff,
    0xb1, 0x7f, 0xff, 0x76, 0xf, 0xff, 0xf8, 0x7f,
    0xf6, 0x2f, 0xff, 0xee, 0xc1, 0xff, 0xff, 0xf,
    0xfe, 0xc5, 0xff, 0xfd, 0xd8, 0x3f, 0xff, 0xe1,
    0xff, 0xd8, 0xbf, 0xff, 0xbb, 0x7, 0xff, 0xfc,
    0x3f, 0xfb, 0x17, 0xff, 0xf7, 0x60, 0xff, 0xff,
    0x87, 0xff, 0x62, 0xff, 0xfe, 0xec, 0x1f, 0xff,
    0xf0, 0xff, 0xec, 0x5f, 0xff, 0xdd, 0x83, 0xff,
    0xfe, 0x1f, 0xfd, 0x8b, 0xff, 0xfb, 0xb0, 0x7f,
    0xff, 0xc3, 0xff, 0xb1, 0x7f, 0xff, 0x76, 0xf,
    0xff, 0xf8, 0x7f, 0xf6, 0x2f, 0xff, 0xee, 0xc1,
    0xff, 0xff, 0xf, 0xfe, 0xc5, 0xff, 0xfd, 0xd8,
    0x3f, 0xff, 0xe1, 0xff, 0xd8, 0xbf, 0xff, 0xbb,
    0x7, 0xff, 0xfc, 0x3f, 0xfb, 0x17, 0xff, 0xf7,
    0x60, 0xff, 0xff, 0x87, 0xff, 0x62, 0xff, 0xfe,
    0xec, 0x1f, 0xff, 0xf0, 0xff, 0xec, 0x5f, 0xff,
    0xdd, 0x83, 0xff, 0xfe, 0x1f, 0xfd, 0x8b, 0xff,
    0xfb, 0xb0, 0x7f, 0xff, 0xc3, 0xff, 0xb1, 0x7f,
    0xff, 0x76, 0xf, 0xff, 0xf8, 0x7f, 0xf6, 0x2f,
    0xff, 0xee, 0xc1, 0xff, 0xff, 0xf, 0xfe, 0xc5,
    0xff, 0xfd, 0xd8, 0x3f, 0xff, 0xe1, 0xff, 0xd8,
    0xbf, 0xff, 0xbb, 0x7, 0xff, 0xfc, 0x3f, 0xfb,
    0x17, 0xff, 0xf7, 0x60, 0xff, 0xff, 0x87, 0xff,
    0x62, 0xff, 0xfe, 0xec, 0x1f, 0xff, 0xf0, 0xff,
    0xec, 0x5f, 0xff, 0xdd, 0x83, 0xff, 0xfe, 0x1f,
    0xfd, 0x8b, 0xff, 0xfb, 0xb0, 0x7f, 0xff, 0xc3,
    0xff, 0xb1, 0x7f, 0xff, 0x76, 0xf, 0xff, 0xf8,
    0x7f, 0xf6, 0x2f, 0xff, 0xee, 0xc1, 0xff, 0xff,
    0xf, 0xfe, 0xc5, 0xff, 0xfd, 0xd8, 0x3f, 0xff,
    0xe1, 0xff, 0xd8, 0xbf, 0xff, 0xbb, 0x7, 0xff,
    0xfc, 0x3f, 0xfb, 0x17, 0xff, 0xf7, 0x60, 0xff,
    0xff, 0x87, 0xff, 0x62, 0xff, 0xfe, 0xec, 0x1f,
    0xff, 0xf0, 0xff, 0xec, 0x5f, 0xff, 0xdd, 0x83,
    0xff, 0xfe, 0x1f, 0xfd, 0x8b, 0xff, 0xfb, 0xb0,
    0x7f, 0xff, 0xc3, 0xff, 0xb1, 0x7f, 0xff, 0x76,
    0xf, 0xff, 0xf8, 0x7f, 0xf6, 0x2f, 0xff, 0xee,
    0xc1, 0xff, 0xff, 0xf, 0xfe, 0xc5, 0xff, 0xfd,
    0xd8, 0x3f, 0xff, 0xe1, 0xff, 0xd8, 0xbf, 0xff,
    0xbb, 0x7, 0xff, 0xfc, 0x3f, 0xfb, 0x17, 0xff,
    0xf7, 0x60, 0xff, 0xe5, 0x0,

    /* U+0035 "5" */
    0xf, 0xfe, 0x4b, 0xff, 0xff, 0xff, 0xff, 0xed,
    0xc1, 0xff, 0xd2, 0x7f, 0xff, 0xff, 0xff, 0xfd,
    0xb8, 0x3f, 0xfa, 0x57, 0xff, 0xff, 0xff, 0xff,
    0xb7, 0x7, 0xff, 0x4a, 0xff, 0xff, 0xff, 0xff,
    0xf6, 0xe0, 0xff, 0xe9, 0x5f, 0xff, 0xff, 0xff,
    0xfe, 0xdc, 0x1f, 0xfd, 0x2f, 0xff, 0xff, 0xff,
    0xff, 0x72, 0xf, 0xfe, 0x97, 0xff, 0xff, 0xff,
    0xff, 0xb9, 0x7, 0xff, 0x4b, 0xff, 0xff, 0xff,
    0xff, 0xdc, 0x83, 0xff, 0xa5, 0xff, 0xff, 0xff,
    0xff, 0xee, 0x41, 0xff, 0xd2, 0xff, 0xff, 0xff,
    0xff, 0xf7, 0x20, 0xff, 0xe8, 0xbf, 0xff, 0xff,
    0xff, 0xfe, 0xe4, 0x1f, 0xfd, 0x17, 0xff, 0xff,
    0xff, 0xff, 0xdc, 0x83, 0xff, 0xa2, 0xff, 0xff,
    0xff, 0xff, 0xfb, 0x90, 0x7f, 0xf4, 0x6f, 0xff,
    0xff, 0xff, 0xff, 0x72, 0xf, 0xfe, 0x8d, 0xff,
    0xff, 0xff, 0xff, 0xee, 0x41, 0xff, 0xd1, 0xbf,
    0xff, 0xff, 0xff, 0xfd, 0xc8, 0x3f, 0xfa, 0x3f,
    0xff, 0xff, 0xff, 0xfe, 0xec, 0x1f, 0xfd, 0x1f,
    0xff, 0xff, 0xff, 0xff, 0x76, 0xf, 0xfe, 0x8f,
    0xff, 0xff, 0xff, 0xff, 0xbb, 0x7, 0xff, 0x47,
    0xff, 0xff, 0xff, 0xff, 0xdd, 0x83, 0xff, 0xa3,
    0xff, 0xff, 0xff, 0xff, 0xee, 0xc1, 0xff, 0xd1,
    0xff, 0xff, 0xff, 0xff, 0xf7, 0x60, 0xff, 0xe8,
    0x3f, 0xff, 0xff, 0xff, 0xfe, 0xec, 0x1f, 0xfd,
    0x7, 0xff, 0xff, 0xff, 0xff, 0xdd, 0x83, 0xff,
    0xa0, 0xff, 0xff, 0xff, 0xff, 0xfb, 0xb0, 0x7f,
    0xf4, 0x2f, 0xff, 0xff, 0xff, 0xff, 0x76, 0xf,
    0xfe, 0x85, 0xff, 0xff, 0xff, 0xff, 0xee, 0xc1,
    0xff, 0xd0, 0xbf, 0xff, 0xff, 0xff, 0xfd, 0xd8,
    0x3f, 0xfa, 0x1f, 0xff, 0xff, 0xff, 0xfe, 0xf4,
    0x1f, 0xfd, 0xf, 0xff, 0xff, 0xff, 0xff, 0x7a,
    0xf, 0xfe, 0x87, 0xff, 0xff, 0xff, 0xff, 0xbd,
    0x7, 0xff, 0x43, 0xff, 0xff, 0xff, 0xff, 0xde,
    0x83, 0xff, 0xa1, 0xff, 0xff, 0xff, 0xff, 0xef,
    0x41, 0xff, 0xd0, 0xff, 0xff, 0xff, 0xff, 0xf7,
    0xa0, 0xff, 0xe7, 0xbf, 0xff, 0xff, 0xff, 0xfe,
    0xf4, 0x1f, 0xfc, 0xf7, 0xff, 0xff, 0xff, 0xff,
    0xde, 0x83, 0xff, 0x9e, 0xff, 0xff, 0xff, 0xff,
    0xfb, 0xd0, 0x7f, 0xf3, 0xef, 0xff, 0xff, 0xff,
    0xff, 0x7a, 0xf, 0xfe, 0x7d, 0xff, 0xff, 0xff,
    0xff, 0xef, 0x41, 0xff, 0xcf, 0xff, 0xff, 0xff,
    0xff, 0xf7, 0xe0, 0xff, 0xe7, 0xff, 0xff, 0xff,
    0xff, 0xfb, 0xf0, 0x7f, 0xf3, 0xff, 0xff, 0xff,
    0xff, 0xfd, 0xf8, 0x3f, 0xf9, 0xff, 0xff, 0xff,
    0xff, 0xfe, 0xfc, 0x1f, 0xfc, 0xff, 0xff, 0xff,
    0xff, 0xff, 0x7e, 0xf, 0xfe, 0x7f, 0xff, 0xff,
    0xff, 0xff, 0xbf, 0x7, 0xff, 0x39, 0xff, 0xff,
    0xff, 0xff, 0xf7, 0xe0, 0xff, 0xe7, 0x3f, 0xff,
    0xff, 0xff, 0xfe, 0xfc, 0x1f, 0xfc, 0xe7, 0xff,
    0xff, 0xff, 0xff, 0xdf, 0x83, 0xff, 0x9d, 0x7f,
    0xff, 0xff, 0xff, 0xfb, 0xf0, 0x7f, 0xf3, 0xaf,
    0xff, 0xff, 0xff, 0xff, 0x7e, 0xf, 0xfe, 0x75,
    0xff, 0xff, 0xff, 0xff, 0xef, 0xc1, 0xff, 0xce,
    0xff, 0xff, 0xff, 0xff, 0xf8, 0x20, 0xff, 0xe7,
    0x7f, 0xff, 0xff, 0xff, 0xfc, 0x10, 0x7f, 0xf3,
    0xbf, 0xff, 0xff, 0xff, 0xfe, 0x8, 0x3f, 0xf9,
    0xdf, 0xff, 0xff, 0xff, 0xff, 0x4, 0x1f, 0xfc,
    0xef, 0xff, 0xff, 0xff, 0xff, 0x82, 0xf, 0xfe,
    0x77, 0xff, 0xff, 0xff, 0xff, 0xc1, 0x7, 0xff,
    0x35, 0xff, 0xff, 0xff, 0xff, 0xf8, 0x20, 0xff,
    0xe6, 0xbf, 0xff, 0xff, 0xff, 0xff, 0x4, 0x1f,
    0xfc, 0xd7, 0xff, 0xff, 0xff, 0xff, 0xe0, 0x83,
    0xff, 0x9b, 0x7f, 0xff, 0xff, 0xff, 0xfc, 0x10,
    0x7f, 0xf3, 0x6f, 0xff, 0xff, 0xff, 0xff, 0x82,
    0xf, 0xfe, 0x6d, 0xff, 0xff, 0xff, 0xff, 0xf0,
    0x41, 0xff, 0xcd, 0xff, 0xff, 0xff, 0xff, 0xf8,
    0x60, 0xff, 0xe6, 0xff, 0xff, 0xff, 0xff, 0xfc,
    0x30, 0x7f, 0xf3, 0x7f, 0xff, 0xff, 0xff, 0xfe,
    0x18, 0x3f, 0xf9, 0xbf, 0xff, 0xff, 0xff, 0xff,
    0xc, 0x1f, 0xfc, 0xdf, 0xff, 0xff, 0xff, 0xff,
    0x86, 0xf, 0xfe, 0x63, 0xff, 0xff, 0xff, 0xff,
    0xf0, 0xc1, 0xff, 0xcc, 0x7f, 0xff, 0xff, 0xff,
    0xfe, 0x18, 0x3f, 0xf9, 0x8f, 0xff, 0xff, 0xff,
    0xff, 0xc3, 0x7, 0xff, 0x32, 0xff, 0xff, 0xff,
    0xff, 0xf8, 0x60, 0xff, 0xe6, 0x5f, 0xff, 0xff,
    0xff, 0xff, 0xc, 0x1f, 0xfc, 0xcb, 0xff, 0xfb,
    0xd0, 0x7f, 0xff, 0xc3, 0xff, 0x9f, 0xff, 0xfd,
    0xf8, 0x3f, 0xff, 0xe1, 0xff, 0xcf, 0xff, 0xfe,
    0xfc, 0x1f, 0xff, 0xf0, 0xff, 0xe7, 0xff, 0xff,
    0x7d, 0xf, 0xff, 0xf8, 0x7f, 0xf3, 0xff, 0xff,
    0xbe, 0x87, 0xff, 0xfc, 0x3f, 0xf9, 0xff, 0xff,
    0xdf, 0x43, 0xff, 0xfe, 0x1f, 0xfc, 0xff, 0xff,
    0xef, 0x87, 0xff, 0xfc, 0x3f, 0xf9, 0xef, 0xff,
    0xf7, 0xc3, 0xff, 0xfe, 0x1f, 0xfc, 0xf7, 0xff,
    0xfb, 0xe1, 0xff, 0xff, 0xf, 0xfe, 0x7b, 0xff,
    0xfd, 0xf0, 0xff, 0xff, 0x87, 0xff, 0x3e, 0xff,
    0xfe, 0xf8, 0x7f, 0xff, 0xc3, 0xff, 0x9f, 0x7f,
    0xff, 0x7c, 0x3f, 0xff, 0xe1, 0xff, 0xcf, 0xbf,
    0xff, 0xbd, 0x7, 0xff, 0xfc, 0x3f, 0xf9, 0xff,
    0xff, 0xdf, 0x83, 0xff, 0xfe, 0x1f, 0xfc, 0xff,
    0xff, 0xef, 0xc1, 0xff, 0xff, 0xf, 0xfe, 0x7f,
    0xff, 0xf7, 0xd0, 0xff, 0xff, 0x87, 0xff, 0x3f,
    0xff, 0xfb, 0xe8, 0x7f, 0xff, 0xc3, 0xff, 0x9f,
    0xff, 0xfd, 0xf4, 0x3f, 0xff, 0xe1, 0xff, 0xcf,
    0xff, 0xfe, 0xf8, 0x7f, 0xff, 0xc3, 0xff, 0x9e,
    0xff, 0xff, 0x7c, 0x3f, 0xff, 0xe1, 0xff, 0xcf,
    0x7f, 0xff, 0xbe, 0x1f, 0xff, 0xf0, 0xff, 0xe7,
    0xdf, 0xff, 0xdf, 0xf, 0xff, 0xf8, 0x7f, 0xf3,
    0xef, 0xff, 0xef, 0x87, 0xff, 0xfc, 0x3f, 0xf9,
    0xf7, 0xff, 0xf7, 0xc3, 0xff, 0xfe, 0x1f, 0xfc,
    0xff, 0xff, 0xef, 0xc1, 0xff, 0xff, 0xf, 0xfe,
    0x7f, 0xff, 0xf7, 0xe0, 0xff, 0xff, 0x87, 0xff,
    0x3f, 0xff, 0xfb, 0xf0, 0x7f, 0xff, 0xc3, 0xff,
    0x9f, 0xff, 0xfd, 0xf4, 0x3f, 0xff, 0xe1, 0xff,
    0xcf, 0xff, 0xfe, 0xfa, 0x1f, 0xff, 0xf0, 0xff,
    0xe7, 0xff, 0xff, 0x7d, 0xf, 0xff, 0xf8, 0x7f,
    0xf3, 0x9f, 0xff, 0xef, 0x87, 0xff, 0xfc, 0x3f,
    0xf9, 0xef, 0xff, 0xf7, 0xc3, 0xff, 0xfe, 0x1f,
    0xfc, 0xf7, 0xff, 0xfb, 0xe1, 0xff, 0xff, 0xf,
    0xfe, 0x7d, 0xff, 0xfd, 0xf0, 0xff, 0xff, 0x87,
    0xff, 0x3e, 0xff, 0xfe, 0xf8, 0x7f, 0xff, 0xc3,
    0xff, 0x9f, 0x7f, 0xff, 0x7c, 0x3f, 0xf9, 0x8d,
    0x3f, 0xd5, 0x28, 0x3f, 0xfe, 0x9f, 0xff, 0xdf,
    0x83, 0xff, 0x90, 0xdf, 0xff, 0xc6, 0x90, 0xff,
    0xf8, 0x7f, 0xff, 0x7e, 0xf, 0xfe, 0x2b, 0xff,
    0xfc, 0xe4, 0x3f, 0xfd, 0xbf, 0xff, 0xdf, 0x83,
    0xff, 0x84, 0xdf, 0xff, 0xd2, 0x83, 0xff, 0xd7,
    0xff, 0xfd, 0xf4, 0x3f, 0xf8, 0x37, 0xff, 0xf5,
    0xc3, 0xff, 0xd3, 0xff, 0xfd, 0xf4, 0x3f, 0xeb,
    0xff, 0xfb, 0x50, 0x7f, 0xf9, 0xff, 0xff, 0xbe,
    0x87, 0xf5, 0xff, 0xfd, 0xe4, 0x3f, 0xfc, 0x8f,
    0xff, 0xf7, 0xc3, 0xf3, 0xff, 0xfe, 0x20, 0xff,
    0xf1, 0xbf, 0xff, 0xdf, 0xf, 0xaf, 0xff, 0xf2,
    0x21, 0xff, 0xe1, 0x7f, 0xff, 0xbe, 0x1e, 0xff,
    0xff, 0x3c, 0x1f, 0xfe, 0xb, 0xff, 0xfb, 0xe1,
    0x9f, 0xff, 0xf4, 0xc1, 0xff, 0xdf, 0xbf, 0xff,
    0xbe, 0x15, 0xff, 0xfe, 0xc0, 0xff, 0xef, 0x5f,
    0xff, 0xdf, 0x7, 0xff, 0xfb, 0xc3, 0xff, 0xbb,
    0xff, 0xfd, 0xf9, 0xff, 0xff, 0x88, 0x7f, 0xf7,
    0x3f, 0xff, 0xff, 0xff, 0xfd, 0x40, 0xff, 0xed,
    0xff, 0xff, 0xff, 0xff, 0xfa, 0x90, 0x7f, 0xf6,
    0xbf, 0xff, 0xff, 0xff, 0xfd, 0x58, 0x3f, 0xfb,
    0x3f, 0xff, 0xff, 0xff, 0xfe, 0xb4, 0x1f, 0xfd,
    0x77, 0xff, 0xff, 0xff, 0xff, 0xd7, 0x43, 0xff,
    0xac, 0xff, 0xff, 0xff, 0xff, 0xfb, 0x1, 0xff,
    0xd6, 0x7f, 0xff, 0xff, 0xff, 0xfd, 0x90, 0xff,
    0xea, 0xdf, 0xff, 0xff, 0xff, 0xfe, 0xcc, 0x1f,
    0xfd, 0x4b, 0xff, 0xff, 0xff, 0xff, 0xda, 0x43,
    0xff, 0xa7, 0x7f, 0xff, 0xff, 0xff, 0xfb, 0x61,
    0xff, 0xd3, 0xff, 0xff, 0xff, 0xff, 0xf7, 0x20,
    0xff, 0xe9, 0x7f, 0xff, 0xff, 0xff, 0xfb, 0xa1,
    0xff, 0xd2, 0xff, 0xff, 0xff, 0xff, 0xf7, 0x60,
    0xff, 0xe8, 0xff, 0xff, 0xff, 0xff, 0xfb, 0xc8,
    0x7f, 0xf4, 0x3f, 0xff, 0xff, 0xff, 0xfd, 0xf0,
    0xff, 0xe8, 0x7f, 0xff, 0xff, 0xff, 0xfb, 0xe8,
    0x7f, 0xf3, 0x9f, 0xff, 0xff, 0xff, 0xff, 0x80,
    0x3f, 0xf9, 0xcf, 0xff, 0xff, 0xff, 0xff, 0xc1,
    0x7, 0xff, 0x35, 0xff, 0xff, 0xff, 0xff, 0xf8,
    0x43, 0xff, 0x9b, 0x7f, 0xff, 0xff, 0xff, 0xfc,
    0x30, 0x7f, 0xf3, 0x2f, 0xff, 0xff, 0xff, 0xff,
    0x88, 0x3f, 0xf9, 0x97, 0xff, 0xff, 0xff, 0xff,
    0xc4, 0x87, 0xff, 0x2f, 0xff, 0xff, 0xff, 0xff,
    0xe4, 0xf, 0xfe, 0x5f, 0xff, 0xff, 0xff, 0xff,
    0xc8, 0x87, 0xff, 0x2b, 0xff, 0xff, 0xff, 0xff,
    0xe5, 0xf, 0xfe, 0x57, 0xff, 0xff, 0xff, 0xff,
    0xca, 0x87, 0xff, 0x27, 0xff, 0xff, 0xff, 0xff,
    0xe5, 0x83, 0xff, 0x93, 0xff, 0xff, 0xff, 0xff,
    0xf3, 0x7, 0xff, 0x21, 0xff, 0xff, 0xff, 0xff,
    0xf9, 0xa0, 0xff, 0xe3, 0xbf, 0xff, 0xff, 0xff,
    0xff, 0x38, 0x7f, 0xf1, 0xef, 0xff, 0xff, 0xff,
    0xff, 0x9d, 0xf, 0xfe, 0x35, 0xff, 0xff, 0xff,
    0xff, 0xf3, 0xc1, 0xff, 0xc6, 0xbf, 0xff, 0xff,
    0xff, 0xfe, 0x80, 0xff, 0xe3, 0x7f, 0xff, 0xff,
    0xff, 0xfd, 0x28, 0x7f, 0xf1, 0x7f, 0xff, 0xff,
    0xff, 0xfe, 0x98, 0x3f, 0xf8, 0xbf, 0xff, 0xff,
    0xff, 0xff, 0x50, 0x7f, 0xf1, 0x7f, 0xff, 0xff,
    0xff, 0xfe, 0xa4, 0x3f, 0xf8, 0x9f, 0xff, 0xff,
    0xff, 0xff, 0x54, 0x1f, 0xfc, 0x4f, 0xff, 0xff,
    0xff, 0xff, 0xac, 0x3f, 0xf8, 0x6f, 0xff, 0xff,
    0xff, 0xff, 0xd6, 0x87, 0xff, 0x9, 0xff, 0xff,
    0xff, 0xff, 0xfa, 0xe0, 0xff, 0xe1, 0x3f, 0xff,
    0xff, 0xff, 0xff, 0x60, 0x7f, 0xf0, 0xaf, 0xff,
    0xfa, 0x5f, 0xff, 0xf6, 0xf, 0xfe, 0x15, 0xff,
    0xfe, 0xf4, 0x3f, 0x37, 0xff, 0xfc, 0x50, 0xff,
    0xe0, 0xdf, 0xff, 0xec, 0x83, 0xff, 0x85, 0x7f,
    0xff, 0xbe, 0xf, 0xfe, 0xf, 0xff, 0xfb, 0x10,
    0xff, 0xe2, 0xff, 0xff, 0xbc, 0x3f, 0xf8, 0x3f,
    0xff, 0xea, 0x83, 0xff, 0x91, 0x7f, 0xff, 0xb4,
    0x3f, 0xf8, 0x3f, 0xff, 0xe9, 0x43, 0xff, 0x95,
    0x7f, 0xff, 0xb1, 0xf, 0xfe, 0x7, 0xff, 0xfa,
    0x3, 0xff, 0x9b, 0x7f, 0xff, 0xae, 0xf, 0xfe,
    0x7, 0xff, 0xf9, 0xc3, 0xff, 0x9f, 0x7f, 0xff,
    0xac, 0x3f, 0xf8, 0x1f, 0xff, 0xe6, 0xf, 0xfe,
    0x8f, 0xff, 0xfa, 0xc3, 0xfe, 0x7f, 0xff, 0xca,
    0x87, 0xff, 0x4b, 0xff, 0xfd, 0x48, 0x7f, 0x9f,
    0xff, 0xf2, 0x41, 0xff, 0xd3, 0xbf, 0xff, 0xd3,
    0x7, 0xf9, 0xff, 0xff, 0x20, 0x7f, 0xf5, 0x7f,
    0xff, 0xd3, 0x7, 0xfa, 0xff, 0xff, 0x18, 0x7f,
    0xf5, 0x9f, 0xff, 0xf4, 0x87, 0xfc, 0xdf, 0xff,
    0xe0, 0x43, 0xff, 0xaf, 0xff, 0xfe, 0x90, 0xff,
    0xe1, 0xb7, 0xff, 0xf7, 0x3, 0xff, 0xb0, 0xff,
    0xff, 0xa1, 0xf, 0xfe, 0x2b, 0x7f, 0xff, 0x61,
    0xf, 0xfe, 0xcf, 0xff, 0xfa, 0x10, 0xff, 0xe4,
    0xb7, 0xff, 0xf4, 0xe0, 0xff, 0xed, 0x3f, 0xff,
    0xe7, 0x83, 0xff, 0x9a, 0xdf, 0xff, 0xcf, 0xf,
    0xfe, 0xe7, 0xff, 0xfa, 0x3, 0xff, 0xa0, 0xdf,
    0xff, 0xcb, 0x83, 0xff, 0xb9, 0x7f, 0xff, 0x9c,
    0x3f, 0xfa, 0x8d, 0xff, 0xfc, 0x70, 0xff, 0xee,
    0xbf, 0xff, 0xe7, 0xf, 0xfe, 0xc3, 0x7f, 0xff,
    0xa, 0xf, 0xfe, 0xf7, 0xff, 0xf9, 0xc3, 0xff,
    0xb6, 0xdf, 0xff, 0x7, 0xff, 0x7e, 0xff, 0xff,
    0x32, 0x1f, 0xfd, 0xe6, 0xff, 0x41, 0xff, 0xdf,
    0x7f, 0xff, 0xcc, 0x87, 0xff, 0x89, 0xbc, 0x1f,
    0xfe, 0x1f, 0xff, 0xf3, 0x41, 0xff, 0xff, 0xf,
    0xfe, 0x47, 0xff, 0xf9, 0xc3, 0xff, 0xfe, 0x1f,
    0xfc, 0x8b, 0xff, 0xfc, 0xc1, 0xff, 0xff, 0xf,
    0xfe, 0x43, 0xff, 0xfe, 0x60, 0xff, 0xff, 0x87,
    0xff, 0x21, 0xff, 0xff, 0x30, 0x7f, 0xff, 0xc3,
    0xff, 0x93, 0xff, 0xfe, 0x60, 0xff, 0xff, 0x87,
    0xff, 0x27, 0xff, 0xfc, 0xc8, 0x7f, 0xff, 0xc3,
    0xff, 0x91, 0x7f, 0xff, 0x95, 0xf, 0xff, 0xf8,
    0x7f, 0xf2, 0x2f, 0xff, 0xf2, 0xa1, 0xff, 0xff,
    0xf, 0xfe, 0x43, 0xff, 0xfe, 0x58, 0x3f, 0xff,
    0xe1, 0xff, 0xc8, 0x7f, 0xff, 0xcb, 0x7, 0xff,
    0xfc, 0x3f, 0xf9, 0x3f, 0xff, 0xe5, 0x83, 0xff,
    0xfe, 0x1f, 0xfc, 0x9f, 0xff, 0xf2, 0xc1, 0xff,
    0xff, 0xf, 0xfe, 0x4f, 0xff, 0xf9, 0x83, 0xff,
    0xfe, 0x1f, 0xfc, 0x9f, 0xff, 0xf3, 0x7, 0xff,
    0xfc, 0x3f, 0xf9, 0x37, 0xff, 0xf9, 0x43, 0xff,
    0xfe, 0x1f, 0xfc, 0x9b, 0xff, 0xfc, 0xa1, 0xff,
    0xff, 0xf, 0xfe, 0x4b, 0xff, 0xfe, 0x50, 0xff,
    0xff, 0x87, 0xff, 0x25, 0xff, 0xff, 0x28, 0x7f,
    0xff, 0xc3, 0xff, 0x92, 0xff, 0xff, 0x94, 0x3f,
    0xff, 0xe1, 0xff, 0xca, 0xff, 0xff, 0x28, 0x7f,
    0xff, 0xc3, 0xff, 0x95, 0xff, 0xfe, 0x50, 0xff,
    0xff, 0x87, 0xff, 0x2b, 0xff, 0xfc, 0xa1, 0xff,
    0xff, 0xf, 0xfe, 0x57, 0xff, 0xf9, 0x43, 0xff,
    0xfe, 0x1f, 0xfc, 0xaf, 0xff, 0xf2, 0x87, 0xff,
    0xfc, 0x3f, 0xf9, 0x5f, 0xff, 0xe5, 0xf, 0xff,
    0xf8, 0x7f, 0xf2, 0xbf, 0xff, 0xca, 0x1f, 0xff,
    0xf0, 0xff, 0xe5, 0x7f, 0xff, 0x94, 0x3f, 0xff,
    0xe1, 0xff, 0xca, 0xff, 0xff, 0x28, 0x7f, 0xff,
    0xc3, 0xff, 0x95, 0xff, 0xfe, 0x50, 0xff, 0xff,
    0x87, 0xff, 0x2b, 0xff, 0xfc, 0xa1, 0xff, 0xff,
    0xf, 0xfe, 0x57, 0xff, 0xf9, 0x43, 0xff, 0xfe,
    0x1f, 0xfc, 0xaf, 0xff, 0xf2, 0x87, 0xff, 0xfc,
    0x3f, 0xf9, 0x5f, 0xff, 0xe5, 0xf, 0xff, 0xf8,
    0x7f, 0xf2, 0xbf, 0xff, 0xca, 0x1f, 0xff, 0xf0,
    0xff, 0xe5, 0x7f, 0xff, 0x94, 0x3f, 0xff, 0xe1,
    0xff, 0xca, 0xff, 0xff, 0x28, 0x7f, 0xff, 0xc3,
    0xff, 0x95, 0xff, 0xfe, 0x50, 0xff, 0xff, 0x87,
    0xff, 0x2b, 0xff, 0xfc, 0xa1, 0xff, 0xff, 0xf,
    0xfe, 0x57, 0xff, 0xf9, 0x43, 0xff, 0xfe, 0x1f,
    0xfc, 0xaf, 0xff, 0xf2, 0x41, 0xff, 0xff, 0xf,
    0xfe, 0x57, 0xff, 0xf9, 0x20, 0xff, 0xff, 0x87,
    0xff, 0x2b, 0xff, 0xfc, 0x90, 0x7f, 0xff, 0xc3,
    0xff, 0x95, 0xff, 0xfe, 0x48, 0x3f, 0xff, 0xe1,
    0xff, 0xca, 0xff, 0xff, 0x22, 0x1f, 0xff, 0xf0,
    0xff, 0xe5, 0x7f, 0xff, 0x91, 0xf, 0xff, 0xf8,
    0x7f, 0xf2, 0xbf, 0xff, 0xc8, 0x87, 0xff, 0x89,
    0xbc, 0x1f, 0xfe, 0x3f, 0xff, 0xf2, 0x7, 0xff,
    0x79, 0xa7, 0xf8, 0x3f, 0xfc, 0x7f, 0xff, 0xe4,
    0xf, 0xfe, 0xcb, 0x4f, 0xff, 0x90, 0xff, 0xf0,
    0xbf, 0xff, 0xe4, 0xf, 0xfe, 0xa2, 0xaf, 0xff,
    0xe2, 0x21, 0xff, 0xe1, 0x7f, 0xff, 0xc8, 0x1f,
    0xfd, 0x6, 0xff, 0xfe, 0x4a, 0x1f, 0xfe, 0x17,
    0xff, 0xfc, 0x81, 0xff, 0xcb, 0x6f, 0xff, 0xe7,
    0x41, 0xff, 0xe1, 0xbf, 0xff, 0xc7, 0x7, 0xff,
    0x19, 0xbf, 0xff, 0xa7, 0x7, 0xff, 0x86, 0xff,
    0xff, 0x1c, 0x1f, 0xfc, 0x16, 0xff, 0xfe, 0xc8,
    0x7f, 0xf8, 0x6f, 0xff, 0xf1, 0xa1, 0xf9, 0xa7,
    0xff, 0xf7, 0x43, 0xff, 0xc3, 0xff, 0xfe, 0x44,
    0x25, 0x5f, 0xff, 0xe2, 0xf, 0xff, 0xf, 0xff,
    0xf9, 0x2, 0xff, 0xff, 0x30, 0x7f, 0xf8, 0x7f,
    0xff, 0xc8, 0x15, 0xff, 0xfe, 0x54, 0x3f, 0xfc,
    0x1f, 0xff, 0xe4, 0xa, 0xff, 0xff, 0x2c, 0x1f,
    0xfd, 0xf7, 0xff, 0xfc, 0x70, 0x4f, 0xff, 0xf9,
    0x83, 0xff, 0xbf, 0x7f, 0xff, 0x8e, 0xd, 0xff,
    0xfe, 0x60, 0xff, 0xef, 0xdf, 0xff, 0xe3, 0x43,
    0x7f, 0xff, 0x98, 0x3f, 0xfb, 0xff, 0xff, 0xe4,
    0xe, 0xff, 0xff, 0x32, 0x1f, 0xfd, 0xef, 0xff,
    0xf2, 0x7, 0x5f, 0xff, 0xe5, 0x83, 0xff, 0xbd,
    0xff, 0xfe, 0x40, 0xeb, 0xff, 0xfc, 0xc1, 0xff,
    0xdd, 0x7f, 0xff, 0xc8, 0x1c, 0xff, 0xff, 0x98,
    0x3f, 0xfb, 0xb7, 0xff, 0xf8, 0xe0, 0xf7, 0xff,
    0xf9, 0x90, 0xff, 0xee, 0x7f, 0xff, 0x91, 0xf,
    0x7f, 0xff, 0x9a, 0xf, 0xfe, 0xe7, 0xff, 0xf9,
    0x3, 0xef, 0xff, 0xf3, 0x87, 0xff, 0x6d, 0xff,
    0xff, 0x20, 0x7d, 0x7f, 0xff, 0x98, 0x3f, 0xfb,
    0x77, 0xff, 0xf9, 0x3, 0xe7, 0xff, 0xfc, 0xc8,
    0x7f, 0xf6, 0xbf, 0xff, 0xc9, 0x7, 0xef, 0xff,
    0xf3, 0x87, 0xff, 0x65, 0xff, 0xff, 0x22, 0x1f,
    0xbf, 0xff, 0xce, 0x1f, 0xfd, 0x9b, 0xff, 0xfc,
    0x81, 0xfd, 0xff, 0xfe, 0x78, 0x3f, 0xfb, 0x1f,
    0xff, 0xe5, 0xf, 0xeb, 0xff, 0xfc, 0xe1, 0xff,
    0xd7, 0x7f, 0xff, 0xc9, 0x7, 0xf3, 0xff, 0xfe,
    0x74, 0x3f, 0xfa, 0xdf, 0xff, 0xe5, 0x43, 0xfd,
    0xff, 0xfe, 0x80, 0xff, 0xeb, 0x7f, 0xff, 0x95,
    0xf, 0xf7, 0xff, 0xfa, 0x10, 0xff, 0xea, 0x5f,
    0xff, 0xe5, 0xf, 0xfa, 0xff, 0xff, 0x40, 0x7f,
    0xf5, 0x3f, 0xff, 0xcc, 0x1f, 0xf3, 0xff, 0xfe,
    0x84, 0x3f, 0xfa, 0x57, 0xff, 0xf9, 0x60, 0xff,
    0xe0, 0x7f, 0xff, 0xa4, 0x3f, 0xfa, 0x2f, 0xff,
    0xf9, 0x90, 0xff, 0xe0, 0x7f, 0xff, 0xa5, 0xf,
    0xfe, 0x87, 0xff, 0xf9, 0xc3, 0xff, 0x83, 0x7f,
    0xff, 0xa4, 0x3f, 0xf9, 0xf7, 0xff, 0xf9, 0xa0,
    0xff, 0xe0, 0xbf, 0xff, 0xea, 0xf, 0xfe, 0x77,
    0xff, 0xf9, 0xd0, 0xff, 0xe1, 0x7f, 0xff, 0xaa,
    0xf, 0xfe, 0x67, 0xff, 0xfa, 0x3, 0xff, 0x87,
    0xff, 0xfe, 0xb4, 0x3f, 0xf9, 0x5f, 0xff, 0xe9,
    0xf, 0xfe, 0x1d, 0xff, 0xfe, 0xb4, 0x3f, 0xf9,
    0x17, 0xff, 0xfa, 0x20, 0xff, 0xe1, 0xbf, 0xff,
    0xec, 0x43, 0xff, 0x8d, 0x7f, 0xff, 0xa5, 0xf,
    0xfe, 0x27, 0xff, 0xfb, 0x60, 0xff, 0xe2, 0x7f,
    0xff, 0xac, 0x3f, 0xf8, 0xbf, 0xff, 0xef, 0x43,
    0xff, 0x81, 0x7f, 0xff, 0xae, 0xf, 0xfe, 0x2b,
    0xff, 0xff, 0x4, 0x3e, 0x6f, 0xff, 0xf6, 0xa1,
    0xff, 0xc6, 0xff, 0xff, 0xa5, 0xff, 0xff, 0x20,
    0xff, 0xe3, 0xff, 0xff, 0xff, 0xff, 0xfd, 0x1,
    0xff, 0xc7, 0xbf, 0xff, 0xff, 0xff, 0xfe, 0x64,
    0x3f, 0xf9, 0x1f, 0xff, 0xff, 0xff, 0xff, 0x30,
    0x7f, 0xf2, 0x7f, 0xff, 0xff, 0xff, 0xfe, 0x60,
    0xff, 0xe4, 0xbf, 0xff, 0xff, 0xff, 0xff, 0x22,
    0x1f, 0xfc, 0xaf, 0xff, 0xff, 0xff, 0xff, 0x90,
    0x3f, 0xf9, 0x77, 0xff, 0xff, 0xff, 0xff, 0xc5,
    0x7, 0xff, 0x2d, 0xff, 0xff, 0xff, 0xff, 0xf8,
    0x90, 0xff, 0xe6, 0x7f, 0xff, 0xff, 0xff, 0xfc,
    0x41, 0xff, 0xcd, 0xbf, 0xff, 0xff, 0xff, 0xfe,
    0x8, 0x3f, 0xf9, 0xdf, 0xff, 0xff, 0xff, 0xff,
    0x0, 0x7f, 0xf3, 0xef, 0xff, 0xff, 0xff, 0xff,
    0x7a, 0xf, 0xfe, 0x87, 0xff, 0xff, 0xff, 0xff,
    0xbc, 0x87, 0xff, 0x42, 0xff, 0xff, 0xff, 0xff,
    0xf7, 0x43, 0xff, 0xa5, 0xff, 0xff, 0xff, 0xff,
    0xee, 0x21, 0xff, 0xd2, 0xff, 0xff, 0xff, 0xff,
    0xf7, 0x3, 0xff, 0xa6, 0xff, 0xff, 0xff, 0xff,
    0xfb, 0x48, 0x7f, 0xf5, 0x3f, 0xff, 0xff, 0xff,
    0xfd, 0xa0, 0xff, 0xea, 0xbf, 0xff, 0xff, 0xff,
    0xfe, 0xc2, 0x1f, 0xfd, 0x6b, 0xff, 0xff, 0xff,
    0xff, 0xd7, 0xf, 0xfe, 0xc7, 0xff, 0xff, 0xff,
    0xff, 0xac, 0x87, 0xff, 0x62, 0xff, 0xff, 0xff,
    0xff, 0xf5, 0x43, 0xff, 0xb5, 0xff, 0xff, 0xff,
    0xff, 0xea, 0x21, 0xff, 0xda, 0x7f, 0xff, 0xff,
    0xff, 0xfd, 0x30, 0xff, 0xee, 0x7f, 0xff, 0xff,
    0xff, 0xfa, 0x41, 0xff, 0xde, 0xff, 0xff, 0xff,
    0xff, 0xf4, 0x20, 0xff, 0xef, 0x5f, 0xff, 0xff,
    0xff, 0xfe, 0x78, 0x7f, 0xf8, 0x3f, 0xff, 0xff,
    0xff, 0xfc, 0xe4, 0x3f, 0xfc, 0x3f, 0xff, 0xff,
    0xff, 0xfe, 0x64, 0x1f, 0xfe, 0x2b, 0xff, 0xff,
    0xff, 0xff, 0xcb, 0xf, 0xff, 0x27, 0xff, 0xff,
    0xff, 0xff, 0x94, 0x87, 0xff, 0x97, 0xff, 0xff,
    0xff, 0xff, 0xc8, 0x83, 0xff, 0xcc, 0xff, 0xff,
    0xff, 0xff, 0xf8, 0xe1, 0xff, 0xe8, 0xbf, 0xff,
    0xff, 0xff, 0xfc, 0x50, 0xff, 0xf5, 0x7f, 0xff,
    0xff, 0xff, 0xf8, 0x88, 0x7f, 0xfa, 0xff, 0xff,
    0xff, 0xff, 0xfc, 0x28, 0x3f, 0xfd, 0xbf, 0xff,
    0xff, 0xff, 0xfe, 0x4, 0x1f, 0xfe, 0xff, 0xff,
    0xff, 0xff, 0xfa, 0xf, 0xff, 0x8f, 0xff, 0xff,
    0xff, 0xf4, 0x1f, 0xff, 0x3f, 0xff, 0xff, 0xff,
    0xc1, 0xff, 0xf5, 0xff, 0xff, 0xff, 0xe8, 0x3f,
    0xfe, 0xff, 0xff, 0xff, 0xf4, 0x1f, 0xff, 0x9b,
    0xff, 0xff, 0xd0, 0x7f, 0xfe, 0xdf, 0xff, 0xfe,
    0x21, 0xff, 0xfe, 0xff, 0xff, 0xd0, 0x7f, 0xff,
    0xc1, 0x7f, 0xff, 0xda, 0xf, 0xff, 0xf8, 0x77,
    0xff, 0xfd, 0x10, 0xff, 0xff, 0x87, 0xcf, 0xff,
    0xfc, 0x20, 0xff, 0xff, 0x87, 0xfc, 0xff, 0xff,
    0xb2, 0xf, 0xff, 0xf8, 0x7f, 0xf0, 0xdf, 0xff,
    0xf4, 0x41, 0xff, 0xff, 0xf, 0xfe, 0x3b, 0x7f,
    0xff, 0x8e, 0xf, 0xff, 0xf8, 0x7f, 0xf3, 0x2f,
    0xff, 0xef, 0x48, 0x7f, 0xff, 0xc3, 0xff, 0xa2,
    0xdf, 0xff, 0xd7, 0x90, 0xff, 0xff, 0x87, 0xff,
    0x61, 0xbf, 0xff, 0x9f, 0x21, 0xff, 0xff, 0xf,
    0xff, 0x13, 0x5b, 0xff, 0xea, 0x28, 0x3f, 0xfe,
    0x60,

    /* U+0036 "6" */
    0xf, 0xff, 0xb2, 0xa9, 0xff, 0xf5, 0x4a, 0xf,
    0xff, 0xf8, 0x7f, 0xf8, 0x5a, 0x7f, 0xff, 0x3a,
    0x43, 0xff, 0xfe, 0x1f, 0xfd, 0x86, 0xff, 0xfe,
    0xb4, 0x1f, 0xff, 0xf0, 0xff, 0xe9, 0x37, 0xff,
    0xf7, 0x20, 0xff, 0xff, 0x87, 0xff, 0x35, 0xff,
    0xff, 0x12, 0x1f, 0xff, 0xf0, 0xff, 0xe4, 0x3f,
    0xff, 0xe6, 0x43, 0xff, 0xfe, 0x1f, 0xfc, 0x47,
    0xff, 0xfd, 0x48, 0x7f, 0xff, 0xc3, 0xff, 0x83,
    0xff, 0xfe, 0xe0, 0xff, 0xff, 0x87, 0xfa, 0xff,
    0xff, 0x82, 0x1f, 0xff, 0xf0, 0xfb, 0xff, 0xfe,
    0x70, 0x7f, 0xff, 0xc3, 0x3f, 0xff, 0xf6, 0xf,
    0xff, 0xf8, 0x2f, 0xff, 0xfc, 0x21, 0xff, 0xfe,
    0xff, 0xff, 0xda, 0x1f, 0xff, 0xcf, 0xff, 0xfe,
    0xa1, 0xff, 0xfa, 0xff, 0xff, 0xfa, 0x1f, 0xff,
    0x8f, 0xff, 0xff, 0xf9, 0xf, 0xff, 0xb7, 0xff,
    0xff, 0xff, 0x7, 0xff, 0xd7, 0xff, 0xff, 0xff,
    0xe0, 0xff, 0xf9, 0xff, 0xff, 0xff, 0xff, 0x7,
    0xff, 0xc7, 0xff, 0xff, 0xff, 0xfd, 0x7, 0xff,
    0xbe, 0xff, 0xff, 0xff, 0xff, 0x90, 0xff, 0xf6,
    0xdf, 0xff, 0xff, 0xff, 0xfe, 0x0, 0x7f, 0xfb,
    0x1f, 0xff, 0xff, 0xff, 0xff, 0x8, 0x3f, 0xfd,
    0x7f, 0xff, 0xff, 0xff, 0xfe, 0x1a, 0x1f, 0xfe,
    0x9f, 0xff, 0xff, 0xff, 0xff, 0x14, 0x3f, 0xfd,
    0x17, 0xff, 0xff, 0xff, 0xff, 0x8b, 0x7, 0xff,
    0x99, 0xff, 0xff, 0xff, 0xff, 0xf1, 0xd0, 0xff,
    0xf2, 0xff, 0xff, 0xff, 0xff, 0xf9, 0x21, 0xff,
    0xe4, 0xbf, 0xff, 0xff, 0xff, 0xfc, 0x98, 0x3f,
    0xfc, 0x4f, 0xff, 0xff, 0xff, 0xff, 0x96, 0x1f,
    0xfe, 0x2f, 0xff, 0xff, 0xff, 0xff, 0x32, 0xf,
    0xff, 0x5, 0xff, 0xff, 0xff, 0xff, 0xe6, 0x87,
    0xff, 0x83, 0xff, 0xff, 0xff, 0xff, 0xce, 0x83,
    0xff, 0xbd, 0x7f, 0xff, 0xff, 0xff, 0xf9, 0xe1,
    0xff, 0xdd, 0x7f, 0xff, 0xff, 0xff, 0xfd, 0x8,
    0x3f, 0xfb, 0x9f, 0xff, 0xff, 0xff, 0xfe, 0x90,
    0x7f, 0xf6, 0xdf, 0xff, 0xff, 0xff, 0xff, 0x49,
    0xf, 0xfe, 0xd7, 0xff, 0xff, 0xff, 0xff, 0xa8,
    0x1f, 0xfd, 0x97, 0xff, 0xff, 0xff, 0xff, 0xd4,
    0x43, 0xff, 0xb1, 0xff, 0xff, 0xff, 0xff, 0xeb,
    0x7, 0xff, 0x5d, 0xff, 0xff, 0xff, 0xff, 0xf5,
    0x83, 0xff, 0xaf, 0xff, 0xff, 0xff, 0xff, 0xeb,
    0xc1, 0xff, 0xd5, 0x7f, 0xff, 0xff, 0xff, 0xfd,
    0x80, 0xff, 0xea, 0xff, 0xff, 0xff, 0xff, 0xfb,
    0x28, 0x7f, 0xf4, 0xdf, 0xff, 0xff, 0xff, 0xff,
    0x66, 0xf, 0xfe, 0x9f, 0xff, 0xff, 0xff, 0xff,
    0xb6, 0x1f, 0xfd, 0x3f, 0xff, 0xff, 0xff, 0xff,
    0x6d, 0xf, 0xfe, 0x8d, 0xff, 0xff, 0xff, 0xff,
    0xed, 0xc1, 0xff, 0xd1, 0xff, 0xff, 0xff, 0xff,
    0xf7, 0x43, 0xff, 0xa0, 0xff, 0xff, 0xff, 0xff,
    0xfb, 0xa8, 0x7f, 0xf3, 0xff, 0xff, 0xff, 0xff,
    0xfd, 0xe8, 0x3f, 0xf9, 0xff, 0xff, 0xff, 0xff,
    0xfe, 0xf8, 0x7f, 0xf3, 0xaf, 0xff, 0xff, 0xff,
    0xff, 0x7d, 0xf, 0xfe, 0x6f, 0xff, 0xff, 0xff,
    0xff, 0xc1, 0x7, 0xff, 0x37, 0xff, 0xff, 0xff,
    0xff, 0xe1, 0xf, 0xfe, 0x65, 0xff, 0xff, 0xff,
    0xff, 0xf0, 0x87, 0xff, 0x33, 0xff, 0xfd, 0xb2,
    0x80, 0xdf, 0xff, 0xed, 0x43, 0xff, 0x94, 0xff,
    0xff, 0xad, 0xf, 0xeb, 0xff, 0xfd, 0x70, 0x7f,
    0xf2, 0xaf, 0xff, 0xf4, 0xc1, 0xff, 0xc1, 0xff,
    0xff, 0x58, 0x7f, 0xf2, 0xbf, 0xff, 0xd2, 0x87,
    0xff, 0xf, 0xff, 0xfd, 0x41, 0xff, 0xca, 0xff,
    0xff, 0x42, 0x1f, 0xfc, 0x5f, 0xff, 0xf4, 0xa1,
    0xff, 0xc8, 0xbf, 0xff, 0xce, 0x87, 0xff, 0x1f,
    0xff, 0xfd, 0x10, 0x7f, 0xf2, 0x3f, 0xff, 0xcf,
    0x7, 0xff, 0x21, 0xff, 0xff, 0x40, 0x7f, 0xf2,
    0x3f, 0xff, 0xce, 0x1f, 0xfc, 0xab, 0xff, 0xfc,
    0xe1, 0xff, 0xc7, 0x7f, 0xff, 0xcc, 0x87, 0xff,
    0x2f, 0xff, 0xfc, 0xe8, 0x7f, 0xf1, 0xaf, 0xff,
    0xf2, 0xc1, 0xff, 0xcc, 0xbf, 0xff, 0xcd, 0x7,
    0xff, 0x1b, 0xff, 0xfc, 0xc1, 0xff, 0xce, 0xff,
    0xff, 0x38, 0x7f, 0xf1, 0xbf, 0xff, 0xcb, 0x7,
    0xff, 0x3a, 0xff, 0xff, 0x30, 0x7f, 0xf1, 0x5f,
    0xff, 0xf2, 0x87, 0xff, 0x43, 0xff, 0xfc, 0xc8,
    0x7f, 0xf1, 0x2f, 0xff, 0xf2, 0x41, 0xff, 0xd0,
    0xff, 0xff, 0x32, 0x1f, 0xfc, 0x4f, 0xff, 0xf2,
    0xa1, 0xff, 0xd0, 0xbf, 0xff, 0xcb, 0x7, 0xff,
    0x13, 0xff, 0xfc, 0xa1, 0xff, 0xd2, 0xff, 0xff,
    0x30, 0x7f, 0xf0, 0xdf, 0xff, 0xf2, 0x41, 0xff,
    0xd2, 0xff, 0xff, 0x30, 0x7f, 0xf0, 0xef, 0xff,
    0xf2, 0x7, 0xff, 0x4e, 0xff, 0xff, 0x28, 0x7f,
    0xf0, 0xff, 0xff, 0xca, 0x1f, 0xfd, 0x37, 0xff,
    0xfc, 0xa8, 0x7f, 0xf0, 0xbf, 0xff, 0xc8, 0x87,
    0xff, 0x53, 0xff, 0xfc, 0xb0, 0x7f, 0xf0, 0x5f,
    0xff, 0xf2, 0x7, 0xff, 0x57, 0xff, 0xfc, 0xb0,
    0x7f, 0xf0, 0x6f, 0xff, 0xf2, 0x7, 0xff, 0x57,
    0xff, 0xfc, 0xc1, 0xff, 0xc1, 0xff, 0xff, 0x24,
    0x1f, 0xfd, 0x5b, 0xff, 0xfc, 0xa1, 0xff, 0xc1,
    0xff, 0xff, 0x22, 0x1f, 0xfd, 0x57, 0xff, 0xfc,
    0xa1, 0xff, 0xc1, 0xff, 0xff, 0x20, 0x7f, 0xf5,
    0xff, 0xff, 0xc3, 0x21, 0xff, 0xc2, 0x7f, 0xff,
    0xc7, 0x7, 0xff, 0x5f, 0xff, 0xfb, 0xb2, 0x1f,
    0xfc, 0x6b, 0xff, 0xfc, 0x70, 0x7f, 0xf5, 0xff,
    0xff, 0xb3, 0x21, 0xff, 0xca, 0xff, 0xff, 0x22,
    0x1f, 0xfd, 0x7f, 0xff, 0xea, 0xc8, 0x7f, 0xf3,
    0xbf, 0xff, 0xc8, 0x1f, 0xfd, 0x8b, 0xff, 0xf9,
    0xf2, 0x1f, 0xfd, 0x3f, 0xff, 0xf2, 0x7, 0xff,
    0x61, 0xff, 0xfe, 0x5c, 0x87, 0xff, 0x59, 0xff,
    0xff, 0x1c, 0x1f, 0xfd, 0x87, 0xff, 0xf8, 0xf2,
    0x1f, 0xfd, 0xab, 0xff, 0xfc, 0x70, 0x7f, 0xf6,
    0x7f, 0xff, 0x85, 0x28, 0x3f, 0xfb, 0xd7, 0xff,
    0xf8, 0xd0, 0xff, 0xec, 0xff, 0xfa, 0x43, 0xff,
    0xc7, 0xff, 0xfe, 0x40, 0xff, 0xed, 0x7f, 0xa4,
    0x3f, 0xfc, 0xff, 0xff, 0xe4, 0xf, 0xfe, 0xd7,
    0xa4, 0x3f, 0xfd, 0x7f, 0xff, 0xe4, 0xf, 0xff,
    0xf8, 0x7f, 0xf2, 0x5f, 0xff, 0xf1, 0xc1, 0xff,
    0xff, 0xf, 0xfe, 0x4d, 0xff, 0xfe, 0x38, 0x3f,
    0xff, 0xe1, 0xff, 0xc9, 0xbf, 0xff, 0xc6, 0x87,
    0xff, 0xfc, 0x3f, 0xf9, 0x3f, 0xff, 0xe4, 0x43,
    0xff, 0xfe, 0x1f, 0xfc, 0x9f, 0xff, 0xf2, 0x7,
    0xff, 0xfc, 0x3f, 0xf9, 0x5f, 0xff, 0xe4, 0xf,
    0xff, 0xf8, 0x7f, 0xf2, 0x5f, 0xff, 0xf2, 0x7,
    0xff, 0xfc, 0x3f, 0xf9, 0x2f, 0xff, 0xf9, 0x3,
    0xff, 0xfe, 0x1f, 0xfc, 0x9b, 0xff, 0xfc, 0x70,
    0x7f, 0xff, 0xc3, 0xff, 0x93, 0x7f, 0xff, 0x8e,
    0xf, 0xff, 0xf8, 0x7f, 0xf2, 0x7f, 0xff, 0xc8,
    0x87, 0xff, 0xfc, 0x3f, 0xf9, 0x3f, 0xff, 0xe4,
    0x43, 0xff, 0xfe, 0x1f, 0xfc, 0x9f, 0xff, 0xf2,
    0x21, 0xff, 0xff, 0xf, 0xfe, 0x4f, 0xff, 0xf9,
    0x3, 0xff, 0xfe, 0x1f, 0xfc, 0x97, 0xff, 0xfc,
    0x81, 0xff, 0xff, 0xf, 0xfe, 0x4b, 0xff, 0xfe,
    0x40, 0xff, 0xff, 0x87, 0xff, 0x26, 0xff, 0xff,
    0x20, 0x7f, 0xff, 0xc3, 0xff, 0x93, 0x7f, 0xff,
    0x90, 0x3f, 0xff, 0xe1, 0xff, 0xc9, 0xbf, 0xff,
    0xc7, 0x7, 0xff, 0xfc, 0x3f, 0xf9, 0x3f, 0xff,
    0xe4, 0x83, 0xff, 0xfe, 0x1f, 0xfc, 0x9f, 0xff,
    0xf2, 0x41, 0xff, 0xff, 0xf, 0xfe, 0x4f, 0xff,
    0xf9, 0x10, 0xff, 0xff, 0x87, 0xff, 0x27, 0xff,
    0xfc, 0x88, 0x7f, 0xff, 0xc3, 0xff, 0x93, 0xff,
    0xfe, 0x44, 0x3f, 0xfa, 0x8a, 0xac, 0xb0, 0x7f,
    0xfa, 0x9f, 0xff, 0xf2, 0x7, 0xff, 0x41, 0xbf,
    0xff, 0x85, 0x21, 0xff, 0xe6, 0x7f, 0xff, 0xc8,
    0x1f, 0xfc, 0xd6, 0xff, 0xfe, 0x4c, 0x1f, 0xfe,
    0x3b, 0xff, 0xfc, 0x81, 0xff, 0xcb, 0x7f, 0xff,
    0x9d, 0x21, 0xff, 0xe0, 0xbf, 0xff, 0xc8, 0x1f,
    0xfc, 0x97, 0xff, 0xfa, 0x68, 0x7f, 0xf7, 0xaf,
    0xff, 0xf2, 0x7, 0xff, 0x23, 0xff, 0xfa, 0xd0,
    0x7f, 0xf7, 0x7f, 0xff, 0xca, 0x1f, 0xfc, 0x67,
    0xff, 0xfb, 0x28, 0x7f, 0xf6, 0xff, 0xff, 0xc9,
    0x7, 0xff, 0x16, 0xff, 0xfe, 0xdc, 0x1f, 0xfd,
    0xaf, 0xff, 0xf2, 0x41, 0xff, 0xc4, 0xff, 0xfe,
    0xf8, 0x7f, 0xf6, 0x7f, 0xff, 0xc9, 0x7, 0xff,
    0xf, 0xff, 0xfc, 0x28, 0x7f, 0xf5, 0xff, 0xff,
    0xc9, 0x7, 0xff, 0xb, 0xff, 0xfc, 0x68, 0x7f,
    0xf5, 0xbf, 0xff, 0xc8, 0x87, 0xff, 0x7, 0xff,
    0xfc, 0xa8, 0x7f, 0xf5, 0x7f, 0xff, 0xc8, 0x87,
    0xff, 0x3, 0xff, 0xfc, 0xf0, 0x7f, 0xf4, 0xdf,
    0xff, 0xf2, 0x21, 0xff, 0x7f, 0xff, 0xa5, 0xf,
    0xfe, 0x93, 0xff, 0xfe, 0x44, 0x3f, 0xd7, 0xff,
    0xfa, 0x90, 0xff, 0xe8, 0xbf, 0xff, 0xe4, 0xf,
    0xf5, 0xff, 0xfe, 0xc0, 0xff, 0xe8, 0xdf, 0xff,
    0xe4, 0xf, 0xe7, 0xff, 0xfd, 0xc1, 0xff, 0xd0,
    0xbf, 0xff, 0xc8, 0x1f, 0xdf, 0xff, 0xf0, 0xf,
    0xfe, 0x7d, 0xff, 0xfe, 0x40, 0xfd, 0xff, 0xff,
    0x18, 0x3f, 0xf9, 0xd7, 0xff, 0xf9, 0x3, 0xe7,
    0xff, 0xfe, 0x48, 0x7f, 0xf3, 0x6f, 0xff, 0xf2,
    0x7, 0xdf, 0xff, 0xf4, 0xf, 0xfe, 0x6f, 0xff,
    0xf9, 0x43, 0xdf, 0xff, 0xf5, 0x83, 0xff, 0x99,
    0xff, 0xfe, 0x50, 0xeb, 0xff, 0xfe, 0xc8, 0x7f,
    0xf2, 0xff, 0xff, 0xca, 0x1d, 0xff, 0xff, 0x80,
    0xff, 0xe5, 0xff, 0xff, 0x92, 0xd, 0xff, 0xff,
    0x98, 0x3f, 0xf9, 0x5f, 0xff, 0xe4, 0x82, 0x7f,
    0xff, 0xf4, 0x87, 0xff, 0x27, 0xff, 0xfc, 0x90,
    0x5f, 0xff, 0xfc, 0xf, 0xfe, 0x4f, 0xff, 0xf9,
    0x20, 0x5f, 0xff, 0xfc, 0x43, 0xff, 0x91, 0xff,
    0xfe, 0x48, 0x1f, 0xff, 0xfe, 0xf, 0xfe, 0x47,
    0xff, 0xf9, 0x13, 0xff, 0xff, 0xf0, 0x7f, 0xf1,
    0xff, 0xff, 0xc8, 0xaf, 0xff, 0xff, 0xe1, 0xff,
    0xc7, 0xff, 0xff, 0x23, 0xff, 0xff, 0xff, 0x41,
    0xff, 0xc5, 0x7f, 0xff, 0xc9, 0x7f, 0xff, 0xff,
    0xe0, 0xff, 0xe2, 0xbf, 0xff, 0xff, 0xff, 0xff,
    0x44, 0x1f, 0xfc, 0x47, 0xff, 0xff, 0xff, 0xff,
    0xe9, 0xf, 0xfe, 0x23, 0xff, 0xff, 0xff, 0xff,
    0xf4, 0xc1, 0xff, 0xc3, 0x7f, 0xff, 0xff, 0xff,
    0xfe, 0xa0, 0xff, 0xe1, 0xbf, 0xff, 0xff, 0xff,
    0xff, 0x54, 0x1f, 0xfc, 0x27, 0xff, 0xff, 0xff,
    0xff, 0xeb, 0xf, 0xfe, 0x13, 0xff, 0xff, 0xff,
    0xff, 0xf5, 0xa1, 0xff, 0xc1, 0x7f, 0xff, 0xff,
    0xff, 0xfe, 0xc0, 0xff, 0xe0, 0xbf, 0xff, 0xff,
    0xff, 0xff, 0x62, 0x1f, 0xfc, 0xb, 0xff, 0xff,
    0xff, 0xff, 0xec, 0x83, 0xff, 0x81, 0x7f, 0xff,
    0xff, 0xff, 0xfd, 0xa1, 0xff, 0xc0, 0xbf, 0xff,
    0xff, 0xff, 0xfe, 0xd4, 0x3f, 0xeb, 0xff, 0xff,
    0xff, 0xff, 0xee, 0xf, 0xfa, 0xff, 0xff, 0xff,
    0xff, 0xfb, 0x83, 0xfe, 0xbf, 0xff, 0xff, 0xff,
    0xfe, 0xe8, 0x3f, 0xd7, 0xff, 0xff, 0xff, 0xff,
    0xde, 0x1f, 0xeb, 0xff, 0xff, 0xff, 0xff, 0xef,
    0xf, 0xf5, 0xff, 0xff, 0xff, 0xff, 0xf7, 0xc1,
    0xfd, 0x7f, 0xff, 0xff, 0xff, 0xfe, 0x1, 0xfd,
    0x7f, 0xff, 0xff, 0xff, 0xfe, 0x1, 0xfd, 0x7f,
    0xff, 0xff, 0xff, 0xfe, 0x8, 0x7e, 0xbf, 0xff,
    0xff, 0xff, 0xff, 0x8, 0x3f, 0x5f, 0xff, 0xff,
    0xff, 0xff, 0x88, 0x7e, 0xbf, 0xff, 0xff, 0xff,
    0xff, 0x14, 0x3e, 0xbf, 0xff, 0xf5, 0x21, 0x9b,
    0xff, 0xfd, 0xd0, 0x7d, 0x7f, 0xff, 0xde, 0xf,
    0xf9, 0xff, 0xff, 0x68, 0x7d, 0x7f, 0xff, 0xd9,
    0xf, 0xfe, 0x15, 0xff, 0xfe, 0xb0, 0xfa, 0xff,
    0xff, 0xa4, 0x1f, 0xfc, 0x57, 0xff, 0xfd, 0x48,
    0x7a, 0xff, 0xff, 0x9c, 0x1f, 0xfc, 0x77, 0xff,
    0xfd, 0x30, 0x7a, 0xff, 0xff, 0x94, 0x1f, 0xfc,
    0x97, 0xff, 0xfd, 0x21, 0xeb, 0xff, 0xfe, 0x41,
    0xff, 0xcb, 0x7f, 0xff, 0xd0, 0x1e, 0xbf, 0xff,
    0xe2, 0x1f, 0xfc, 0xdb, 0xff, 0xfc, 0xe8, 0x75,
    0xff, 0xff, 0x4, 0x3f, 0xf9, 0xdf, 0xff, 0xe7,
    0x83, 0xaf, 0xff, 0xf7, 0xc1, 0xff, 0xcf, 0x7f,
    0xff, 0xce, 0x1d, 0x7f, 0xff, 0xbc, 0x3f, 0xfa,
    0x37, 0xff, 0xf9, 0x83, 0xaf, 0xff, 0xf7, 0x21,
    0xff, 0xd2, 0xff, 0xff, 0x30, 0x75, 0xff, 0xfe,
    0xe0, 0xff, 0xe9, 0xdf, 0xff, 0xe5, 0x43, 0x5f,
    0xff, 0xed, 0xf, 0xfe, 0xaf, 0xff, 0xf9, 0x60,
    0xd7, 0xff, 0xfb, 0x20, 0xff, 0xea, 0xdf, 0xff,
    0xe4, 0x83, 0x5f, 0xff, 0xec, 0x43, 0xff, 0xad,
    0xff, 0xfe, 0x50, 0xcf, 0xff, 0xfb, 0x3, 0xff,
    0xaf, 0xff, 0xfe, 0x50, 0xcf, 0xff, 0xfa, 0xd0,
    0xff, 0xeb, 0xbf, 0xff, 0xe4, 0xc, 0xff, 0xff,
    0xac, 0x3f, 0xfb, 0x3f, 0xff, 0xe4, 0x42, 0x7f,
    0xff, 0xd6, 0x1f, 0xfd, 0x9b, 0xff, 0xfc, 0x70,
    0x4f, 0xff, 0xfa, 0x90, 0xff, 0xec, 0xbf, 0xff,
    0xe3, 0x82, 0x7f, 0xff, 0xd4, 0x1f, 0xfd, 0xbf,
    0xff, 0xf2, 0x4, 0xff, 0xff, 0xa8, 0x3f, 0xfb,
    0x7f, 0xff, 0xe4, 0x9, 0xff, 0xff, 0x4c, 0x1f,
    0xfd, 0xb7, 0xff, 0xfc, 0x61, 0xbf, 0xff, 0xd2,
    0x87, 0xff, 0x6d, 0xff, 0xff, 0x18, 0x6f, 0xff,
    0xf4, 0x87, 0xff, 0x77, 0xff, 0xfc, 0x68, 0x5f,
    0xff, 0xe9, 0xf, 0xfe, 0xef, 0xff, 0xf8, 0xd0,
    0xbf, 0xff, 0xd1, 0x7, 0xff, 0x76, 0xff, 0xff,
    0x14, 0x17, 0xff, 0xfa, 0x10, 0xff, 0xee, 0xbf,
    0xff, 0xe2, 0x82, 0xff, 0xff, 0x40, 0x7f, 0xf7,
    0xff, 0xff, 0xc6, 0x17, 0xff, 0xfa, 0x3, 0xff,
    0xbf, 0xff, 0xfe, 0x30, 0xbf, 0xff, 0xd0, 0x1f,
    0xfd, 0xff, 0xff, 0xf1, 0x85, 0xff, 0xfe, 0x78,
    0x3f, 0xfb, 0xf7, 0xff, 0xf8, 0x82, 0xff, 0xff,
    0x3a, 0x1f, 0xfd, 0xfb, 0xff, 0xfc, 0x41, 0x7f,
    0xff, 0x9d, 0xf, 0xfe, 0xfb, 0xff, 0xfe, 0x24,
    0x17, 0xff, 0xf9, 0x83, 0xff, 0xc3, 0xff, 0xfe,
    0x24, 0x17, 0xff, 0xf9, 0x83, 0xff, 0xc3, 0xff,
    0xfe, 0x24, 0x17, 0xff, 0xf9, 0x83, 0xff, 0xc3,
    0xff, 0xfe, 0x24, 0x17, 0xff, 0xf9, 0x83, 0xff,
    0xc3, 0xff, 0xfe, 0x28, 0x17, 0xff, 0xf9, 0x83,
    0xff, 0xc3, 0xff, 0xfe, 0x28, 0xf, 0xff, 0xf9,
    0x60, 0xff, 0xf0, 0xdf, 0xff, 0xe1, 0x80, 0xff,
    0xff, 0x96, 0xf, 0xff, 0xd, 0xff, 0xfe, 0x18,
    0xf, 0xff, 0xf9, 0x60, 0xff, 0xf0, 0xdf, 0xff,
    0xe2, 0x3, 0xff, 0xfe, 0x54, 0x3f, 0xfc, 0x2f,
    0xff, 0xf8, 0x82, 0xff, 0xff, 0x2a, 0x1f, 0xfe,
    0x17, 0xff, 0xfc, 0x41, 0x7f, 0xff, 0x95, 0xf,
    0xff, 0xb, 0xff, 0xfe, 0x20, 0xbf, 0xff, 0xca,
    0x87, 0xff, 0x85, 0xff, 0xff, 0x10, 0x5f, 0xff,
    0xe5, 0xf, 0xff, 0x1f, 0xff, 0xf8, 0x82, 0xff,
    0xff, 0x28, 0x7f, 0xf8, 0xff, 0xff, 0xc4, 0x17,
    0xff, 0xf9, 0x43, 0xff, 0xc7, 0xff, 0xfe, 0x20,
    0xaf, 0xff, 0xf2, 0x7, 0xff, 0x8f, 0xff, 0xfc,
    0x41, 0x5f, 0xff, 0xe4, 0xf, 0xff, 0x1f, 0xff,
    0xf8, 0x82, 0xbf, 0xff, 0xc8, 0x1f, 0xfe, 0x3f,
    0xff, 0xf1, 0x4, 0xff, 0xff, 0x90, 0x3f, 0xfc,
    0x7f, 0xff, 0xe2, 0x9, 0xff, 0xff, 0x20, 0x7f,
    0xf8, 0xff, 0xff, 0xc4, 0x13, 0xff, 0xfe, 0x40,
    0xff, 0xf1, 0xff, 0xff, 0x88, 0x37, 0xff, 0xf9,
    0x3, 0xff, 0xc7, 0xff, 0xfe, 0x20, 0xdf, 0xff,
    0xe4, 0xf, 0xff, 0x1f, 0xff, 0xf8, 0x83, 0x7f,
    0xff, 0x90, 0x3f, 0xfc, 0x7f, 0xff, 0xe2, 0xd,
    0xff, 0xfe, 0x40, 0xff, 0xf1, 0xff, 0xff, 0x88,
    0x35, 0xff, 0xfe, 0x30, 0xff, 0xf1, 0xff, 0xff,
    0x88, 0x35, 0xff, 0xfe, 0x30, 0xff, 0xf1, 0xff,
    0xff, 0x88, 0x35, 0xff, 0xfe, 0x34, 0x3f, 0xfc,
    0x5f, 0xff, 0xe2, 0xc, 0xff, 0xff, 0x8d, 0xf,
    0xff, 0x17, 0xff, 0xf8, 0x83, 0x3f, 0xff, 0xe3,
    0x43, 0xff, 0xc5, 0xff, 0xfe, 0x20, 0xef, 0xff,
    0xf1, 0xa1, 0xff, 0xe2, 0xff, 0xff, 0x10, 0x77,
    0xff, 0xf8, 0xd0, 0xff, 0xf1, 0x7f, 0xff, 0x88,
    0x3b, 0xff, 0xfc, 0x70, 0x7f, 0xf8, 0xbf, 0xff,
    0xc3, 0x7, 0x7f, 0xff, 0x8e, 0xf, 0xff, 0xb,
    0xff, 0xfe, 0x18, 0x3a, 0xff, 0xff, 0x14, 0x1f,
    0xfe, 0x17, 0xff, 0xfc, 0x30, 0x73, 0xff, 0xfe,
    0x30, 0xff, 0xf0, 0xbf, 0xff, 0xe1, 0x83, 0x9f,
    0xff, 0xf1, 0x87, 0xff, 0x85, 0xff, 0xff, 0xc,
    0x1e, 0xff, 0xff, 0x18, 0x7f, 0xf8, 0x6f, 0xff,
    0xf0, 0xa1, 0xef, 0xff, 0xf1, 0x87, 0xff, 0x86,
    0xff, 0xff, 0xa, 0x1e, 0xff, 0xff, 0x1a, 0x1f,
    0xfe, 0xb, 0xff, 0xfc, 0x28, 0x7b, 0xff, 0xfc,
    0x68, 0x7f, 0xf8, 0x3f, 0xff, 0xc4, 0x1f, 0x5f,
    0xff, 0xe2, 0x83, 0xff, 0xc1, 0xff, 0xfe, 0x20,
    0xf9, 0xff, 0xff, 0x14, 0x1f, 0xfe, 0xf, 0xff,
    0xf1, 0x7, 0xcf, 0xff, 0xf8, 0xc3, 0xff, 0xc1,
    0xff, 0xfe, 0x20, 0xfd, 0xff, 0xfe, 0x30, 0xff,
    0xef, 0xbf, 0xff, 0xe2, 0xf, 0xdf, 0xff, 0xe3,
    0xf, 0xfe, 0xfb, 0xff, 0xfe, 0x18, 0x3f, 0x7f,
    0xff, 0x8d, 0xf, 0xfe, 0xf5, 0xff, 0xfe, 0x18,
    0x3f, 0x5f, 0xff, 0xe2, 0x83, 0xff, 0xbd, 0xff,
    0xfe, 0x24, 0x3f, 0x3f, 0xff, 0xe3, 0xf, 0xfe,
    0xf7, 0xff, 0xf8, 0x90, 0xfe, 0xff, 0xff, 0x18,
    0x7f, 0xf7, 0xbf, 0xff, 0xc4, 0x1f, 0xef, 0xff,
    0xf1, 0xa1, 0xff, 0xdc, 0x7f, 0xff, 0xc4, 0x1f,
    0xef, 0xff, 0xf1, 0xc1, 0xff, 0xdc, 0xbf, 0xff,
    0xc4, 0x1f, 0xeb, 0xff, 0xfc, 0x61, 0xff, 0xdc,
    0xff, 0xff, 0x18, 0x7f, 0x9f, 0xff, 0xf1, 0x87,
    0xff, 0x73, 0xff, 0xfc, 0x50, 0x7f, 0xdf, 0xff,
    0xe3, 0x43, 0xff, 0xb7, 0xff, 0xfe, 0x28, 0x3f,
    0xef, 0xff, 0xf2, 0x7, 0xff, 0x69, 0xff, 0xff,
    0x12, 0x1f, 0xf7, 0xff, 0xf9, 0x3, 0xff, 0xb5,
    0xff, 0xfe, 0x30, 0xff, 0xe0, 0x5f, 0xff, 0xe3,
    0x83, 0xff, 0xb3, 0xff, 0xfe, 0x30, 0xff, 0xe0,
    0x3f, 0xff, 0xe4, 0xf, 0xfe, 0xc3, 0xff, 0xfe,
    0x30, 0xff, 0xe0, 0xff, 0xff, 0x91, 0xf, 0xfe,
    0xbd, 0xff, 0xfe, 0x28, 0x3f, 0xf8, 0x3f, 0xff,
    0xe5, 0xf, 0xfe, 0xbf, 0xff, 0xf8, 0xe0, 0xff,
    0xe0, 0xdf, 0xff, 0xe4, 0xf, 0xfe, 0xb5, 0xff,
    0xfe, 0x34, 0x3f, 0xf8, 0x2f, 0xff, 0xf9, 0x20,
    0xff, 0xea, 0xff, 0xff, 0x90, 0x3f, 0xf8, 0x7f,
    0xff, 0xe5, 0xf, 0xfe, 0xa3, 0xff, 0xfe, 0x40,
    0xff, 0xe1, 0xff, 0xff, 0x96, 0xf, 0xfe, 0x9f,
    0xff, 0xf9, 0x20, 0xff, 0xe1, 0xdf, 0xff, 0xe5,
    0x43, 0xff, 0xa2, 0xff, 0xff, 0x92, 0xf, 0xfe,
    0x1b, 0xff, 0xfe, 0x60, 0xff, 0xe8, 0xff, 0xff,
    0x95, 0xf, 0xfe, 0x27, 0xff, 0xf9, 0xa0, 0xff,
    0xe7, 0xdf, 0xff, 0xe5, 0xf, 0xfe, 0x2f, 0xff,
    0xf9, 0xc3, 0xff, 0x9f, 0xff, 0xfe, 0x60, 0xff,
    0xe2, 0xdf, 0xff, 0xe7, 0xf, 0xfe, 0x6f, 0xff,
    0xf9, 0xa0, 0xff, 0xe3, 0x7f, 0xff, 0x9e, 0xf,
    0xfe, 0x5d, 0xff, 0xfe, 0x64, 0x3f, 0xf8, 0xdf,
    0xff, 0xe8, 0x83, 0xff, 0x92, 0xff, 0xff, 0x9c,
    0x3f, 0xf8, 0xf7, 0xff, 0xfa, 0x20, 0xff, 0xe3,
    0xbf, 0xff, 0xe8, 0xf, 0xfe, 0x3b, 0xff, 0xfe,
    0x98, 0x3f, 0xf8, 0xaf, 0xff, 0xfa, 0x20, 0xff,
    0xe4, 0x7f, 0xff, 0xac, 0x3f, 0xf8, 0x77, 0xff,
    0xfa, 0x50, 0xff, 0xe4, 0x5f, 0xff, 0xeb, 0x83,
    0xfe, 0x7f, 0xff, 0xd6, 0x1f, 0xfc, 0x97, 0xff,
    0xfd, 0xd2, 0x19, 0xbf, 0xff, 0xda, 0x1f, 0xfc,
    0xaf, 0xff, 0xff, 0xff, 0xff, 0x8e, 0xf, 0xfe,
    0x57, 0xff, 0xff, 0xff, 0xff, 0xc6, 0x1f, 0xfc,
    0xb7, 0xff, 0xff, 0xff, 0xff, 0xe2, 0xf, 0xfe,
    0x67, 0xff, 0xff, 0xff, 0xff, 0xc3, 0x7, 0xff,
    0x33, 0xff, 0xff, 0xff, 0xff, 0xe1, 0x43, 0xff,
    0x98, 0xff, 0xff, 0xff, 0xff, 0xfc, 0x1, 0xff,
    0xce, 0xff, 0xff, 0xff, 0xff, 0xf7, 0xe0, 0xff,
    0xe7, 0x5f, 0xff, 0xff, 0xff, 0xfe, 0xf2, 0x1f,
    0xfc, 0xe7, 0xff, 0xff, 0xff, 0xff, 0xde, 0xf,
    0xfe, 0x87, 0xff, 0xff, 0xff, 0xff, 0xbb, 0x7,
    0xff, 0x42, 0xff, 0xff, 0xff, 0xff, 0xf7, 0x3,
    0xff, 0xa5, 0xff, 0xff, 0xff, 0xff, 0xee, 0x7,
    0xff, 0x4a, 0xff, 0xff, 0xff, 0xff, 0xf6, 0x90,
    0xff, 0xe9, 0x3f, 0xff, 0xff, 0xff, 0xfe, 0xd0,
    0x7f, 0xf5, 0x3f, 0xff, 0xff, 0xff, 0xfd, 0x98,
    0x3f, 0xfa, 0x8f, 0xff, 0xff, 0xff, 0xff, 0xb0,
    0x1f, 0xfd, 0x6f, 0xff, 0xff, 0xff, 0xff, 0x60,
    0x3f, 0xfa, 0xd7, 0xff, 0xff, 0xff, 0xff, 0xac,
    0x87, 0xff, 0x5f, 0xff, 0xff, 0xff, 0xff, 0xd6,
    0xf, 0xfe, 0xc5, 0xff, 0xff, 0xff, 0xff, 0xea,
    0x21, 0xff, 0xd9, 0xff, 0xff, 0xff, 0xff, 0xf5,
    0x3, 0xff, 0xb5, 0x7f, 0xff, 0xff, 0xff, 0xfa,
    0x48, 0x7f, 0xf6, 0xff, 0xff, 0xff, 0xff, 0xfd,
    0x20, 0xff, 0xee, 0x5f, 0xff, 0xff, 0xff, 0xfe,
    0x82, 0x1f, 0xfd, 0xdf, 0xff, 0xff, 0xff, 0xff,
    0x40, 0x3f, 0xfb, 0xd7, 0xff, 0xff, 0xff, 0xff,
    0x9c, 0x87, 0xff, 0x7f, 0xff, 0xff, 0xff, 0xff,
    0xce, 0xf, 0xff, 0x3, 0xff, 0xff, 0xff, 0xff,
    0xe6, 0x21, 0xff, 0xe1, 0xbf, 0xff, 0xff, 0xff,
    0xfc, 0xa8, 0x3f, 0xfc, 0x7f, 0xff, 0xff, 0xff,
    0xfe, 0x50, 0x7f, 0xf9, 0x2f, 0xff, 0xff, 0xff,
    0xff, 0x21, 0xf, 0xff, 0x2f, 0xff, 0xff, 0xff,
    0xff, 0x90, 0x1f, 0xfe, 0x7f, 0xff, 0xff, 0xff,
    0xff, 0x18, 0x3f, 0xfd, 0xf, 0xff, 0xff, 0xff,
    0xff, 0x88, 0x87, 0xff, 0xa6, 0xff, 0xff, 0xff,
    0xff, 0xf0, 0xa0, 0xff, 0xf5, 0xff, 0xff, 0xff,
    0xff, 0xf8, 0x41, 0xff, 0xed, 0xff, 0xff, 0xff,
    0xff, 0xf0, 0x3, 0xff, 0xdc, 0xff, 0xff, 0xff,
    0xff, 0xc8, 0x7f, 0xfb, 0xdf, 0xff, 0xff, 0xff,
    0xe8, 0x3f, 0xfe, 0x37, 0xff, 0xff, 0xff, 0xd0,
    0x7f, 0xfc, 0xef, 0xff, 0xff, 0xfe, 0x83, 0xff,
    0xeb, 0x7f, 0xff, 0xff, 0xe0, 0xff, 0xfb, 0xdf,
    0xff, 0xff, 0xc3, 0xff, 0xf3, 0x7f, 0xff, 0xf6,
    0xf, 0xff, 0xdb, 0xff, 0xff, 0xb8, 0x3f, 0xff,
    0xdf, 0xff, 0xf9, 0x83, 0xff, 0xfe, 0x5f, 0xff,
    0xf6, 0x43, 0xff, 0xfe, 0x13, 0xff, 0xff, 0x40,
    0xff, 0xff, 0x87, 0xd7, 0xff, 0xfc, 0x20, 0xff,
    0xff, 0x87, 0xf3, 0xff, 0xfe, 0xe0, 0xff, 0xff,
    0x87, 0xff, 0x6, 0xff, 0xff, 0x52, 0x1f, 0xff,
    0xf0, 0xff, 0xe2, 0x3f, 0xff, 0xe6, 0x43, 0xff,
    0xfe, 0x1f, 0xfc, 0x87, 0xff, 0xfc, 0x48, 0x7f,
    0xff, 0xc3, 0xff, 0x9b, 0x7f, 0xff, 0x72, 0x43,
    0xff, 0xfe, 0x1f, 0xfd, 0x2b, 0xff, 0xfa, 0xd2,
    0x1f, 0xff, 0xf0, 0xff, 0xec, 0x2a, 0xff, 0xfe,
    0x6c, 0x87, 0xff, 0xfc, 0x3f, 0xfc, 0x4a, 0xa7,
    0xff, 0xf0, 0x25, 0x7, 0xff, 0xbc,

    /* U+0037 "7" */
    0x17, 0xff, 0xfe, 0xbf, 0xff, 0x60, 0x7f, 0xff,
    0xff, 0xff, 0xfe, 0xc9, 0xff, 0xff, 0xff, 0xff,
    0xfb, 0x27, 0xff, 0xff, 0xff, 0xff, 0xec, 0x9f,
    0xff, 0xff, 0xff, 0xff, 0xb2, 0x7f, 0xff, 0xff,
    0xff, 0xfe, 0xc9, 0xff, 0xff, 0xff, 0xff, 0xfb,
    0x27, 0xff, 0xff, 0xff, 0xff, 0xec, 0x9f, 0xff,
    0xff, 0xff, 0xff, 0xb2, 0x7f, 0xff, 0xff, 0xff,
    0xfe, 0xc9, 0xff, 0xff, 0xff, 0xff, 0xfb, 0x27,
    0xff, 0xff, 0xff, 0xff, 0xec, 0x9f, 0xff, 0xff,
    0xff, 0xff, 0xb2, 0x7f, 0xff, 0xff, 0xff, 0xfe,
    0xc9, 0xff, 0xff, 0xff, 0xff, 0xfb, 0x27, 0xff,
    0xff, 0xff, 0xff, 0xec, 0x9f, 0xff, 0xff, 0xff,
    0xff, 0xb2, 0x7f, 0xff, 0xff, 0xff, 0xfe, 0xc9,
    0xff, 0xff, 0xff, 0xff, 0xfb, 0x27, 0xff, 0xff,
    0xff, 0xff, 0xec, 0x9f, 0xff, 0xff, 0xff, 0xff,
    0xb2, 0x7f, 0xff, 0xff, 0xff, 0xfe, 0xc9, 0xff,
    0xff, 0xff, 0xff, 0xfb, 0x27, 0xff, 0xff, 0xff,
    0xff, 0xec, 0x9f, 0xff, 0xff, 0xff, 0xff, 0xb2,
    0x7f, 0xff, 0xff, 0xff, 0xfe, 0xc9, 0xff, 0xff,
    0xff, 0xff, 0xfb, 0x27, 0xff, 0xff, 0xff, 0xff,
    0xec, 0x9f, 0xff, 0xff, 0xff, 0xff, 0xb2, 0x7f,
    0xff, 0xff, 0xff, 0xfe, 0xc9, 0xff, 0xff, 0xff,
    0xff, 0xfb, 0x27, 0xff, 0xff, 0xff, 0xff, 0xec,
    0x9f, 0xff, 0xff, 0xff, 0xff, 0xb2, 0x7f, 0xff,
    0xff, 0xff, 0xfe, 0xc9, 0xff, 0xff, 0xff, 0xff,
    0xfb, 0x27, 0xff, 0xff, 0xff, 0xff, 0xec, 0x9f,
    0xff, 0xff, 0xff, 0xff, 0xb2, 0x7f, 0xff, 0xff,
    0xff, 0xfe, 0xc9, 0xff, 0xff, 0xff, 0xff, 0xfb,
    0x27, 0xff, 0xff, 0xff, 0xff, 0xec, 0x9f, 0xff,
    0xff, 0xff, 0xff, 0xb2, 0x7f, 0xff, 0xff, 0xff,
    0xfe, 0xc9, 0xff, 0xff, 0xff, 0xff, 0xfb, 0x27,
    0xff, 0xff, 0xff, 0xff, 0xec, 0x9f, 0xff, 0xff,
    0xff, 0xff, 0xb2, 0x7f, 0xff, 0xff, 0xff, 0xfe,
    0xc9, 0xff, 0xff, 0xff, 0xff, 0xfb, 0x27, 0xff,
    0xff, 0xff, 0xff, 0xec, 0x9f, 0xff, 0xff, 0xff,
    0xff, 0xb2, 0x7f, 0xff, 0xff, 0xff, 0xfe, 0xc9,
    0xff, 0xff, 0xff, 0xff, 0xfb, 0x27, 0xff, 0xff,
    0xff, 0xff, 0xec, 0x9f, 0xff, 0xff, 0xff, 0xff,
    0xb2, 0x7f, 0xff, 0xff, 0xff, 0xfe, 0xc9, 0xff,
    0xff, 0xff, 0xff, 0xfb, 0x27, 0xff, 0xff, 0xff,
    0xff, 0xec, 0x9f, 0xff, 0xff, 0xff, 0xff, 0xb2,
    0x7f, 0xff, 0xff, 0xff, 0xfe, 0xc9, 0xff, 0xff,
    0xff, 0xff, 0xfb, 0x27, 0xff, 0xff, 0xff, 0xff,
    0xec, 0x9f, 0xff, 0xff, 0xff, 0xff, 0xb2, 0x7f,
    0xff, 0xff, 0xff, 0xfe, 0xc9, 0xff, 0xff, 0xff,
    0xff, 0xfb, 0x3, 0xff, 0xff, 0xff, 0xff, 0xf5,
    0x81, 0xff, 0xff, 0xff, 0xff, 0xfa, 0x85, 0xff,
    0xff, 0xff, 0xff, 0xfa, 0x41, 0x7f, 0xff, 0xff,
    0xff, 0xfe, 0x81, 0xbf, 0xff, 0xff, 0xff, 0xff,
    0x38, 0x37, 0xff, 0xff, 0xff, 0xff, 0xe6, 0x1d,
    0xff, 0xff, 0xff, 0xff, 0xf9, 0x21, 0xdf, 0xff,
    0xff, 0xff, 0xff, 0x90, 0x7b, 0xff, 0xff, 0xff,
    0xff, 0xf1, 0x43, 0xdf, 0xff, 0xff, 0xff, 0xff,
    0x88, 0x7d, 0xff, 0xff, 0xff, 0xff, 0xf8, 0x21,
    0xf7, 0xff, 0xff, 0xff, 0xff, 0xdf, 0x7, 0xef,
    0xff, 0xff, 0xff, 0xff, 0xbc, 0x3f, 0xbf, 0xff,
    0xff, 0xff, 0xfe, 0xe8, 0x3f, 0xbf, 0xff, 0xff,
    0xff, 0xfe, 0xe0, 0xff, 0xff, 0x87, 0xff, 0x27,
    0xff, 0xfc, 0x50, 0x7f, 0xff, 0xc3, 0xff, 0x91,
    0x7f, 0xff, 0x88, 0x3f, 0xff, 0xe1, 0xff, 0xc9,
    0xff, 0xff, 0x14, 0x1f, 0xff, 0xf0, 0xff, 0xe4,
    0x3f, 0xff, 0xe2, 0xf, 0xff, 0xf8, 0x7f, 0xf2,
    0x7f, 0xff, 0xc5, 0x7, 0xff, 0xfc, 0x3f, 0xf9,
    0xf, 0xff, 0xf8, 0x83, 0xff, 0xfe, 0x1f, 0xfc,
    0x9b, 0xff, 0xfc, 0x30, 0x7f, 0xff, 0xc3, 0xff,
    0x93, 0xff, 0xfe, 0x20, 0xff, 0xff, 0x87, 0xff,
    0x26, 0xff, 0xff, 0xc, 0x1f, 0xff, 0xf0, 0xff,
    0xe4, 0xff, 0xff, 0x88, 0x3f, 0xff, 0xe1, 0xff,
    0xc9, 0x7f, 0xff, 0xc3, 0x7, 0xff, 0xfc, 0x3f,
    0xf9, 0x3f, 0xff, 0xe2, 0xf, 0xff, 0xf8, 0x7f,
    0xf2, 0xbf, 0xff, 0xc3, 0x7, 0xff, 0xfc, 0x3f,
    0xf9, 0x37, 0xff, 0xf8, 0x43, 0xff, 0xfe, 0x1f,
    0xfc, 0xaf, 0xff, 0xf1, 0x7, 0xff, 0xfc, 0x3f,
    0xf9, 0x2f, 0xff, 0xf8, 0x50, 0xff, 0xff, 0x87,
    0xff, 0x27, 0xff, 0xfc, 0x41, 0xff, 0xff, 0xf,
    0xfe, 0x57, 0xff, 0xf8, 0x50, 0xff, 0xff, 0x87,
    0xff, 0x26, 0xff, 0xff, 0x8, 0x7f, 0xff, 0xc3,
    0xff, 0x95, 0xff, 0xfe, 0x14, 0x3f, 0xff, 0xe1,
    0xff, 0xc9, 0x7f, 0xff, 0xc2, 0x1f, 0xff, 0xf0,
    0xff, 0xe5, 0x7f, 0xff, 0x86, 0xf, 0xff, 0xf8,
    0x7f, 0xf2, 0xbf, 0xff, 0xc2, 0x1f, 0xff, 0xf0,
    0xff, 0xe5, 0x5f, 0xff, 0xe1, 0xf, 0xff, 0xf8,
    0x7f, 0xf2, 0xbf, 0xff, 0xc2, 0x87, 0xff, 0xfc,
    0x3f, 0xf9, 0x2f, 0xff, 0xf8, 0x43, 0xff, 0xfe,
    0x1f, 0xfc, 0xab, 0xff, 0xfc, 0x10, 0x7f, 0xff,
    0xc3, 0xff, 0x95, 0xff, 0xfe, 0x10, 0xff, 0xff,
    0x87, 0xff, 0x2a, 0xff, 0xff, 0x4, 0x1f, 0xff,
    0xf0, 0xff, 0xe5, 0x7f, 0xff, 0x85, 0xf, 0xff,
    0xf8, 0x7f, 0xf2, 0x5f, 0xff, 0xf0, 0x87, 0xff,
    0xfc, 0x3f, 0xf9, 0x57, 0xff, 0xf8, 0x10, 0xff,
    0xff, 0x87, 0xff, 0x2b, 0xff, 0xfc, 0x21, 0xff,
    0xff, 0xf, 0xfe, 0x53, 0xff, 0xfe, 0x8, 0x3f,
    0xff, 0xe1, 0xff, 0xca, 0xff, 0xff, 0x8, 0x7f,
    0xff, 0xc3, 0xff, 0x97, 0xff, 0xfe, 0x10, 0xff,
    0xff, 0x87, 0xff, 0x2a, 0xff, 0xff, 0x2, 0x1f,
    0xff, 0xf0, 0xff, 0xe5, 0x7f, 0xff, 0x84, 0x3f,
    0xff, 0xe1, 0xff, 0xca, 0x7f, 0xff, 0xc1, 0x7,
    0xff, 0xfc, 0x3f, 0xf9, 0x57, 0xff, 0xf8, 0x10,
    0xff, 0xff, 0x87, 0xff, 0x2b, 0xff, 0xfc, 0x21,
    0xff, 0xff, 0xf, 0xfe, 0x53, 0xff, 0xfe, 0x8,
    0x3f, 0xff, 0xe1, 0xff, 0xca, 0xbf, 0xff, 0xc0,
    0x1f, 0xff, 0xf0, 0xff, 0xe5, 0xff, 0xff, 0x84,
    0x3f, 0xff, 0xe1, 0xff, 0xca, 0x7f, 0xff, 0xc0,
    0x87, 0xff, 0xfc, 0x3f, 0xf9, 0x5f, 0xff, 0xe1,
    0xf, 0xff, 0xf8, 0x7f, 0xf2, 0xff, 0xff, 0xc1,
    0x7, 0xff, 0xfc, 0x3f, 0xf9, 0x57, 0xff, 0xf8,
    0x10, 0xff, 0xff, 0x87, 0xff, 0x2b, 0xff, 0xfc,
    0x21, 0xff, 0xff, 0xf, 0xfe, 0x5f, 0xff, 0xf8,
    0x20, 0xff, 0xff, 0x87, 0xff, 0x2a, 0xff, 0xff,
    0x2, 0x1f, 0xff, 0xf0, 0xff, 0xe5, 0x7f, 0xff,
    0x84, 0x3f, 0xff, 0xe1, 0xff, 0xcb, 0xff, 0xff,
    0x4, 0x1f, 0xff, 0xf0, 0xff, 0xe5, 0x5f, 0xff,
    0xe0, 0xf, 0xff, 0xf8, 0x7f, 0xf2, 0xff, 0xff,
    0xc2, 0x1f, 0xff, 0xf0, 0xff, 0xe5, 0x3f, 0xff,
    0xe0, 0x83, 0xff, 0xfe, 0x1f, 0xfc, 0xab, 0xff,
    0xfc, 0x1, 0xff, 0xff, 0xf, 0xfe, 0x5f, 0xff,
    0xf8, 0x43, 0xff, 0xfe, 0x1f, 0xfc, 0xa7, 0xff,
    0xfc, 0x10, 0x7f, 0xff, 0xc3, 0xff, 0x95, 0x7f,
    0xff, 0x81, 0xf, 0xff, 0xf8, 0x7f, 0xf2, 0xbf,
    0xff, 0xc2, 0x1f, 0xff, 0xf0, 0xff, 0xe5, 0x3f,
    0xff, 0xe0, 0x83, 0xff, 0xfe, 0x1f, 0xfc, 0xab,
    0xff, 0xfc, 0x8, 0x7f, 0xff, 0xc3, 0xff, 0x95,
    0xff, 0xfe, 0x10, 0xff, 0xff, 0x87, 0xff, 0x29,
    0xff, 0xff, 0x4, 0x1f, 0xff, 0xf0, 0xff, 0xe5,
    0x5f, 0xff, 0xe0, 0x43, 0xff, 0xfe, 0x1f, 0xfc,
    0xaf, 0xff, 0xf0, 0x87, 0xff, 0xfc, 0x3f, 0xf9,
    0x7f, 0xff, 0xe1, 0xf, 0xff, 0xf8, 0x7f, 0xf2,
    0xaf, 0xff, 0xf0, 0x41, 0xff, 0xff, 0xf, 0xfe,
    0x57, 0xff, 0xf8, 0x43, 0xff, 0xfe, 0x1f, 0xfc,
    0xbf, 0xff, 0xf0, 0x87, 0xff, 0xfc, 0x3f, 0xf9,
    0x57, 0xff, 0xf8, 0x20, 0xff, 0xff, 0x87, 0xff,
    0x2b, 0xff, 0xfc, 0x28, 0x7f, 0xff, 0xc3, 0xff,
    0x95, 0xff, 0xfe, 0x10, 0xff, 0xff, 0x87, 0xff,
    0x29, 0xff, 0xff, 0x4, 0x1f, 0xff, 0xf0, 0xff,
    0xe5, 0x7f, 0xff, 0x85, 0xf, 0xff, 0xf8, 0x7f,
    0xf2, 0xbf, 0xff, 0xc2, 0x1f, 0xff, 0xf0, 0xff,
    0xe5, 0x3f, 0xff, 0xe1, 0xf, 0xff, 0xf8, 0x7f,
    0xf2, 0xaf, 0xff, 0xf0, 0x41, 0xff, 0xff, 0xf,
    0xfe, 0x57, 0xff, 0xf8, 0x50, 0xff, 0xff, 0x87,
    0xff, 0x2b, 0xff, 0xfc, 0x21, 0xff, 0xff, 0xf,
    0xfe, 0x55, 0xff, 0xfe, 0x10, 0xff, 0xff, 0x87,
    0xff, 0x2b, 0xff, 0xfc, 0x30, 0x7f, 0xff, 0xc3,
    0xff, 0x95, 0xff, 0xfe, 0x10, 0xff, 0xff, 0x87,
    0xff, 0x29, 0xff, 0xff, 0x8, 0x7f, 0xff, 0xc3,
    0xff, 0x95, 0x7f, 0xff, 0x82, 0xf, 0xff, 0xf8,
    0x7f, 0xf2, 0xbf, 0xff, 0xc2, 0x87, 0xff, 0xfc,
    0x3f, 0xf9, 0x2f, 0xff, 0xf8, 0x43, 0xff, 0xfe,
    0x1f, 0xfc, 0xab, 0xff, 0xfc, 0x21, 0xff, 0xff,
    0xf, 0xfe, 0x57, 0xff, 0xf8, 0x60, 0xff, 0xff,
    0x87, 0xff, 0x2b, 0xff, 0xfc, 0x28, 0x7f, 0xff,
    0xc3, 0xff, 0x92, 0xff, 0xff, 0x84, 0x3f, 0xff,
    0xe1, 0xff, 0xca, 0xbf, 0xff, 0xc2, 0x1f, 0xff,
    0xf0, 0xff, 0xe5, 0x7f, 0xff, 0x86, 0xf, 0xff,
    0xf8, 0x7f, 0xf2, 0xbf, 0xff, 0xc2, 0x87, 0xff,
    0xfc, 0x3f, 0xf9, 0x2f, 0xff, 0xf8, 0x43, 0xff,
    0xfe, 0x1f, 0xfc, 0xaf, 0xff, 0xf1, 0x7, 0xff,
    0xfc, 0x3f, 0xf9, 0x5f, 0xff, 0xe1, 0x83, 0xff,
    0xfe, 0x1f, 0xfc, 0x97, 0xff, 0xfc, 0x28, 0x7f,
    0xff, 0xc3, 0xff, 0x93, 0x7f, 0xff, 0x84, 0x3f,
    0xff, 0xe1, 0xff, 0xca, 0xff, 0xff, 0x10, 0x7f,
    0xff, 0xc3, 0xff, 0x95, 0xff, 0xfe, 0x18, 0x3f,
    0xff, 0xe1, 0xff, 0xc9, 0x7f, 0xff, 0xc2, 0x87,
    0xff, 0xfc, 0x3f, 0xf9, 0x37, 0xff, 0xf8, 0x43,
    0xff, 0xfe, 0x1f, 0xfc, 0xaf, 0xff, 0xf1, 0x7,
    0xff, 0xfc, 0x3f, 0xf9, 0x5f, 0xff, 0xe2, 0xf,
    0xff, 0xf8, 0x7f, 0xf2, 0x5f, 0xff, 0xf0, 0xc1,
    0xff, 0xff, 0xf, 0xfe, 0x4d, 0xff, 0xfe, 0x14,
    0x3f, 0xff, 0xe1, 0xff, 0xc9, 0xff, 0xff, 0x10,
    0x7f, 0xff, 0xc3, 0xff, 0x95, 0xff, 0xfe, 0x20,
    0xff, 0xff, 0x87, 0xff, 0x25, 0xff, 0xff, 0xc,
    0x1f, 0xff, 0xf0, 0xff, 0xe4, 0xdf, 0xff, 0xe1,
    0x43, 0xff, 0xfe, 0x1f, 0xfc, 0x9f, 0xff, 0xf1,
    0x7, 0xff, 0xfc, 0x3f, 0xf9, 0x5f, 0xff, 0xe2,
    0xf, 0xff, 0xf8, 0x7f, 0xf2, 0x5f, 0xff, 0xf1,
    0x7, 0xff, 0xfc, 0x3f, 0xf9, 0x37, 0xff, 0xf8,
    0x60, 0xff, 0xff, 0x87, 0xff, 0x27, 0xff, 0xfc,
    0x48, 0x7f, 0xff, 0xc3, 0xff, 0x93, 0xff, 0xfe,
    0x20, 0xff, 0xff, 0x87, 0xff, 0x2b, 0xff, 0xfc,
    0x41, 0xff, 0xff, 0xf, 0xfe, 0x4b, 0xff, 0xfe,
    0x18, 0x3f, 0xff, 0xe1, 0xff, 0xc9, 0xbf, 0xff,
    0xc3, 0x7, 0xff, 0xfc, 0x3f, 0xf9, 0x3f, 0xff,
    0xe2, 0x43, 0xff, 0xfe, 0x1f, 0xfc, 0x9f, 0xff,
    0xf1, 0x7, 0xff, 0xfc, 0x3f, 0xf9, 0x5f, 0xff,
    0xe2, 0xf, 0xff, 0xf8, 0x7f, 0xf2, 0x5f, 0xff,
    0xf0, 0xc1, 0xff, 0xff, 0xf, 0xfe, 0x4d, 0xff,
    0xfe, 0x14, 0x3f, 0xff, 0xe1, 0xff, 0xc9, 0xff,
    0xff, 0x12, 0x1f, 0xff, 0xf0, 0xff, 0xe4, 0xff,
    0xff, 0x88, 0x3f, 0xff, 0xe1, 0xff, 0xc9, 0x7f,
    0xff, 0xc4, 0x1f, 0xff, 0xf0, 0xff, 0xe4, 0xbf,
    0xff, 0xe1, 0x83, 0xff, 0xfe, 0x1f, 0xfc, 0x9b,
    0xff, 0xfc, 0x30, 0x7f, 0xff, 0xc3, 0xff, 0x93,
    0xff, 0xfe, 0x24, 0x3f, 0xff, 0xe1, 0xff, 0xc9,
    0xff, 0xff, 0x10, 0x7f, 0xff, 0xc3, 0xff, 0x92,
    0xff, 0xff, 0x88, 0x3f, 0xff, 0xe1, 0xff, 0xc9,
    0x7f, 0xff, 0xc4, 0x1f, 0xff, 0xf0, 0xff, 0xe4,
    0xdf, 0xff, 0xe1, 0x83, 0xff, 0xfe, 0x1f, 0xfc,
    0x9f, 0xff, 0xf1, 0x21, 0xff, 0xff, 0xf, 0xfe,
    0x4f, 0xff, 0xf8, 0x90, 0xff, 0xff, 0x87, 0xff,
    0x27, 0xff, 0xfc, 0x41, 0xff, 0xff, 0xf, 0xfe,
    0x4b, 0xff, 0xfe, 0x20, 0xff, 0xff, 0x87, 0xff,
    0x26, 0xff, 0xff, 0x10, 0x7f, 0xff, 0xc3, 0xff,
    0x93, 0x7f, 0xff, 0x86, 0xf, 0xff, 0xf8, 0x7f,
    0xf2, 0x7f, 0xff, 0xc4, 0x87, 0xff, 0xfc, 0x3f,
    0xf9, 0x3f, 0xff, 0xe2, 0x43, 0xff, 0xfe, 0x1f,
    0xfc, 0x87, 0xff, 0xfc, 0x41, 0xff, 0xff, 0xf,
    0xfe, 0x4b, 0xff, 0xfe, 0x20, 0xff, 0xff, 0x87,
    0xff, 0x26, 0xff, 0xff, 0x10, 0x7f, 0xff, 0xc3,
    0xff, 0x93, 0xff, 0xfe, 0x28, 0x3f, 0xff, 0xe1,
    0xff, 0xc9, 0xff, 0xff, 0x12, 0x1f, 0xff, 0xf0,
    0xff, 0xe4, 0xff, 0xff, 0x89, 0xf, 0xff, 0xf8,
    0x7f, 0xf2, 0x1f, 0xff, 0xf1, 0x7, 0xff, 0xfc,
    0x3f, 0xf9, 0x2f, 0xff, 0xf8, 0x83, 0xff, 0xfe,
    0x1f, 0xfc, 0x9b, 0xff, 0xfc, 0x41, 0xff, 0xff,
    0xf, 0xfe, 0x4f, 0xff, 0xf8, 0xa0, 0xff, 0xff,
    0x87, 0xff, 0x27, 0xff, 0xfc, 0x48, 0x7f, 0xff,
    0xc3, 0xff, 0x93, 0xff, 0xfe, 0x24, 0x3f, 0xff,
    0xe1, 0xff, 0xc8, 0x7f, 0xff, 0xc4, 0x1f, 0xff,
    0xf0, 0xff, 0xe4, 0xbf, 0xff, 0xe2, 0xf, 0xff,
    0xf8, 0x7f, 0xf2, 0x6f, 0xff, 0xf1, 0x7, 0xff,
    0xfc, 0x3f, 0xf9, 0x3f, 0xff, 0xe2, 0x83, 0xff,
    0xfe, 0x1f, 0xfc, 0x9f, 0xff, 0xf1, 0x41, 0xff,
    0xff, 0xf, 0xfe, 0x4f, 0xff, 0xf8, 0x90, 0xff,
    0xff, 0x87, 0xff, 0x27, 0xff, 0xfc, 0x41, 0xff,
    0xff, 0xf, 0xfe, 0x4b, 0xff, 0xfe, 0x20, 0xff,
    0xff, 0x87, 0xff, 0x26, 0xff, 0xff, 0x10, 0x7f,
    0xff, 0xc3, 0xff, 0x93, 0x7f, 0xff, 0x88, 0x3f,
    0xff, 0xe1, 0xff, 0xc9, 0xff, 0xff, 0x14, 0x1f,
    0xff, 0xf0, 0xff, 0xe4, 0xff, 0xff, 0x8a, 0xf,
    0xff, 0xf8, 0x7f, 0xf2, 0x7f, 0xff, 0xc4, 0x87,
    0xff, 0xfc, 0x3f, 0xf9, 0x3f, 0xff, 0xe2, 0x43,
    0xff, 0xfe, 0x1f, 0xfc, 0x87, 0xff, 0xfc, 0x41,
    0xff, 0xff, 0xf, 0xfe, 0x4b, 0xff, 0xfe, 0x20,
    0xff, 0xff, 0x87, 0xff, 0x26, 0xff, 0xff, 0x10,
    0x7f, 0xff, 0xc3, 0xff, 0x93, 0xff, 0xfe, 0x28,
    0x3f, 0xff, 0xe1, 0xff, 0xc9, 0xff, 0xff, 0x14,
    0x1f, 0xff, 0xf0, 0xff, 0xe4, 0xff, 0xff, 0x89,
    0xf, 0xff, 0xf8, 0x7f, 0xf2, 0x7f, 0xff, 0xc4,
    0x87, 0xff, 0xfc, 0x3f, 0xf9, 0xf, 0xff, 0xf8,
    0x90, 0xff, 0xff, 0x87, 0xff, 0x21, 0xff, 0xff,
    0x10, 0x7f, 0xff, 0xc3, 0xff, 0x93, 0x7f, 0xff,
    0x88, 0x3f, 0xff, 0xe1, 0xff, 0xc9, 0xbf, 0xff,
    0xc4, 0x1f, 0xff, 0xf0, 0xff, 0xe4, 0xff, 0xff,
    0x8c, 0x3f, 0xff, 0xe1, 0xff, 0xc9, 0xff, 0xff,
    0x14, 0x1f, 0xff, 0xf0, 0xff, 0xe4, 0xff, 0xff,
    0x8a, 0xf, 0xff, 0xf8, 0x7f, 0xf2, 0x7f, 0xff,
    0xc4, 0x87, 0xff, 0xfc, 0x3f, 0xf9, 0xf, 0xff,
    0xf8, 0x90, 0xff, 0xff, 0x87, 0xff, 0x21, 0xff,
    0xff, 0x10, 0x7f, 0xff, 0xc3, 0xff, 0x93, 0x7f,
    0xff, 0x88, 0x3f, 0xff, 0xe1, 0xff, 0xc9, 0xbf,
    0xff, 0xc4, 0x1f, 0xff, 0xf0, 0xff, 0xe4, 0xff,
    0xff, 0x8c, 0x3f, 0xff, 0xe1, 0xff, 0xc9, 0xff,
    0xff, 0x18, 0x7f, 0xff, 0xc3, 0xff, 0x93, 0xff,
    0xfe, 0x28, 0x3f, 0xff, 0xe1, 0xff, 0xc9, 0xff,
    0xff, 0x14, 0x1f, 0xff, 0xf0, 0xff, 0xe4, 0x3f,
    0xff, 0xe2, 0x43, 0xff, 0xfe, 0x1f, 0xfc, 0x87,
    0xff, 0xfc, 0x48, 0x7f, 0xff, 0xc3, 0xff, 0x91,
    0x7f, 0xff, 0x89, 0xf, 0xff, 0xf8, 0x7f, 0xf2,
    0x2f, 0xff, 0xf1, 0x7, 0xff, 0xfc, 0x3f, 0xf9,
    0x3f, 0xff, 0xe3, 0xf, 0xff, 0xf8, 0x7f, 0xf2,
    0x7f, 0xff, 0xc6, 0x1f, 0xff, 0xf0, 0xff, 0xe4,
    0xff, 0xff, 0x8c, 0x3f, 0xff, 0xe1, 0xff, 0xc9,
    0xff, 0xff, 0x18, 0x7f, 0xff, 0xc3, 0xff, 0x93,
    0xff, 0xfe, 0x28, 0x3f, 0xff, 0xe1, 0xff, 0xc8,
    0x7f, 0xff, 0xc5, 0x7, 0xff, 0xfc, 0x3f, 0xf9,
    0xf, 0xff, 0xf8, 0xa0, 0xff, 0xff, 0x87, 0xff,
    0x22, 0xff, 0xff, 0x12, 0x1f, 0xff, 0xf0, 0xff,
    0xe4, 0x5f, 0xff, 0xe2, 0x43, 0xff, 0xfe, 0x1f,
    0xfc, 0x8f, 0xff, 0xf1, 0xa1, 0xff, 0xff, 0xf,
    0xfe, 0x47, 0xff, 0xf8, 0xc3, 0xff, 0xfe, 0x1f,
    0xfc, 0x9f, 0xff, 0xf1, 0x87, 0xff, 0xfc, 0x3f,
    0xf9, 0x3f, 0xff, 0xe3, 0xf, 0xff, 0xf8, 0x7f,
    0xf2, 0x7f, 0xff, 0xc6, 0x1f, 0xff, 0xf0, 0xff,
    0xe4, 0x3f, 0xff, 0xe3, 0xf, 0xff, 0xf8, 0x7f,
    0xf2, 0x1f, 0xff, 0xf1, 0x87, 0xff, 0xfc, 0x3f,
    0xf9, 0x17, 0xff, 0xf8, 0xa0, 0xff, 0xff, 0x87,
    0xff, 0x22, 0xff, 0xff, 0x14, 0x1f, 0xff, 0xf0,
    0xff, 0xe4, 0x5f, 0xff, 0xe2, 0x83, 0xff, 0xfe,
    0x1f, 0xfc, 0x8f, 0xff, 0xf1, 0xc1, 0xff, 0xff,
    0xf, 0xfe, 0x47, 0xff, 0xf8, 0xd0, 0xff, 0xff,
    0x87, 0xff, 0x23, 0xff, 0xfc, 0x68, 0x7f, 0xff,
    0xc3, 0xff, 0x91, 0xff, 0xfe, 0x34, 0x3f, 0xff,
    0xe1, 0xff, 0xc8, 0xff, 0xff, 0x18, 0x7f, 0xff,
    0xc3, 0xff, 0x90, 0xff, 0xff, 0x8c, 0x3f, 0xff,
    0xe1, 0xff, 0xc8, 0x7f, 0xff, 0xc6, 0x1f, 0xff,
    0xf0, 0xff, 0xe4, 0x3f, 0xff, 0xe3, 0xf, 0xff,
    0xf8, 0x7f, 0xf2, 0x2f, 0xff, 0xf1, 0x87, 0xff,
    0xfc, 0x3f, 0xf9, 0x17, 0xff, 0xf8, 0xc3, 0xff,
    0xfe, 0x1f, 0xfc, 0x8b, 0xff, 0xfc, 0x61, 0xff,
    0xff, 0xf, 0xfe, 0x47, 0xff, 0xf9, 0x3, 0xff,
    0xfe, 0x1f, 0xfc, 0x8f, 0xff, 0xf1, 0xc1, 0xff,
    0xff, 0xf, 0xfe, 0x47, 0xff, 0xf8, 0xe0, 0xff,
    0xff, 0x87, 0xff, 0x23, 0xff, 0xfc, 0x70, 0x7f,
    0xff, 0xc3, 0xff, 0x91, 0xff, 0xfe, 0x38, 0x3f,
    0xff, 0xe1, 0xff, 0xc7, 0x7f, 0xff, 0xc6, 0x87,
    0xff, 0xfc, 0x3f, 0xf8, 0xef, 0xff, 0xf8, 0xd0,
    0xff, 0xff, 0x87, 0xff, 0x1d, 0xff, 0xff, 0x1a,
    0x1f, 0xff, 0xf0, 0xff, 0xe3, 0xdf, 0xff, 0xe3,
    0x43, 0xff, 0xfe, 0x1f, 0xfc, 0x7b, 0xff, 0xfc,
    0x61, 0xff, 0xff, 0xf, 0xfe, 0x45, 0xff, 0xfe,
    0x30, 0xff, 0xff, 0x87, 0xff, 0x23, 0xff, 0xfc,
    0x81, 0xff, 0xff, 0xf, 0xfe, 0x47, 0xff, 0xf9,
    0x3, 0xff, 0xfe, 0x1f, 0xfc, 0x8f, 0xff, 0xf2,
    0x7, 0xff, 0xfc, 0x3f, 0xf9, 0x1f, 0xff, 0xe4,
    0xf, 0xff, 0xf8, 0x7f, 0xf2, 0x3f, 0xff, 0xc8,
    0x1f, 0xff, 0xf0, 0xff, 0xe4, 0x7f, 0xff, 0x90,
    0x3f, 0xff, 0xe1, 0xff, 0xc8, 0xff, 0xff, 0x20,
    0x7f, 0xff, 0xc3, 0xff, 0x8e, 0xff, 0xff, 0x90,
    0x3f, 0xff, 0xe1, 0xff, 0xc7, 0x7f, 0xff, 0xc8,
    0x1f, 0xff, 0xf0, 0xff, 0xe3, 0xbf, 0xff, 0xe3,
    0x83, 0xff, 0xfe, 0x1f, 0xfc, 0x7b, 0xff, 0xfc,
    0x70, 0x7f, 0xff, 0xc3, 0xff, 0x8f, 0x7f, 0xff,
    0x8e, 0xf, 0xff, 0xf8, 0x7f, 0xf1, 0xef, 0xff,
    0xf1, 0xc1, 0xff, 0xff, 0xf, 0xfe, 0x3f, 0xff,
    0xf9, 0x20, 0xff, 0xfa, 0x0,

    /* U+0038 "8" */
    0xf, 0xff, 0x8a, 0xd5, 0xfc, 0xb8, 0x3f, 0xff,
    0xe1, 0xff, 0xe2, 0x69, 0xff, 0xfc, 0xb9, 0x41,
    0xff, 0xff, 0xf, 0xfe, 0xbb, 0x7f, 0xff, 0x56,
    0x43, 0xff, 0xfe, 0x1f, 0xfd, 0x1b, 0xff, 0xfb,
    0x92, 0x1f, 0xff, 0xf0, 0xff, 0xe5, 0x3f, 0xff,
    0xe2, 0x83, 0xff, 0xfe, 0x1f, 0xfc, 0x6b, 0xff,
    0xfc, 0xe8, 0x7f, 0xff, 0xc3, 0xff, 0x82, 0xff,
    0xff, 0xae, 0xf, 0xff, 0xf8, 0x7f, 0x3f, 0xff,
    0xef, 0x83, 0xff, 0xfe, 0x1e, 0xff, 0xff, 0x9a,
    0x1f, 0xff, 0xf0, 0x3f, 0xff, 0xf6, 0xf, 0xff,
    0xfd, 0xff, 0xff, 0x88, 0x3f, 0xff, 0x9f, 0xff,
    0xfc, 0xf, 0xff, 0xcb, 0xff, 0xff, 0xe4, 0x3f,
    0xfe, 0xcf, 0xff, 0xff, 0xf4, 0x3f, 0xfe, 0x8f,
    0xff, 0xff, 0xfe, 0x83, 0xff, 0xe5, 0x7f, 0xff,
    0xff, 0xfa, 0xf, 0xff, 0x85, 0xff, 0xff, 0xff,
    0xfa, 0xf, 0xff, 0x73, 0xff, 0xff, 0xff, 0xfe,
    0x83, 0xff, 0xd8, 0xff, 0xff, 0xff, 0xff, 0xe8,
    0x3f, 0xfd, 0x7f, 0xff, 0xff, 0xff, 0xfe, 0xc,
    0x1f, 0xfe, 0x9f, 0xff, 0xff, 0xff, 0xff, 0xd,
    0xf, 0xff, 0x3f, 0xff, 0xff, 0xff, 0xff, 0x8a,
    0x1f, 0xfe, 0x67, 0xff, 0xff, 0xff, 0xff, 0xc6,
    0xf, 0xff, 0x2f, 0xff, 0xff, 0xff, 0xff, 0x8f,
    0x7, 0xff, 0x8f, 0xff, 0xff, 0xff, 0xff, 0xc9,
    0x43, 0xff, 0xc3, 0x7f, 0xff, 0xff, 0xff, 0xf9,
    0x41, 0xff, 0xe0, 0x7f, 0xff, 0xff, 0xff, 0xfc,
    0xc0, 0xff, 0xef, 0xff, 0xff, 0xff, 0xff, 0xf9,
    0xa8, 0x7f, 0xf7, 0x6f, 0xff, 0xff, 0xff, 0xff,
    0x38, 0x3f, 0xfb, 0xbf, 0xff, 0xff, 0xff, 0xfe,
    0x7c, 0x1f, 0xfd, 0xbb, 0xff, 0xff, 0xff, 0xff,
    0xd0, 0xf, 0xfe, 0xd3, 0xff, 0xff, 0xff, 0xff,
    0xe9, 0x7, 0xff, 0x67, 0xff, 0xff, 0xff, 0xff,
    0xd3, 0x43, 0xff, 0xae, 0xff, 0xff, 0xff, 0xff,
    0xfa, 0x81, 0xff, 0xd7, 0xff, 0xff, 0xff, 0xff,
    0xf5, 0x50, 0xff, 0xea, 0xbf, 0xff, 0xff, 0xff,
    0xfe, 0xb0, 0x7f, 0xf5, 0x7f, 0xff, 0xff, 0xff,
    0xfd, 0x74, 0x3f, 0xfa, 0x6f, 0xff, 0xff, 0xff,
    0xff, 0xb0, 0x1f, 0xfd, 0x3f, 0xff, 0xff, 0xff,
    0xff, 0x65, 0xf, 0xfe, 0x8b, 0xff, 0xff, 0xff,
    0xff, 0xec, 0xc1, 0xff, 0xd1, 0xff, 0xff, 0xff,
    0xff, 0xf6, 0xc3, 0xff, 0xa3, 0xff, 0xff, 0xff,
    0xff, 0xed, 0xa1, 0xff, 0xcf, 0xbf, 0xff, 0xff,
    0xff, 0xfd, 0xc0, 0xff, 0xe7, 0xff, 0xff, 0xff,
    0xff, 0xfb, 0xa8, 0x7f, 0xf3, 0x5f, 0xff, 0xff,
    0xff, 0xff, 0x76, 0xf, 0xfe, 0x6d, 0xff, 0xff,
    0xff, 0xff, 0xef, 0x7, 0xff, 0x37, 0xff, 0xff,
    0xff, 0xff, 0xdf, 0x43, 0xff, 0x96, 0xff, 0xff,
    0xff, 0xff, 0xfb, 0xf0, 0x7f, 0xf2, 0xff, 0xff,
    0xff, 0xff, 0xfe, 0x10, 0xff, 0xe5, 0xff, 0xff,
    0xff, 0xff, 0xfc, 0x28, 0x7f, 0xf2, 0x6f, 0xff,
    0xff, 0xff, 0xff, 0x86, 0xf, 0xfe, 0x4f, 0xff,
    0xff, 0xff, 0xff, 0xc6, 0x1f, 0xfc, 0x9f, 0xff,
    0xff, 0xff, 0xff, 0x8c, 0x3f, 0xf9, 0xf, 0xff,
    0xff, 0xff, 0xff, 0xc7, 0x7, 0xff, 0x1e, 0xff,
    0xff, 0xff, 0xff, 0xf9, 0x3, 0xff, 0x8f, 0xff,
    0xff, 0xff, 0xff, 0xf2, 0x87, 0xff, 0x1f, 0xff,
    0xfd, 0xb2, 0x1c, 0xdf, 0xff, 0xee, 0xf, 0xfe,
    0x33, 0xff, 0xfe, 0xb8, 0x3f, 0xe7, 0xff, 0xfd,
    0x88, 0x7f, 0xf1, 0x6f, 0xff, 0xf5, 0x7, 0xff,
    0xe, 0xff, 0xff, 0x54, 0x1f, 0xfc, 0x5f, 0xff,
    0xf4, 0xc1, 0xff, 0xc5, 0x7f, 0xff, 0xd4, 0x1f,
    0xfc, 0x5f, 0xff, 0xf4, 0x41, 0xff, 0xc7, 0x7f,
    0xff, 0xd2, 0x1f, 0xfc, 0x5f, 0xff, 0xf3, 0xc1,
    0xff, 0xc9, 0x7f, 0xff, 0xd0, 0x87, 0xff, 0xd,
    0xff, 0xff, 0x38, 0x7f, 0xf2, 0xef, 0xff, 0xf3,
    0xc1, 0xff, 0xc3, 0xbf, 0xff, 0xcc, 0x1f, 0xfc,
    0xdf, 0xff, 0xf3, 0xc1, 0xff, 0xc3, 0xbf, 0xff,
    0xcb, 0x7, 0xff, 0x3b, 0xff, 0xfc, 0xe1, 0xff,
    0xc3, 0xff, 0xff, 0x30, 0x7f, 0xf3, 0xef, 0xff,
    0xf3, 0x7, 0xff, 0xf, 0xff, 0xfc, 0xa8, 0x7f,
    0xf4, 0x3f, 0xff, 0xcc, 0x1f, 0xfc, 0x27, 0xff,
    0xfc, 0xa1, 0xff, 0xd1, 0xbf, 0xff, 0xca, 0x87,
    0xff, 0x5, 0xff, 0xff, 0x24, 0x1f, 0xfd, 0x2f,
    0xff, 0xf2, 0xa1, 0xff, 0xc1, 0xbf, 0xff, 0xc8,
    0x1f, 0xfd, 0x3f, 0xff, 0xf2, 0xc1, 0xff, 0xc1,
    0xbf, 0xff, 0xc8, 0x1f, 0xfd, 0x37, 0xff, 0xfc,
    0xa1, 0xff, 0xc1, 0xbf, 0xff, 0xc6, 0x87, 0xff,
    0x53, 0xff, 0xfc, 0xa1, 0xff, 0xc1, 0xff, 0xff,
    0x20, 0x7f, 0xf5, 0x6f, 0xff, 0xf2, 0x7, 0xff,
    0x7, 0xff, 0xfc, 0x70, 0x7f, 0xf5, 0xbf, 0xff,
    0xc8, 0x1f, 0xfc, 0x1f, 0xff, 0xf1, 0xa1, 0xff,
    0xd6, 0xff, 0xff, 0x20, 0x7f, 0xf0, 0x7f, 0xff,
    0xc6, 0x1f, 0xfd, 0x7b, 0xff, 0xfc, 0x68, 0x7f,
    0xf0, 0x3f, 0xff, 0xc6, 0x1f, 0xfd, 0x77, 0xff,
    0xfc, 0x68, 0x7f, 0xcf, 0xff, 0xf8, 0xa0, 0xff,
    0xec, 0x7f, 0xff, 0x8d, 0xf, 0xf9, 0xff, 0xff,
    0x12, 0x1f, 0xfd, 0x8f, 0xff, 0xf1, 0xc1, 0xff,
    0x3f, 0xff, 0xe2, 0xf, 0xfe, 0xcd, 0xff, 0xfe,
    0x28, 0x3f, 0xe7, 0xff, 0xfc, 0x41, 0xff, 0xd9,
    0xbf, 0xff, 0xc5, 0x7, 0xfd, 0x7f, 0xff, 0x88,
    0x3f, 0xfb, 0x2f, 0xff, 0xf8, 0xa0, 0xff, 0xaf,
    0xff, 0xf0, 0xc1, 0xff, 0xd9, 0x7f, 0xff, 0xc5,
    0x7, 0xfd, 0x7f, 0xff, 0x86, 0xf, 0xfe, 0xd7,
    0xff, 0xf8, 0xa0, 0xff, 0xaf, 0xff, 0xf0, 0xa1,
    0xff, 0xda, 0xff, 0xff, 0x18, 0x7f, 0xd7, 0xff,
    0xf8, 0x50, 0xff, 0xed, 0x7f, 0xff, 0x8c, 0x3f,
    0xeb, 0xff, 0xfc, 0x21, 0xff, 0xdb, 0xbf, 0xff,
    0xc4, 0x1f, 0xf5, 0xff, 0xfe, 0x10, 0xff, 0xed,
    0xdf, 0xff, 0xe2, 0xf, 0xfa, 0xff, 0xff, 0x8,
    0x7f, 0xf6, 0xef, 0xff, 0xf1, 0x7, 0xfd, 0x7f,
    0xff, 0x84, 0x3f, 0xfb, 0x77, 0xff, 0xf8, 0x83,
    0xfe, 0xbf, 0xff, 0xc2, 0x1f, 0xfd, 0xbb, 0xff,
    0xfc, 0x41, 0xff, 0x5f, 0xff, 0xe1, 0xf, 0xfe,
    0xdd, 0xff, 0xfe, 0x20, 0xff, 0xaf, 0xff, 0xf0,
    0x87, 0xff, 0x6d, 0xff, 0xff, 0x10, 0x7f, 0xd7,
    0xff, 0xf8, 0x43, 0xff, 0xb6, 0xff, 0xff, 0x86,
    0xf, 0xf9, 0xff, 0xff, 0x8, 0x7f, 0xf6, 0xdf,
    0xff, 0xf0, 0xc1, 0xff, 0x3f, 0xff, 0xe1, 0xf,
    0xfe, 0xdb, 0xff, 0xfe, 0x18, 0x3f, 0xe7, 0xff,
    0xfc, 0x21, 0xff, 0xdb, 0x7f, 0xff, 0xc3, 0x7,
    0xfc, 0xff, 0xff, 0x84, 0x3f, 0xfb, 0x6f, 0xff,
    0xf8, 0x60, 0xff, 0x9f, 0xff, 0xf0, 0x87, 0xff,
    0x6e, 0xff, 0xff, 0xc, 0x1f, 0xf3, 0xff, 0xfe,
    0x10, 0xff, 0xed, 0xdf, 0xff, 0xe1, 0x43, 0xff,
    0x81, 0xff, 0xfe, 0x10, 0xff, 0xed, 0xdf, 0xff,
    0xe1, 0x43, 0xff, 0x81, 0xff, 0xfe, 0x10, 0xff,
    0xed, 0xdf, 0xff, 0xe1, 0x43, 0xff, 0x81, 0xff,
    0xfe, 0x14, 0x3f, 0xfb, 0x57, 0xff, 0xf8, 0x43,
    0xff, 0x83, 0xff, 0xfe, 0x14, 0x3f, 0xfb, 0x5f,
    0xff, 0xe2, 0xf, 0xfe, 0xf, 0xff, 0xf8, 0x60,
    0xff, 0xed, 0x7f, 0xff, 0x88, 0x3f, 0xf8, 0x37,
    0xff, 0xf8, 0x43, 0xff, 0xb5, 0xff, 0xfe, 0x20,
    0xff, 0xe0, 0xdf, 0xff, 0xe1, 0xf, 0xfe, 0xd7,
    0xff, 0xf8, 0x60, 0xff, 0xe0, 0xbf, 0xff, 0xe1,
    0xf, 0xfe, 0xcb, 0xff, 0xfe, 0x18, 0x3f, 0xf8,
    0x2f, 0xff, 0xf8, 0x43, 0xff, 0xb2, 0xff, 0xff,
    0x85, 0xf, 0xfe, 0x17, 0xff, 0xf8, 0x50, 0xff,
    0xec, 0x5f, 0xff, 0xe1, 0x43, 0xff, 0x85, 0xff,
    0xfe, 0x18, 0x3f, 0xfb, 0x1f, 0xff, 0xe2, 0xf,
    0xfe, 0x1f, 0xff, 0xf8, 0x83, 0xff, 0xb1, 0xff,
    0xfe, 0x20, 0xff, 0xe1, 0xff, 0xff, 0x89, 0xf,
    0xfe, 0xb3, 0xff, 0xfe, 0x20, 0xff, 0xe1, 0xdf,
    0xff, 0xe1, 0x83, 0xff, 0xad, 0x7f, 0xff, 0x86,
    0xf, 0xfe, 0x1b, 0xff, 0xfe, 0x20, 0xff, 0xeb,
    0x7f, 0xff, 0x89, 0xf, 0xfe, 0x27, 0xff, 0xf8,
    0x83, 0xff, 0xad, 0xff, 0xfe, 0x20, 0xff, 0xe2,
    0xff, 0xff, 0x8a, 0xf, 0xfe, 0xa3, 0xff, 0xfe,
    0x20, 0xff, 0xe2, 0xdf, 0xff, 0xe2, 0xf, 0xfe,
    0xa7, 0xff, 0xf8, 0xc3, 0xff, 0x8b, 0x7f, 0xff,
    0x89, 0xf, 0xfe, 0x93, 0xff, 0xfe, 0x28, 0x3f,
    0xf8, 0xaf, 0xff, 0xf8, 0xc3, 0xff, 0xa5, 0x7f,
    0xff, 0x89, 0xf, 0xfe, 0x37, 0xff, 0xf8, 0xd0,
    0xff, 0xe8, 0xff, 0xff, 0x8c, 0x3f, 0xf8, 0xff,
    0xff, 0xe4, 0xf, 0xfe, 0x85, 0xff, 0xfe, 0x30,
    0xff, 0xe3, 0xdf, 0xff, 0xe3, 0x43, 0xff, 0x9f,
    0xff, 0xfe, 0x38, 0x3f, 0xf8, 0xef, 0xff, 0xf9,
    0x3, 0xff, 0x9d, 0x7f, 0xff, 0x8d, 0xf, 0xfe,
    0x47, 0xff, 0xf9, 0x20, 0xff, 0xe6, 0x3f, 0xff,
    0xe4, 0xf, 0xfe, 0x4f, 0xff, 0xf9, 0x50, 0xff,
    0xe5, 0xff, 0xff, 0x92, 0xf, 0xfe, 0x4b, 0xff,
    0xfe, 0x50, 0xff, 0xe5, 0x5f, 0xff, 0xe4, 0x43,
    0xff, 0x95, 0xff, 0xfe, 0x60, 0xff, 0xe4, 0x5f,
    0xff, 0xe5, 0xf, 0xfe, 0x5f, 0xff, 0xf9, 0xd0,
    0xff, 0xe2, 0xdf, 0xff, 0xe6, 0xf, 0xfe, 0x5d,
    0xff, 0xfe, 0x78, 0x3f, 0xf8, 0x77, 0xff, 0xf9,
    0xa0, 0xff, 0xe6, 0x7f, 0xff, 0xa5, 0xf, 0xf9,
    0xff, 0xff, 0x40, 0x7f, 0xf3, 0x7f, 0xff, 0xd7,
    0x21, 0xcd, 0xff, 0xfe, 0xa0, 0xff, 0xe6, 0xdf,
    0xff, 0xff, 0xff, 0xfe, 0xea, 0x1f, 0xfc, 0xef,
    0xff, 0xff, 0xff, 0xff, 0x74, 0x3f, 0xf9, 0xf7,
    0xff, 0xff, 0xff, 0xff, 0xb7, 0x7, 0xff, 0x3d,
    0xff, 0xff, 0xff, 0xff, 0xf6, 0xd0, 0xff, 0xe8,
    0x7f, 0xff, 0xff, 0xff, 0xfb, 0x61, 0xff, 0xd1,
    0x7f, 0xff, 0xff, 0xff, 0xfd, 0x94, 0x3f, 0xfa,
    0x5f, 0xff, 0xff, 0xff, 0xfe, 0xc8, 0x7f, 0xf4,
    0xef, 0xff, 0xff, 0xff, 0xff, 0x5e, 0xf, 0xfe,
    0xa7, 0xff, 0xff, 0xff, 0xff, 0xae, 0x1f, 0xfd,
    0x57, 0xff, 0xff, 0xff, 0xff, 0xd5, 0x43, 0xff,
    0xad, 0xff, 0xff, 0xff, 0xff, 0xea, 0x87, 0xff,
    0x5d, 0xff, 0xff, 0xff, 0xff, 0xf4, 0xd0, 0xff,
    0xec, 0x5f, 0xff, 0xff, 0xff, 0xfe, 0x90, 0x7f,
    0xf6, 0xbf, 0xff, 0xff, 0xff, 0xfd, 0x14, 0x3f,
    0xfb, 0x4f, 0xff, 0xff, 0xff, 0xff, 0xa0, 0x1f,
    0xfd, 0xcf, 0xff, 0xff, 0xff, 0xff, 0x3c, 0x3f,
    0xfb, 0xdf, 0xff, 0xff, 0xff, 0xfe, 0x6c, 0x1f,
    0xfd, 0xe7, 0xff, 0xff, 0xff, 0xff, 0xcc, 0xf,
    0xff, 0x5, 0xff, 0xff, 0xff, 0xff, 0xe5, 0x21,
    0xff, 0xe1, 0xff, 0xff, 0xff, 0xff, 0xf2, 0x60,
    0xff, 0xf1, 0xff, 0xff, 0xff, 0xff, 0xf9, 0x1,
    0xff, 0xe4, 0x7f, 0xff, 0xff, 0xff, 0xfc, 0x64,
    0x3f, 0xfc, 0xaf, 0xff, 0xff, 0xff, 0xff, 0x89,
    0x7, 0xff, 0x9d, 0xff, 0xff, 0xff, 0xff, 0xf0,
    0xc3, 0xff, 0xd3, 0x7f, 0xff, 0xff, 0xff, 0xf8,
    0x21, 0xff, 0xeb, 0xbf, 0xff, 0xff, 0xff, 0xf2,
    0x1f, 0xfe, 0xb7, 0xff, 0xff, 0xff, 0xfe, 0x83,
    0xff, 0xd6, 0xff, 0xff, 0xff, 0xff, 0xf8, 0x8,
    0x7f, 0xfa, 0x6f, 0xff, 0xff, 0xff, 0xff, 0x9,
    0xf, 0xff, 0x3f, 0xff, 0xff, 0xff, 0xff, 0x8a,
    0x87, 0xff, 0x97, 0xff, 0xff, 0xff, 0xff, 0xc7,
    0x43, 0xff, 0xc7, 0xff, 0xff, 0xff, 0xff, 0xe4,
    0x87, 0xff, 0x8b, 0xff, 0xff, 0xff, 0xff, 0xcb,
    0xf, 0xff, 0x7, 0xff, 0xff, 0xff, 0xff, 0x9a,
    0x1f, 0xfd, 0xeb, 0xff, 0xff, 0xff, 0xff, 0xcd,
    0x83, 0xff, 0xb9, 0x7f, 0xff, 0xff, 0xff, 0xf9,
    0xf0, 0x7f, 0xf6, 0x9f, 0xff, 0xff, 0xff, 0xff,
    0x45, 0xf, 0xfe, 0xc3, 0xff, 0xff, 0xff, 0xff,
    0xe9, 0x87, 0xff, 0x63, 0xff, 0xff, 0xff, 0xff,
    0xd5, 0xf, 0xfe, 0xb7, 0xff, 0xff, 0xff, 0xff,
    0xac, 0x87, 0xff, 0x51, 0xff, 0xff, 0xff, 0xff,
    0xf5, 0xc3, 0xff, 0xa9, 0xff, 0xff, 0xff, 0xff,
    0xec, 0x87, 0xff, 0x4b, 0xff, 0xff, 0xff, 0xff,
    0xda, 0x43, 0xff, 0xa0, 0xff, 0xff, 0xff, 0xff,
    0xfb, 0x61, 0xff, 0xd0, 0xff, 0xff, 0xff, 0xff,
    0xf7, 0x20, 0xff, 0xe7, 0x5f, 0xff, 0xff, 0xff,
    0xfe, 0xe8, 0x7f, 0xf3, 0xbf, 0xff, 0xff, 0xff,
    0xfd, 0xe8, 0x3f, 0xf9, 0x97, 0xff, 0xff, 0xff,
    0xff, 0xbe, 0x1f, 0xfc, 0xcf, 0xff, 0xff, 0xff,
    0xff, 0x82, 0xf, 0xfe, 0x55, 0xff, 0xff, 0xff,
    0xff, 0xf0, 0x87, 0xff, 0x2b, 0xff, 0xff, 0xff,
    0xff, 0xe2, 0x83, 0xff, 0x91, 0x7f, 0xff, 0xff,
    0xff, 0xfc, 0x61, 0xff, 0xc8, 0xff, 0xff, 0xff,
    0xff, 0xf9, 0x20, 0xff, 0xe3, 0x3f, 0xff, 0xff,
    0xff, 0xff, 0x28, 0x7f, 0xf1, 0xbf, 0xff, 0xde,
    0x87, 0x37, 0xff, 0xfb, 0x90, 0xff, 0xe2, 0xff,
    0xff, 0xb5, 0xf, 0xf3, 0xff, 0xfe, 0xd0, 0xff,
    0xe2, 0x5f, 0xff, 0xeb, 0x43, 0xff, 0x85, 0x7f,
    0xff, 0xac, 0x3f, 0xf8, 0x9f, 0xff, 0xeb, 0xf,
    0xfe, 0x2b, 0xff, 0xfe, 0xa4, 0x3f, 0xf8, 0x4f,
    0xff, 0xfa, 0x83, 0xff, 0x8e, 0xff, 0xff, 0xa8,
    0x3f, 0xf8, 0x57, 0xff, 0xfa, 0x43, 0xff, 0x92,
    0xff, 0xff, 0xa4, 0x3f, 0xf8, 0x5f, 0xff, 0xe9,
    0x43, 0xff, 0x95, 0x7f, 0xff, 0xa2, 0xf, 0xfe,
    0x3, 0xff, 0xfe, 0x88, 0x3f, 0xf9, 0x9f, 0xff,
    0xe9, 0xf, 0xfe, 0x5, 0xff, 0xfe, 0x80, 0xff,
    0xe7, 0x7f, 0xff, 0xa0, 0x3f, 0xf8, 0x1f, 0xff,
    0xe8, 0x43, 0xff, 0x9c, 0xff, 0xff, 0x9d, 0xf,
    0xfb, 0xff, 0xfc, 0xf0, 0x7f, 0xf4, 0x3f, 0xff,
    0xcf, 0x7, 0xf9, 0xff, 0xff, 0x38, 0x7f, 0xf4,
    0x5f, 0xff, 0xf3, 0x87, 0xfa, 0xff, 0xff, 0x34,
    0x1f, 0xfd, 0x2b, 0xff, 0xfc, 0xc1, 0xfe, 0xff,
    0xff, 0x38, 0x7f, 0xf5, 0x3f, 0xff, 0xcd, 0x7,
    0xf7, 0xff, 0xf9, 0xa0, 0xff, 0xea, 0x5f, 0xff,
    0xe6, 0xf, 0xcf, 0xff, 0xf9, 0x83, 0xff, 0xad,
    0xff, 0xfe, 0x60, 0xfd, 0x7f, 0xff, 0x96, 0xf,
    0xfe, 0xb7, 0xff, 0xf9, 0x90, 0xfa, 0xff, 0xff,
    0x2a, 0x1f, 0xfd, 0x67, 0xff, 0xfc, 0xb0, 0x7d,
    0xff, 0xfe, 0x60, 0xff, 0xec, 0x7f, 0xff, 0x98,
    0x3e, 0xff, 0xff, 0x2c, 0x1f, 0xfd, 0x8b, 0xff,
    0xfc, 0xa1, 0xe7, 0xff, 0xfc, 0xa1, 0xff, 0xda,
    0xff, 0xff, 0x28, 0x79, 0xff, 0xff, 0x28, 0x7f,
    0xf6, 0xbf, 0xff, 0xca, 0x87, 0x5f, 0xff, 0xe4,
    0x83, 0xff, 0xb5, 0x7f, 0xff, 0x92, 0xe, 0xff,
    0xff, 0x2a, 0x1f, 0xfd, 0xa7, 0xff, 0xfc, 0xa1,
    0xdf, 0xff, 0xe5, 0xf, 0xfe, 0xe7, 0xff, 0xf9,
    0x43, 0xbf, 0xff, 0xca, 0x1f, 0xfd, 0xcb, 0xff,
    0xfc, 0x81, 0x9f, 0xff, 0xf2, 0x41, 0xff, 0xdc,
    0xbf, 0xff, 0xc8, 0x84, 0xff, 0xff, 0x91, 0xf,
    0xfe, 0xe3, 0xff, 0xfe, 0x48, 0x2b, 0xff, 0xfc,
    0x81, 0xff, 0xde, 0xff, 0xff, 0x24, 0x15, 0xff,
    0xfe, 0x40, 0xff, 0xef, 0x7f, 0xff, 0x94, 0x2f,
    0xff, 0xf2, 0x87, 0xff, 0x7a, 0xff, 0xff, 0x20,
    0x5f, 0xff, 0xe4, 0x83, 0xff, 0xbc, 0xff, 0xff,
    0x90, 0x2f, 0xff, 0xf2, 0x41, 0xff, 0xde, 0x7f,
    0xff, 0xc8, 0x17, 0xff, 0xf9, 0x10, 0xff, 0xef,
    0xff, 0xff, 0x91, 0x7, 0xff, 0xf9, 0x10, 0xff,
    0xef, 0xff, 0xff, 0x91, 0x7, 0xff, 0xf9, 0x3,
    0xff, 0xc1, 0xff, 0xfe, 0x48, 0x7f, 0xff, 0xc8,
    0x1f, 0xfe, 0xb, 0xff, 0xfc, 0x70, 0xff, 0xff,
    0x90, 0x3f, 0xfc, 0x17, 0xff, 0xf8, 0xe1, 0xff,
    0xff, 0x20, 0x7f, 0xf8, 0x2f, 0xff, 0xf2, 0x17,
    0xff, 0xf9, 0x3, 0xff, 0xc0, 0xff, 0xff, 0x90,
    0xbf, 0xff, 0xc7, 0x7, 0xff, 0x81, 0xff, 0xff,
    0x21, 0x7f, 0xff, 0x8e, 0xf, 0xff, 0x3, 0xff,
    0xfe, 0x42, 0xff, 0xff, 0x1c, 0x1f, 0xfe, 0x1f,
    0xff, 0xf2, 0x17, 0xff, 0xf8, 0xe0, 0xff, 0xf0,
    0xff, 0xff, 0x90, 0xbf, 0xff, 0xc6, 0x87, 0xff,
    0x87, 0xff, 0xfc, 0x87, 0xff, 0xf9, 0x10, 0xff,
    0xf0, 0xff, 0xff, 0x91, 0xff, 0xff, 0x22, 0x1f,
    0xfe, 0x1f, 0xff, 0xf2, 0x3f, 0xff, 0xe4, 0x43,
    0xff, 0xc3, 0xff, 0xfe, 0x47, 0xff, 0xfc, 0x88,
    0x7f, 0xf8, 0x7f, 0xff, 0xc8, 0xff, 0xff, 0x91,
    0xf, 0xff, 0xf, 0xff, 0xf9, 0x1f, 0xff, 0xf2,
    0x21, 0xff, 0xe1, 0xff, 0xff, 0x23, 0xff, 0xfe,
    0x44, 0x3f, 0xfc, 0x3f, 0xff, 0xe4, 0x7f, 0xff,
    0xc8, 0x87, 0xff, 0x87, 0xff, 0xfc, 0x8f, 0xff,
    0xf9, 0x10, 0xff, 0xf0, 0xff, 0xff, 0x92, 0xff,
    0xff, 0x22, 0x1f, 0xfe, 0x1f, 0xff, 0xf2, 0x3f,
    0xff, 0xe4, 0x83, 0xff, 0xc0, 0xff, 0xff, 0x91,
    0xff, 0xff, 0x24, 0x1f, 0xfe, 0x7, 0xff, 0xfc,
    0x8d, 0xff, 0xfe, 0x38, 0x3f, 0xfc, 0xf, 0xff,
    0xf9, 0x1b, 0xff, 0xfc, 0x70, 0x7f, 0xf8, 0x1f,
    0xff, 0xf2, 0x37, 0xff, 0xf9, 0x3, 0xff, 0xc0,
    0xff, 0xff, 0x91, 0xbf, 0xff, 0xc8, 0x1f, 0xfe,
    0xb, 0xff, 0xfc, 0x8d, 0xff, 0xfe, 0x40, 0xff,
    0xf0, 0x5f, 0xff, 0xe4, 0x6f, 0xff, 0xf2, 0x7,
    0xff, 0x83, 0xff, 0xfc, 0xa5, 0xff, 0xfe, 0x40,
    0xff, 0xf0, 0x7f, 0xff, 0x94, 0xbf, 0xff, 0xc8,
    0x87, 0xff, 0x7f, 0xff, 0xfc, 0xa3, 0xff, 0xfe,
    0x44, 0x3f, 0xfb, 0xcf, 0xff, 0xf9, 0x47, 0xff,
    0xfc, 0x90, 0x7f, 0xf7, 0x9f, 0xff, 0xf2, 0x8f,
    0xff, 0xf9, 0x43, 0xff, 0xbd, 0x7f, 0xff, 0x94,
    0x7f, 0xff, 0xca, 0x1f, 0xfd, 0xeb, 0xff, 0xfc,
    0xa0, 0xff, 0xff, 0x28, 0x7f, 0xf7, 0xbf, 0xff,
    0xcc, 0xf, 0xff, 0xf2, 0xa1, 0xff, 0xdd, 0xff,
    0xff, 0x2c, 0xf, 0xff, 0xf2, 0xc1, 0xff, 0xdc,
    0x7f, 0xff, 0xcb, 0x3, 0xff, 0xfc, 0xc1, 0xff,
    0xdc, 0xbf, 0xff, 0xcb, 0x3, 0xff, 0xfc, 0xc1,
    0xff, 0xdc, 0xff, 0xff, 0x32, 0xb, 0xff, 0xfc,
    0xa8, 0x7f, 0xf6, 0xff, 0xff, 0xcc, 0x82, 0xff,
    0xff, 0x2c, 0x1f, 0xfd, 0xa7, 0xff, 0xfc, 0xc1,
    0x3f, 0xff, 0xe6, 0xf, 0xfe, 0xd7, 0xff, 0xf9,
    0xc2, 0x7f, 0xff, 0xcc, 0x87, 0xff, 0x67, 0xff,
    0xfc, 0xe1, 0x3f, 0xff, 0xe6, 0x83, 0xff, 0xb0,
    0xff, 0xff, 0x9c, 0x37, 0xff, 0xf9, 0xc3, 0xff,
    0xb1, 0xff, 0xfe, 0x78, 0x37, 0xff, 0xf9, 0xd0,
    0xff, 0xeb, 0x3f, 0xff, 0xe7, 0x83, 0x7f, 0xff,
    0xa0, 0x3f, 0xfa, 0xd7, 0xff, 0xf9, 0xd0, 0xd7,
    0xff, 0xf9, 0xd0, 0xff, 0xea, 0xff, 0xff, 0xa0,
    0x3a, 0xff, 0xff, 0x3c, 0x1f, 0xfd, 0x47, 0xff,
    0xfd, 0x1, 0xcf, 0xff, 0xfa, 0x3, 0xff, 0xa9,
    0xff, 0xfe, 0x90, 0xf7, 0xff, 0xfa, 0x20, 0xff,
    0xe9, 0x3f, 0xff, 0xe8, 0x83, 0xdf, 0xff, 0xe9,
    0xf, 0xfe, 0x97, 0xff, 0xfa, 0x60, 0xf7, 0xff,
    0xfa, 0x83, 0xff, 0xa0, 0xff, 0xff, 0xa5, 0xf,
    0x5f, 0xff, 0xe9, 0x43, 0xff, 0x9f, 0xff, 0xfe,
    0xa0, 0xfa, 0xff, 0xff, 0x50, 0x7f, 0xf3, 0xaf,
    0xff, 0xf5, 0x7, 0xcf, 0xff, 0xfa, 0xa0, 0xff,
    0xe6, 0x3f, 0xff, 0xeb, 0xf, 0xdf, 0xff, 0xeb,
    0x43, 0xff, 0x97, 0xff, 0xfe, 0xb8, 0x3f, 0x7f,
    0xff, 0xb0, 0x3f, 0xf9, 0x5f, 0xff, 0xec, 0x43,
    0xf7, 0xff, 0xfb, 0x43, 0xff, 0x91, 0x7f, 0xff,
    0xb0, 0x3f, 0xaf, 0xff, 0xf6, 0x87, 0xff, 0x1a,
    0xff, 0xff, 0x68, 0x7f, 0x3f, 0xff, 0xee, 0xf,
    0xfe, 0x25, 0xff, 0xfe, 0xd8, 0x3f, 0xdf, 0xff,
    0xef, 0x43, 0xff, 0x83, 0xff, 0xfe, 0xf4, 0x3f,
    0xdf, 0xff, 0xf1, 0x43, 0xf9, 0xff, 0xff, 0x80,
    0x7f, 0xd7, 0xff, 0xfc, 0xa5, 0xa, 0xbf, 0xff,
    0xe4, 0x1f, 0xf3, 0xff, 0xff, 0xff, 0xff, 0xf5,
    0xc1, 0xff, 0xc0, 0xff, 0xff, 0xff, 0xff, 0xfa,
    0xd0, 0xff, 0xe0, 0x5f, 0xff, 0xff, 0xff, 0xff,
    0x50, 0x7f, 0xf0, 0x5f, 0xff, 0xff, 0xff, 0xff,
    0xa6, 0xf, 0xfe, 0x17, 0xff, 0xff, 0xff, 0xff,
    0xd2, 0x87, 0xff, 0xb, 0xff, 0xff, 0xff, 0xff,
    0xe9, 0xf, 0xfe, 0x1d, 0xff, 0xff, 0xff, 0xff,
    0xf3, 0xc1, 0xff, 0xc3, 0x7f, 0xff, 0xff, 0xff,
    0xfe, 0x74, 0x3f, 0xf8, 0x9f, 0xff, 0xff, 0xff,
    0xff, 0x38, 0x7f, 0xf1, 0x6f, 0xff, 0xff, 0xff,
    0xff, 0x96, 0xf, 0xfe, 0x2b, 0xff, 0xff, 0xff,
    0xff, 0xf2, 0xa1, 0xff, 0xc6, 0xff, 0xff, 0xff,
    0xff, 0xf9, 0x43, 0xff, 0x8f, 0x7f, 0xff, 0xff,
    0xff, 0xfc, 0x70, 0x7f, 0xf1, 0xdf, 0xff, 0xff,
    0xff, 0xff, 0x8d, 0xf, 0xfe, 0x47, 0xff, 0xff,
    0xff, 0xff, 0xc6, 0x1f, 0xfc, 0x97, 0xff, 0xff,
    0xff, 0xff, 0xe1, 0x43, 0xff, 0x95, 0xff, 0xff,
    0xff, 0xff, 0xf0, 0x87, 0xff, 0x2e, 0xff, 0xff,
    0xff, 0xff, 0xf7, 0xe0, 0xff, 0xe6, 0x7f, 0xff,
    0xff, 0xff, 0xfb, 0xe1, 0xff, 0xcd, 0xbf, 0xff,
    0xff, 0xff, 0xfd, 0xe0, 0xff, 0xe7, 0x7f, 0xff,
    0xff, 0xff, 0xfb, 0xa8, 0x7f, 0xf3, 0xaf, 0xff,
    0xff, 0xff, 0xff, 0x70, 0x3f, 0xfa, 0x1f, 0xff,
    0xff, 0xff, 0xfe, 0xda, 0x1f, 0xfd, 0xb, 0xff,
    0xff, 0xff, 0xff, 0xda, 0xf, 0xfe, 0x97, 0xff,
    0xff, 0xff, 0xff, 0xb2, 0x87, 0xff, 0x4a, 0xff,
    0xff, 0xff, 0xff, 0xf6, 0x3, 0xff, 0xa9, 0xff,
    0xff, 0xff, 0xff, 0xeb, 0xa1, 0xff, 0xd4, 0x7f,
    0xff, 0xff, 0xff, 0xfd, 0x58, 0x3f, 0xfa, 0xdf,
    0xff, 0xff, 0xff, 0xfe, 0xa8, 0x7f, 0xf6, 0x3f,
    0xff, 0xff, 0xff, 0xfd, 0x34, 0x3f, 0xfb, 0x17,
    0xff, 0xff, 0xff, 0xff, 0xa4, 0x1f, 0xfd, 0xaf,
    0xff, 0xff, 0xff, 0xff, 0x44, 0x3f, 0xfb, 0x9f,
    0xff, 0xff, 0xff, 0xfe, 0x7a, 0x1f, 0xfd, 0xc7,
    0xff, 0xff, 0xff, 0xff, 0xcd, 0x83, 0xff, 0xbd,
    0x7f, 0xff, 0xff, 0xff, 0xf9, 0x81, 0xff, 0xe0,
    0xff, 0xff, 0xff, 0xff, 0xf2, 0xc3, 0xff, 0xc5,
    0xff, 0xff, 0xff, 0xff, 0xe4, 0x87, 0xff, 0x8d,
    0xff, 0xff, 0xff, 0xff, 0xf1, 0xd0, 0xff, 0xf2,
    0x3f, 0xff, 0xff, 0xff, 0xfe, 0x2a, 0x1f, 0xfe,
    0x67, 0xff, 0xff, 0xff, 0xff, 0xc3, 0x43, 0xff,
    0xd0, 0xff, 0xff, 0xff, 0xff, 0xf8, 0x28, 0x7f,
    0xfa, 0x9f, 0xff, 0xff, 0xff, 0xfc, 0x87, 0xff,
    0xb1, 0xff, 0xff, 0xff, 0xff, 0x7, 0xff, 0xc3,
    0xff, 0xff, 0xff, 0xf0, 0x7f, 0xfc, 0xbf, 0xff,
    0xff, 0xfa, 0xf, 0xff, 0xa5, 0xff, 0xff, 0xfc,
    0x3f, 0xfe, 0xef, 0xff, 0xff, 0x60, 0xff, 0xfd,
    0x5f, 0xff, 0xf9, 0x83, 0xff, 0xfd, 0xff, 0xff,
    0x68, 0x3f, 0xff, 0xe0, 0x6f, 0xff, 0xf8, 0xc1,
    0xff, 0xff, 0xf, 0xaf, 0xff, 0xf6, 0xc1, 0xff,
    0xff, 0xf, 0xf9, 0xff, 0xff, 0x44, 0x87, 0xff,
    0xfc, 0x3f, 0xf8, 0x97, 0xff, 0xf8, 0xd0, 0xff,
    0xff, 0x87, 0xff, 0x29, 0xbf, 0xff, 0xb7, 0x21,
    0xff, 0xff, 0xf, 0xfe, 0x8a, 0xaf, 0xff, 0xe9,
    0x48, 0x7f, 0xff, 0xc3, 0xff, 0xb6, 0xb5, 0x5f,
    0xff, 0xc1, 0xa9, 0xf, 0xff, 0x88,

    /* U+0039 "9" */
    0xf, 0xff, 0x72, 0xa9, 0xff, 0xf5, 0x4a, 0xf,
    0xff, 0xf8, 0x7f, 0xf8, 0x5b, 0xff, 0xf9, 0xd2,
    0x1f, 0xff, 0xf0, 0xff, 0xec, 0xdf, 0xff, 0xd6,
    0x90, 0xff, 0xff, 0x87, 0xff, 0x4a, 0xff, 0xfe,
    0xe4, 0x87, 0xff, 0xfc, 0x3f, 0xf9, 0x8d, 0xff,
    0xfe, 0x18, 0x3f, 0xff, 0xe1, 0xff, 0xc8, 0x7f,
    0xff, 0xcd, 0x7, 0xff, 0xfc, 0x3f, 0xf8, 0xb7,
    0xff, 0xfa, 0x60, 0xff, 0xff, 0x87, 0xff, 0x6,
    0xff, 0xff, 0x6c, 0x1f, 0xff, 0xf0, 0xfe, 0x7f,
    0xff, 0xe2, 0x87, 0xff, 0xfc, 0x3d, 0x7f, 0xff,
    0xd0, 0x3f, 0xff, 0xe1, 0xbf, 0xff, 0xee, 0x87,
    0xff, 0xfc, 0xff, 0xff, 0xcc, 0x1f, 0xff, 0xd7,
    0xff, 0xff, 0x70, 0x7f, 0xfe, 0xdf, 0xff, 0xff,
    0x7, 0xff, 0xe5, 0xff, 0xff, 0xfe, 0x1f, 0xff,
    0x77, 0xff, 0xff, 0xff, 0x7, 0xff, 0xd5, 0xff,
    0xff, 0xff, 0xf0, 0x7f, 0xfc, 0xdf, 0xff, 0xff,
    0xff, 0xc1, 0xff, 0xf2, 0xff, 0xff, 0xff, 0xff,
    0x7, 0xff, 0xc3, 0xff, 0xff, 0xff, 0xfe, 0x83,
    0xff, 0xdd, 0x7f, 0xff, 0xff, 0xff, 0xe8, 0x3f,
    0xfd, 0x97, 0xff, 0xff, 0xff, 0xff, 0x82, 0x87,
    0xff, 0xaf, 0xff, 0xff, 0xff, 0xff, 0xc3, 0xf,
    0xff, 0x57, 0xff, 0xff, 0xff, 0xff, 0x89, 0x7,
    0xff, 0xa2, 0xff, 0xff, 0xff, 0xff, 0xf1, 0x50,
    0xff, 0xf3, 0x3f, 0xff, 0xff, 0xff, 0xfe, 0x38,
    0x7f, 0xf9, 0xbf, 0xff, 0xff, 0xff, 0xfc, 0x90,
    0xff, 0xf2, 0x5f, 0xff, 0xff, 0xff, 0xfe, 0x4a,
    0x1f, 0xfe, 0x3f, 0xff, 0xff, 0xff, 0xff, 0x2c,
    0x3f, 0xfc, 0x57, 0xff, 0xff, 0xff, 0xff, 0x97,
    0x7, 0xff, 0x81, 0xff, 0xff, 0xff, 0xff, 0xf3,
    0x50, 0xff, 0xef, 0xff, 0xff, 0xff, 0xff, 0xf9,
    0xe1, 0xff, 0xde, 0x7f, 0xff, 0xff, 0xff, 0xfc,
    0xf4, 0x3f, 0xfb, 0xbf, 0xff, 0xff, 0xff, 0xfe,
    0x88, 0x7f, 0xf7, 0x1f, 0xff, 0xff, 0xff, 0xff,
    0x45, 0xf, 0xfe, 0xdf, 0xff, 0xff, 0xff, 0xff,
    0xa6, 0x1f, 0xfd, 0xa7, 0xff, 0xff, 0xff, 0xff,
    0xd3, 0x83, 0xff, 0xb3, 0xff, 0xff, 0xff, 0xff,
    0xea, 0x87, 0xff, 0x61, 0xff, 0xff, 0xff, 0xff,
    0xf5, 0x60, 0xff, 0xeb, 0xdf, 0xff, 0xff, 0xff,
    0xfe, 0xb0, 0x7f, 0xf5, 0xff, 0xff, 0xff, 0xff,
    0xfd, 0x74, 0x3f, 0xfa, 0xb7, 0xff, 0xff, 0xff,
    0xff, 0xb0, 0x1f, 0xfd, 0x5f, 0xff, 0xff, 0xff,
    0xff, 0x65, 0xf, 0xfe, 0x9b, 0xff, 0xff, 0xff,
    0xff, 0xec, 0xc1, 0xff, 0xd3, 0xff, 0xff, 0xff,
    0xff, 0xf6, 0xc3, 0xff, 0xa7, 0xff, 0xff, 0xff,
    0xff, 0xed, 0xc1, 0xff, 0xd1, 0xbf, 0xff, 0xff,
    0xff, 0xfd, 0xc0, 0xff, 0xe8, 0xff, 0xff, 0xff,
    0xff, 0xfb, 0xa8, 0x7f, 0xf3, 0xdf, 0xff, 0xff,
    0xff, 0xff, 0x78, 0x3f, 0xf9, 0xf7, 0xff, 0xff,
    0xff, 0xff, 0xbc, 0x1f, 0xfc, 0xff, 0xff, 0xff,
    0xff, 0xff, 0x7e, 0xf, 0xfe, 0x6b, 0xff, 0xff,
    0xff, 0xff, 0xf0, 0x7, 0xff, 0x36, 0xff, 0xff,
    0xff, 0xff, 0xf8, 0x10, 0xff, 0xe6, 0x7f, 0xff,
    0xff, 0xff, 0xfc, 0x30, 0x7f, 0xf2, 0xdf, 0xff,
    0xff, 0xff, 0xff, 0x88, 0x3f, 0xf9, 0x77, 0xff,
    0xff, 0xff, 0xff, 0xc4, 0x87, 0xff, 0x2b, 0xff,
    0xff, 0xff, 0xff, 0xe3, 0x83, 0xff, 0x95, 0xff,
    0xfe, 0xd9, 0xc, 0xdf, 0xff, 0xee, 0xf, 0xfe,
    0x4b, 0xff, 0xfe, 0xb4, 0x3f, 0xcf, 0xff, 0xfb,
    0x10, 0xff, 0xe4, 0x5f, 0xff, 0xe9, 0x43, 0xff,
    0x84, 0xff, 0xff, 0xaa, 0xf, 0xfe, 0x47, 0xff,
    0xfa, 0x43, 0xff, 0x8d, 0xff, 0xfe, 0xa0, 0xff,
    0xe3, 0xbf, 0xff, 0xe8, 0xf, 0xfe, 0x47, 0xff,
    0xfa, 0x43, 0xff, 0x8f, 0x7f, 0xff, 0x9c, 0x3f,
    0xf9, 0x5f, 0xff, 0xe8, 0x83, 0xff, 0x8d, 0x7f,
    0xff, 0x99, 0xf, 0xfe, 0x5f, 0xff, 0xfa, 0x3,
    0xff, 0x8d, 0xff, 0xfe, 0x64, 0x3f, 0xf9, 0xbf,
    0xff, 0xe7, 0xf, 0xfe, 0x37, 0xff, 0xf9, 0x83,
    0xff, 0x9c, 0xff, 0xff, 0x99, 0xf, 0xfe, 0x23,
    0xff, 0xfe, 0x50, 0xff, 0xe8, 0x7f, 0xff, 0x9a,
    0xf, 0xfe, 0x25, 0xff, 0xfe, 0x48, 0x3f, 0xfa,
    0x3f, 0xff, 0xe6, 0xf, 0xfe, 0x27, 0xff, 0xf9,
    0x43, 0xff, 0xa5, 0x7f, 0xff, 0x94, 0x3f, 0xf8,
    0x9f, 0xff, 0xe4, 0x83, 0xff, 0xa7, 0xff, 0xfe,
    0x54, 0x3f, 0xf8, 0x4f, 0xff, 0xf9, 0x3, 0xff,
    0xa9, 0x7f, 0xff, 0x94, 0x3f, 0xf8, 0x4f, 0xff,
    0xf8, 0xe0, 0xff, 0xea, 0xff, 0xff, 0x94, 0x3f,
    0xf8, 0x57, 0xff, 0xf8, 0xc3, 0xff, 0xad, 0x7f,
    0xff, 0x90, 0x3f, 0xf8, 0x5f, 0xff, 0xe4, 0xf,
    0xfe, 0xbf, 0xff, 0xf9, 0x10, 0xff, 0xe0, 0xff,
    0xff, 0x8d, 0xf, 0xfe, 0xbd, 0xff, 0xfe, 0x38,
    0x3f, 0xf8, 0xf, 0xff, 0xf8, 0xc3, 0xff, 0xb0,
    0xff, 0xff, 0x90, 0x3f, 0xf8, 0xf, 0xff, 0xf8,
    0xa0, 0xff, 0xec, 0xff, 0xff, 0x90, 0x3f, 0xf8,
    0x17, 0xff, 0xf8, 0x90, 0xff, 0xec, 0xdf, 0xff,
    0xe3, 0x43, 0xfe, 0xbf, 0xff, 0xc4, 0x1f, 0xfd,
    0xbf, 0xff, 0xf1, 0xc1, 0xff, 0x7f, 0xff, 0x8c,
    0x3f, 0xfb, 0x7f, 0xff, 0xe4, 0xf, 0xfb, 0xff,
    0xfc, 0x50, 0x7f, 0xf6, 0xef, 0xff, 0xf1, 0x87,
    0xfd, 0xff, 0xfe, 0x24, 0x3f, 0xfb, 0x6f, 0xff,
    0xf8, 0xc3, 0xfc, 0xff, 0xff, 0x88, 0x3f, 0xfb,
    0xbf, 0xff, 0xe3, 0x43, 0xf9, 0xff, 0xff, 0x10,
    0x7f, 0xf7, 0x7f, 0xff, 0xc7, 0x7, 0xf5, 0xff,
    0xfe, 0x20, 0xff, 0xee, 0xdf, 0xff, 0xe3, 0xf,
    0xeb, 0xff, 0xfc, 0x30, 0x7f, 0xf7, 0x5f, 0xff,
    0xf1, 0x87, 0xf7, 0xff, 0xf8, 0x90, 0xff, 0xef,
    0x7f, 0xff, 0x8c, 0x3f, 0xbf, 0xff, 0xc4, 0x1f,
    0xfd, 0xff, 0xff, 0xf1, 0xa1, 0xfb, 0xff, 0xfc,
    0x41, 0xff, 0xdf, 0xbf, 0xff, 0xc5, 0x7, 0xef,
    0xff, 0xf1, 0x7, 0xff, 0x7d, 0xff, 0xff, 0x14,
    0x1f, 0x3f, 0xff, 0xe2, 0xf, 0xfe, 0xfb, 0xff,
    0xfe, 0x30, 0xf9, 0xff, 0xff, 0xc, 0x1f, 0xfe,
    0xf, 0xff, 0xf1, 0x87, 0xcf, 0xff, 0xf8, 0x60,
    0xff, 0xf0, 0x7f, 0xff, 0x8c, 0x3e, 0xbf, 0xff,
    0xc2, 0x87, 0xff, 0x83, 0xff, 0xfc, 0x68, 0x7a,
    0xff, 0xff, 0xa, 0x1f, 0xfe, 0xb, 0xff, 0xfc,
    0x50, 0x7a, 0xff, 0xff, 0xa, 0x1f, 0xfe, 0xb,
    0xff, 0xfc, 0x50, 0x7b, 0xff, 0xfc, 0x41, 0xff,
    0xe1, 0x7f, 0xff, 0xc6, 0x1e, 0xff, 0xff, 0x10,
    0x7f, 0xf8, 0x5f, 0xff, 0xf1, 0x87, 0xbf, 0xff,
    0xc4, 0x1f, 0xfe, 0x2f, 0xff, 0xf1, 0x87, 0xbf,
    0xff, 0xc4, 0x1f, 0xfe, 0x2f, 0xff, 0xf1, 0x87,
    0xbf, 0xff, 0xc4, 0x1f, 0xfe, 0x2f, 0xff, 0xf1,
    0xa1, 0xdf, 0xff, 0xe2, 0xf, 0xff, 0x17, 0xff,
    0xf8, 0xe0, 0xef, 0xff, 0xf1, 0x7, 0xff, 0x8b,
    0xff, 0xfc, 0x70, 0x77, 0xff, 0xf8, 0x83, 0xff,
    0xc5, 0xff, 0xfe, 0x40, 0xcf, 0xff, 0xf8, 0x60,
    0xff, 0xf1, 0x7f, 0xff, 0x90, 0x33, 0xff, 0xfe,
    0x18, 0x3f, 0xfc, 0x57, 0xff, 0xf8, 0xc3, 0x3f,
    0xff, 0xe1, 0x83, 0xff, 0xc5, 0x7f, 0xff, 0x8c,
    0x33, 0xff, 0xfe, 0x18, 0x3f, 0xfc, 0x57, 0xff,
    0xf8, 0xc3, 0x3f, 0xff, 0xe1, 0x83, 0xff, 0xc5,
    0x7f, 0xff, 0x8d, 0x9, 0xff, 0xff, 0xc, 0x1f,
    0xfe, 0x2b, 0xff, 0xfc, 0x68, 0x4f, 0xff, 0xf8,
    0x60, 0xff, 0xf1, 0x5f, 0xff, 0xe3, 0x82, 0x7f,
    0xff, 0xc3, 0x7, 0xff, 0x8a, 0xff, 0xff, 0x1c,
    0x13, 0xff, 0xfe, 0x18, 0x3f, 0xfc, 0x57, 0xff,
    0xf9, 0x2, 0x7f, 0xff, 0xc3, 0x7, 0xff, 0x89,
    0xff, 0xff, 0x20, 0x4f, 0xff, 0xf8, 0x60, 0xff,
    0xf1, 0x3f, 0xff, 0xe4, 0x9, 0xff, 0xff, 0xc,
    0x1f, 0xfe, 0x27, 0xff, 0xfc, 0x81, 0x3f, 0xff,
    0xe1, 0x83, 0xff, 0xc5, 0x7f, 0xff, 0x90, 0x27,
    0xff, 0xfc, 0x30, 0x7f, 0xf8, 0xaf, 0xff, 0xf2,
    0x4, 0xff, 0xff, 0x86, 0xf, 0xff, 0x15, 0xff,
    0xfe, 0x44, 0xf, 0xff, 0xf8, 0x60, 0xff, 0xf1,
    0x5f, 0xff, 0xe4, 0x40, 0xff, 0xff, 0x88, 0x3f,
    0xfc, 0x57, 0xff, 0xf9, 0x10, 0x3f, 0xff, 0xe2,
    0xf, 0xff, 0x15, 0xff, 0xfe, 0x48, 0xf, 0xff,
    0xf8, 0x83, 0xff, 0xc5, 0x7f, 0xff, 0x92, 0x3,
    0xff, 0xfe, 0x20, 0xff, 0xf1, 0x7f, 0xff, 0x96,
    0x3, 0xff, 0xfe, 0x20, 0xff, 0xf1, 0x7f, 0xff,
    0x98, 0x2f, 0xff, 0xf1, 0x7, 0xff, 0x8b, 0xff,
    0xfc, 0xc1, 0x7f, 0xff, 0x88, 0x3f, 0xfc, 0x5f,
    0xff, 0xe6, 0xb, 0xff, 0xfc, 0x41, 0xff, 0xe2,
    0xff, 0xff, 0x30, 0x5f, 0xff, 0xe2, 0x43, 0xff,
    0xc3, 0xff, 0xfe, 0x60, 0xbf, 0xff, 0xc4, 0x87,
    0xff, 0x87, 0xff, 0xfc, 0xc1, 0x7f, 0xff, 0x89,
    0xf, 0xff, 0x3, 0xff, 0xfe, 0x60, 0xbf, 0xff,
    0xc5, 0x7, 0xff, 0x81, 0xff, 0xff, 0x30, 0x5f,
    0xff, 0xe2, 0x83, 0xff, 0xc1, 0x7f, 0xff, 0x99,
    0x7, 0xff, 0xf8, 0xc3, 0xff, 0xc1, 0x7f, 0xff,
    0x99, 0x5, 0xff, 0xfe, 0x20, 0xff, 0xf0, 0x7f,
    0xff, 0x9d, 0x5, 0xff, 0xfe, 0x20, 0xff, 0xf0,
    0x7f, 0xff, 0x9d, 0x5, 0xff, 0xfe, 0x20, 0xff,
    0xf0, 0x7f, 0xff, 0x9e, 0x3, 0xff, 0xfe, 0x24,
    0x3f, 0xfb, 0xcf, 0xff, 0xf9, 0xe0, 0x3f, 0xff,
    0xe2, 0x83, 0xff, 0xbc, 0xff, 0xff, 0x9e, 0x3,
    0xff, 0xfe, 0x30, 0xff, 0xef, 0x5f, 0xff, 0xe7,
    0x82, 0xff, 0xff, 0x18, 0x7f, 0xf7, 0xbf, 0xff,
    0xd1, 0x5, 0xff, 0xfe, 0x30, 0xff, 0xef, 0x7f,
    0xff, 0xa2, 0xb, 0xff, 0xfc, 0x68, 0x7f, 0xf7,
    0x1f, 0xff, 0xf4, 0x85, 0xff, 0xfe, 0x38, 0x3f,
    0xfb, 0x97, 0xff, 0xfa, 0x42, 0xbf, 0xff, 0xc6,
    0x1f, 0xfd, 0xcf, 0xff, 0xf5, 0x5, 0x7f, 0xff,
    0x8c, 0x3f, 0xfb, 0x9f, 0xff, 0xea, 0x9, 0xff,
    0xff, 0x1a, 0x1f, 0xfd, 0xa7, 0xff, 0xfd, 0x41,
    0x3f, 0xff, 0xe3, 0x83, 0xff, 0xb5, 0x7f, 0xff,
    0xa8, 0x37, 0xff, 0xf9, 0x3, 0xff, 0xb5, 0xff,
    0xfe, 0xb0, 0xdf, 0xff, 0xe4, 0x43, 0xff, 0xb0,
    0xff, 0xff, 0xac, 0x37, 0xff, 0xf9, 0x20, 0xff,
    0xec, 0x5f, 0xff, 0xeb, 0xd, 0x7f, 0xff, 0x90,
    0x3f, 0xfb, 0x1f, 0xff, 0xec, 0xd, 0x7f, 0xff,
    0x91, 0xf, 0xfe, 0xb3, 0xff, 0xfe, 0xc0, 0xcf,
    0xff, 0xf9, 0x43, 0xff, 0xad, 0xff, 0xfe, 0xd0,
    0xef, 0xff, 0xf2, 0x87, 0xff, 0x55, 0xff, 0xff,
    0x68, 0x77, 0xff, 0xf9, 0x60, 0xff, 0xea, 0x7f,
    0xff, 0xb8, 0x3b, 0xff, 0xfc, 0xc1, 0xff, 0xd3,
    0x7f, 0xff, 0xdc, 0x1d, 0x7f, 0xff, 0x96, 0xf,
    0xfe, 0x97, 0xff, 0xfb, 0xc3, 0xaf, 0xff, 0xf3,
    0x21, 0xff, 0xd0, 0x7f, 0xff, 0xde, 0x1c, 0xff,
    0xff, 0x9c, 0x3f, 0xfa, 0x1f, 0xff, 0xf0, 0xf,
    0x7f, 0xff, 0x9e, 0xf, 0xfe, 0x75, 0xff, 0xff,
    0x0, 0xf7, 0xff, 0xfa, 0x10, 0xff, 0xe6, 0x3f,
    0xff, 0xf1, 0xf, 0x5f, 0xff, 0xe8, 0xf, 0xfe,
    0x5b, 0xff, 0xff, 0x20, 0xf3, 0xff, 0xfe, 0x90,
    0xff, 0xe5, 0x7f, 0xff, 0xcc, 0x3e, 0xff, 0xff,
    0x50, 0x7f, 0xf2, 0x3f, 0xff, 0xe8, 0x1f, 0x7f,
    0xff, 0xac, 0x3f, 0xf8, 0xaf, 0xff, 0xfd, 0x43,
    0xeb, 0xff, 0xfd, 0x68, 0x7f, 0xf0, 0xaf, 0xff,
    0xfb, 0x21, 0xe7, 0xff, 0xfd, 0x90, 0x7f, 0xcf,
    0xff, 0xfe, 0x10, 0xfb, 0xff, 0xfd, 0xf2, 0x19,
    0xbf, 0xff, 0xf4, 0x87, 0xdf, 0xff, 0xff, 0xff,
    0xff, 0x92, 0x1f, 0x5f, 0xff, 0xff, 0xff, 0xff,
    0x8a, 0x1f, 0x3f, 0xff, 0xff, 0xff, 0xff, 0x8a,
    0x1f, 0xbf, 0xff, 0xff, 0xff, 0xff, 0x14, 0x3f,
    0x5f, 0xff, 0xff, 0xff, 0xff, 0x80, 0x7f, 0x3f,
    0xff, 0xff, 0xff, 0xff, 0x80, 0x7f, 0xbf, 0xff,
    0xff, 0xff, 0xff, 0x0, 0xff, 0x7f, 0xff, 0xff,
    0xff, 0xfe, 0x1, 0xfe, 0xbf, 0xff, 0xff, 0xff,
    0xfe, 0xf0, 0xff, 0xbf, 0xff, 0xff, 0xff, 0xfe,
    0xf0, 0xff, 0xbf, 0xff, 0xff, 0xff, 0xfe, 0xf0,
    0xff, 0x9f, 0xff, 0xff, 0xff, 0xff, 0xb8, 0x3f,
    0xf8, 0x1f, 0xff, 0xff, 0xff, 0xff, 0x70, 0x7f,
    0xf0, 0x2f, 0xff, 0xff, 0xff, 0xff, 0xb4, 0x3f,
    0xf8, 0xf, 0xff, 0xff, 0xff, 0xff, 0xda, 0x1f,
    0xfc, 0x1f, 0xff, 0xff, 0xff, 0xff, 0xb4, 0x3f,
    0xf8, 0x37, 0xff, 0xff, 0xff, 0xff, 0xd8, 0x1f,
    0xfc, 0x2f, 0xff, 0xff, 0xff, 0xff, 0xb0, 0x3f,
    0xf8, 0x57, 0xff, 0xff, 0xff, 0xff, 0xd6, 0x1f,
    0xfc, 0x3f, 0xff, 0xff, 0xff, 0xff, 0xac, 0x3f,
    0xf8, 0x77, 0xff, 0xff, 0xff, 0xff, 0xd4, 0x1f,
    0xfc, 0x4f, 0xff, 0xff, 0xff, 0xff, 0xa8, 0x3f,
    0xf8, 0x9f, 0xff, 0xff, 0xff, 0xff, 0x50, 0x7f,
    0xf1, 0x1f, 0xff, 0xff, 0xff, 0xff, 0xa4, 0x3f,
    0xf8, 0xbf, 0xff, 0xff, 0xff, 0xff, 0x48, 0x7f,
    0xf1, 0x5f, 0xff, 0xff, 0xfa, 0xff, 0xff, 0x28,
    0x7f, 0xf1, 0xbf, 0xff, 0xff, 0xe3, 0xff, 0xfc,
    0xa1, 0xff, 0xc7, 0xff, 0xff, 0xfa, 0x7f, 0xff,
    0x92, 0xf, 0xfe, 0x3d, 0xff, 0xff, 0xe0, 0x7f,
    0xff, 0x92, 0xf, 0xfe, 0x47, 0xff, 0xff, 0x50,
    0x7f, 0xff, 0x92, 0xf, 0xfe, 0x45, 0xff, 0xff,
    0xb8, 0x2f, 0xff, 0xf2, 0x41, 0xff, 0xc9, 0xff,
    0xff, 0xd8, 0x6f, 0xff, 0xf2, 0x41, 0xff, 0xc9,
    0x7f, 0xff, 0xf3, 0x6, 0xff, 0xff, 0x24, 0x1f,
    0xfc, 0xab, 0xff, 0xff, 0x1, 0xdf, 0xff, 0xe4,
    0x43, 0xff, 0x97, 0xff, 0xff, 0x74, 0x3b, 0xff,
    0xfc, 0x88, 0x7f, 0xf2, 0xdf, 0xff, 0xfa, 0xc1,
    0xcf, 0xff, 0xf9, 0x10, 0xff, 0xe6, 0x5f, 0xff,
    0xf4, 0xf, 0x3f, 0xff, 0xe4, 0x43, 0xff, 0x9b,
    0xff, 0xff, 0x30, 0xf9, 0xff, 0xff, 0x20, 0x7f,
    0xf3, 0x9f, 0xff, 0xf8, 0xc1, 0xf3, 0xff, 0xfe,
    0x40, 0xff, 0xe7, 0xbf, 0xff, 0xf0, 0xf, 0xd7,
    0xff, 0xf9, 0x3, 0xff, 0xa1, 0x7f, 0xff, 0xb8,
    0x3f, 0xaf, 0xff, 0xf2, 0x7, 0xff, 0x46, 0xff,
    0xff, 0x62, 0x1f, 0xd7, 0xff, 0xf9, 0x3, 0xff,
    0xa5, 0xff, 0xfe, 0xb4, 0x3f, 0xd7, 0xff, 0xf9,
    0x3, 0xff, 0xa7, 0xff, 0xfe, 0x98, 0x3f, 0xef,
    0xff, 0xf2, 0x87, 0xff, 0x53, 0xff, 0xfc, 0xf0,
    0x7f, 0xf0, 0x3f, 0xff, 0xca, 0x1f, 0xfd, 0x5f,
    0xff, 0xf2, 0xc1, 0xff, 0xc1, 0xff, 0xff, 0x24,
    0x1f, 0xfd, 0x6f, 0xff, 0xf2, 0x7, 0xff, 0xb,
    0xff, 0xfc, 0x90, 0x7f, 0xf5, 0xff, 0xff, 0xc3,
    0x7, 0xff, 0xf, 0xff, 0xfc, 0x90, 0x7f, 0xf6,
    0x2f, 0xff, 0xef, 0x41, 0xff, 0xc4, 0xff, 0xff,
    0x22, 0x1f, 0xfd, 0x97, 0xff, 0xfb, 0x88, 0x7f,
    0xf1, 0x7f, 0xff, 0xc8, 0x87, 0xff, 0x6f, 0xff,
    0xfb, 0x41, 0xff, 0xc6, 0x7f, 0xff, 0xc8, 0x87,
    0xff, 0x71, 0xff, 0xfe, 0xb4, 0x1f, 0xfc, 0x77,
    0xff, 0xfc, 0x88, 0x7f, 0xf7, 0xaf, 0xff, 0xe9,
    0x41, 0xff, 0xc9, 0x7f, 0xff, 0xc8, 0x1f, 0xfe,
    0x1b, 0xff, 0xf9, 0xd0, 0x7f, 0xf2, 0xef, 0xff,
    0xf2, 0x7, 0xff, 0x8d, 0xff, 0xfe, 0x54, 0x1f,
    0xfc, 0xdb, 0xff, 0xfc, 0x81, 0xff, 0xe6, 0x6f,
    0xff, 0xe1, 0x48, 0x7f, 0xf4, 0x2f, 0xff, 0xf2,
    0x7, 0xff, 0xa9, 0x6a, 0xcb, 0x7, 0xff, 0x52,
    0xff, 0xff, 0x20, 0x7f, 0xff, 0xc3, 0xff, 0x93,
    0xff, 0xfe, 0x48, 0x3f, 0xff, 0xe1, 0xff, 0xc9,
    0xff, 0xff, 0x24, 0x1f, 0xff, 0xf0, 0xff, 0xe4,
    0xff, 0xff, 0x91, 0xf, 0xff, 0xf8, 0x7f, 0xf2,
    0x7f, 0xff, 0xc8, 0x87, 0xff, 0xfc, 0x3f, 0xf9,
    0x3f, 0xff, 0xe4, 0x43, 0xff, 0xfe, 0x1f, 0xfc,
    0x87, 0xff, 0xfc, 0x81, 0xff, 0xff, 0xf, 0xfe,
    0x4b, 0xff, 0xfe, 0x40, 0xff, 0xff, 0x87, 0xff,
    0x25, 0xff, 0xff, 0x20, 0x7f, 0xff, 0xc3, 0xff,
    0x93, 0x7f, 0xff, 0x90, 0x3f, 0xff, 0xe1, 0xff,
    0xc9, 0xbf, 0xff, 0xc7, 0x7, 0xff, 0xfc, 0x3f,
    0xf9, 0x37, 0xff, 0xf8, 0xe0, 0xff, 0xff, 0x87,
    0xff, 0x27, 0xff, 0xfc, 0x88, 0x7f, 0xff, 0xc3,
    0xff, 0x93, 0xff, 0xfe, 0x44, 0x3f, 0xff, 0xe1,
    0xff, 0xc9, 0xff, 0xff, 0x20, 0x7f, 0xff, 0xc3,
    0xff, 0x95, 0xff, 0xfe, 0x40, 0xff, 0xff, 0x87,
    0xff, 0x25, 0xff, 0xff, 0x20, 0x7f, 0xff, 0xc3,
    0xff, 0x92, 0xff, 0xff, 0x90, 0x3f, 0xff, 0xe1,
    0xff, 0xc9, 0xbf, 0xff, 0xc7, 0x7, 0xff, 0xfc,
    0x3f, 0xf9, 0x37, 0xff, 0xf8, 0xd0, 0xff, 0xff,
    0x87, 0xff, 0x26, 0xff, 0xff, 0x1a, 0x1f, 0xff,
    0xf0, 0xff, 0xe4, 0xff, 0xff, 0x90, 0x3f, 0xff,
    0xe1, 0xff, 0xca, 0xff, 0xff, 0x20, 0x7f, 0xff,
    0xc3, 0xff, 0x95, 0xff, 0xfe, 0x40, 0xff, 0xff,
    0x87, 0xff, 0x25, 0xff, 0xff, 0x1c, 0x1f, 0xfe,
    0xb6, 0xd0, 0xff, 0xec, 0xbf, 0xff, 0xe3, 0x83,
    0xff, 0xce, 0xdf, 0xd0, 0x7f, 0xf6, 0x6f, 0xff,
    0xf1, 0xa1, 0xff, 0xe3, 0x6f, 0xfe, 0x83, 0xff,
    0xb3, 0x7f, 0xff, 0x8c, 0x3f, 0xfb, 0xea, 0xbf,
    0xff, 0x84, 0x1f, 0xfd, 0x9f, 0xff, 0xf2, 0x7,
    0xff, 0x6d, 0xbf, 0xff, 0x8e, 0x1f, 0xfd, 0x9f,
    0xff, 0xf2, 0x7, 0xff, 0x5d, 0xbf, 0xff, 0x96,
    0x1f, 0xfd, 0x87, 0xff, 0xfc, 0x70, 0x7f, 0xf4,
    0xdb, 0xff, 0xf9, 0xe1, 0xff, 0xd8, 0x7f, 0xff,
    0xc6, 0x87, 0xff, 0x3d, 0xbf, 0xff, 0xa6, 0x87,
    0xff, 0x5e, 0xff, 0xff, 0x18, 0x7f, 0xf2, 0xda,
    0x7f, 0xff, 0x5d, 0xf, 0xfe, 0xbf, 0xff, 0xf9,
    0x3, 0xff, 0x8e, 0xdf, 0xff, 0xdc, 0x83, 0xff,
    0xaf, 0xff, 0xfe, 0x40, 0xff, 0xe1, 0xb7, 0xff,
    0xf8, 0x20, 0xff, 0xeb, 0x3f, 0xff, 0xe3, 0x83,
    0xff, 0x81, 0x7f, 0xff, 0x94, 0x3f, 0xfa, 0xd7,
    0xff, 0xf8, 0xd0, 0xff, 0xe0, 0x5f, 0xff, 0xe5,
    0xf, 0xfe, 0xb7, 0xff, 0xf9, 0x3, 0xff, 0x83,
    0x7f, 0xff, 0x95, 0xf, 0xfe, 0xaf, 0xff, 0xf9,
    0x3, 0xff, 0x82, 0xff, 0xff, 0x95, 0xf, 0xfe,
    0xa5, 0xff, 0xfe, 0x40, 0xff, 0xe1, 0x7f, 0xff,
    0x96, 0xf, 0xfe, 0xa7, 0xff, 0xf9, 0x20, 0xff,
    0xe1, 0x7f, 0xff, 0x98, 0x3f, 0xfa, 0x9f, 0xff,
    0xe4, 0x43, 0xff, 0x85, 0xff, 0xfe, 0x60, 0xff,
    0xe9, 0xdf, 0xff, 0xe4, 0xf, 0xfe, 0x1d, 0xff,
    0xfe, 0x54, 0x3f, 0xfa, 0x5f, 0xff, 0xe5, 0xf,
    0xfe, 0x1b, 0xff, 0xfe, 0x58, 0x3f, 0xfa, 0x2f,
    0xff, 0xf9, 0x20, 0xff, 0xe2, 0x7f, 0xff, 0x98,
    0x3f, 0xfa, 0x3f, 0xff, 0xe5, 0x43, 0xff, 0x89,
    0xff, 0xfe, 0x64, 0x3f, 0xfa, 0x1f, 0xff, 0xe5,
    0xf, 0xfe, 0x2f, 0xff, 0xf9, 0xa0, 0xff, 0xe7,
    0xdf, 0xff, 0xe5, 0xf, 0xfe, 0x2d, 0xff, 0xfe,
    0x60, 0xff, 0xe7, 0xff, 0xff, 0x96, 0xf, 0xfe,
    0x2b, 0xff, 0xfe, 0x68, 0x3f, 0xf9, 0xb7, 0xff,
    0xf9, 0x50, 0xff, 0xe3, 0x7f, 0xff, 0x9c, 0x3f,
    0xf9, 0xbf, 0xff, 0xe6, 0xf, 0xfe, 0x3f, 0xff,
    0xf9, 0xd0, 0xff, 0xe5, 0xff, 0xff, 0x9c, 0x3f,
    0xf8, 0xf7, 0xff, 0xf9, 0xc3, 0xff, 0x95, 0x7f,
    0xff, 0x99, 0xf, 0xfe, 0x3b, 0xff, 0xfe, 0x80,
    0xff, 0xe4, 0x3f, 0xff, 0xe7, 0xf, 0xfe, 0x4f,
    0xff, 0xfa, 0x20, 0xff, 0xe3, 0xff, 0xff, 0xa0,
    0x3f, 0xf9, 0x3f, 0xff, 0xe9, 0x43, 0xff, 0x8b,
    0xff, 0xfe, 0x88, 0x3f, 0xf9, 0x37, 0xff, 0xfa,
    0x50, 0xff, 0xe1, 0xff, 0xff, 0xa5, 0xf, 0xfe,
    0x4b, 0xff, 0xfe, 0xa4, 0x3f, 0xf8, 0xf, 0xff,
    0xfa, 0x83, 0xff, 0x97, 0xff, 0xfe, 0xc4, 0x3f,
    0xaf, 0xff, 0xf5, 0x41, 0xff, 0xcb, 0xff, 0xff,
    0x74, 0x81, 0x5f, 0xff, 0xed, 0x43, 0xff, 0x97,
    0x7f, 0xff, 0xff, 0xff, 0xfc, 0x21, 0xff, 0xcc,
    0x7f, 0xff, 0xff, 0xff, 0xfe, 0x8, 0x3f, 0xf9,
    0xbf, 0xff, 0xff, 0xff, 0xff, 0x0, 0x7f, 0xf3,
    0xaf, 0xff, 0xff, 0xff, 0xff, 0x7c, 0x3f, 0xf9,
    0xcf, 0xff, 0xff, 0xff, 0xff, 0xbc, 0x87, 0xff,
    0x3f, 0xff, 0xff, 0xff, 0xff, 0xde, 0xf, 0xfe,
    0x87, 0xff, 0xff, 0xff, 0xff, 0xbb, 0x7, 0xff,
    0x41, 0xff, 0xff, 0xff, 0xff, 0xf7, 0x10, 0xff,
    0xe8, 0xff, 0xff, 0xff, 0xff, 0xfb, 0x81, 0xff,
    0xd2, 0xff, 0xff, 0xff, 0xff, 0xf6, 0xd0, 0xff,
    0xe9, 0x3f, 0xff, 0xff, 0xff, 0xfe, 0xd0, 0x7f,
    0xf5, 0x3f, 0xff, 0xff, 0xff, 0xfd, 0x98, 0x3f,
    0xfa, 0x97, 0xff, 0xff, 0xff, 0xff, 0xb0, 0x1f,
    0xfd, 0x57, 0xff, 0xff, 0xff, 0xff, 0xd7, 0x83,
    0xff, 0xad, 0xff, 0xff, 0xff, 0xff, 0xeb, 0x87,
    0xff, 0x5e, 0xff, 0xff, 0xff, 0xff, 0xf5, 0x60,
    0xff, 0xec, 0x7f, 0xff, 0xff, 0xff, 0xfa, 0xa1,
    0xff, 0xd9, 0xbf, 0xff, 0xff, 0xff, 0xfd, 0x38,
    0x3f, 0xfb, 0x2f, 0xff, 0xff, 0xff, 0xff, 0xa6,
    0x1f, 0xfd, 0xbf, 0xff, 0xff, 0xff, 0xff, 0x4a,
    0xf, 0xfe, 0xdb, 0xff, 0xff, 0xff, 0xff, 0xe8,
    0x87, 0xff, 0x77, 0xff, 0xff, 0xff, 0xff, 0xd0,
    0x83, 0xff, 0xba, 0xff, 0xff, 0xff, 0xff, 0xf9,
    0xe1, 0xff, 0xdf, 0xff, 0xff, 0xff, 0xff, 0xf3,
    0x90, 0xff, 0xef, 0xdf, 0xff, 0xff, 0xff, 0xfe,
    0x68, 0x7f, 0xf8, 0x7f, 0xff, 0xff, 0xff, 0xfc,
    0xc0, 0xff, 0xf1, 0x3f, 0xff, 0xff, 0xff, 0xfe,
    0x54, 0x1f, 0xfe, 0x3f, 0xff, 0xff, 0xff, 0xff,
    0x28, 0x3f, 0xfc, 0x8f, 0xff, 0xff, 0xff, 0xff,
    0x90, 0x87, 0xff, 0x96, 0xff, 0xff, 0xff, 0xff,
    0xf1, 0xa0, 0xff, 0xf3, 0xff, 0xff, 0xff, 0xff,
    0xf8, 0xc1, 0xff, 0xe8, 0x7f, 0xff, 0xff, 0xff,
    0xfc, 0x40, 0xff, 0xf5, 0x7f, 0xff, 0xff, 0xff,
    0xf8, 0x68, 0x7f, 0xfa, 0xff, 0xff, 0xff, 0xff,
    0xfc, 0x18, 0x3f, 0xfd, 0x8f, 0xff, 0xff, 0xff,
    0xff, 0x80, 0x1f, 0xfe, 0xeb, 0xff, 0xff, 0xff,
    0xfe, 0xf, 0xff, 0x87, 0xff, 0xff, 0xff, 0xf9,
    0xf, 0xff, 0x8f, 0xff, 0xff, 0xff, 0xe4, 0x3f,
    0xfe, 0x4f, 0xff, 0xff, 0xff, 0x90, 0xff, 0xfa,
    0x3f, 0xff, 0xff, 0xf9, 0xf, 0xff, 0xb3, 0xff,
    0xff, 0xfd, 0xf, 0xff, 0xc5, 0xff, 0xff, 0xe4,
    0x3f, 0xff, 0x57, 0xff, 0xff, 0x10, 0xff, 0xfe,
    0x3f, 0xff, 0xfa, 0x43, 0xff, 0xfc, 0xff, 0xff,
    0xe0, 0x3f, 0xff, 0xe1, 0x7f, 0xff, 0xd6, 0xf,
    0xff, 0xf8, 0x77, 0xff, 0xfc, 0xd0, 0xff, 0xff,
    0x87, 0xd7, 0xff, 0xfc, 0x3, 0xff, 0xfe, 0x1f,
    0xf7, 0xff, 0xfb, 0x50, 0xff, 0xff, 0x87, 0xff,
    0x5, 0xff, 0xff, 0x4c, 0x1f, 0xff, 0xf0, 0xff,
    0xe2, 0xdf, 0xff, 0xe5, 0x83, 0xff, 0xfe, 0x1f,
    0xfc, 0x97, 0xff, 0xfc, 0x30, 0x7f, 0xff, 0xc3,
    0xff, 0x9a, 0xdf, 0xff, 0xdc, 0x43, 0xff, 0xfe,
    0x1f, 0xfd, 0x26, 0xff, 0xfe, 0xb4, 0x1f, 0xff,
    0xf0, 0xff, 0xec, 0xb7, 0xff, 0xf3, 0xa4, 0x3f,
    0xff, 0xe1, 0xff, 0xe1, 0x55, 0x5f, 0xff, 0x54,
    0x87, 0xff, 0xdc
};


/*---------------------
 *  GLYPH DESCRIPTION
 *--------------------*/

static const lv_font_fmt_txt_glyph_dsc_t glyph_dsc[] = {
    {.bitmap_index = 0, .adv_w = 0, .box_w = 0, .box_h = 0, .ofs_x = 0, .ofs_y = 0} /* id = 0 reserved */,
    {.bitmap_index = 0, .adv_w = 2598, .box_w = 143, .box_h = 341, .ofs_x = 10, .ofs_y = -6},
    {.bitmap_index = 3023, .adv_w = 2598, .box_w = 101, .box_h = 335, .ofs_x = 19, .ofs_y = 0},
    {.bitmap_index = 4984, .adv_w = 2598, .box_w = 146, .box_h = 335, .ofs_x = 6, .ofs_y = 0},
    {.bitmap_index = 7548, .adv_w = 2598, .box_w = 145, .box_h = 341, .ofs_x = 8, .ofs_y = -6},
    {.bitmap_index = 10426, .adv_w = 2598, .box_w = 154, .box_h = 335, .ofs_x = 4, .ofs_y = 0},
    {.bitmap_index = 13271, .adv_w = 2598, .box_w = 146, .box_h = 335, .ofs_x = 8, .ofs_y = -6},
    {.bitmap_index = 16168, .adv_w = 2598, .box_w = 145, .box_h = 341, .ofs_x = 10, .ofs_y = -6},
    {.bitmap_index = 19222, .adv_w = 2598, .box_w = 143, .box_h = 330, .ofs_x = 10, .ofs_y = 0},
    {.bitmap_index = 21731, .adv_w = 2598, .box_w = 143, .box_h = 341, .ofs_x = 10, .ofs_y = -6},
    {.bitmap_index = 24785, .adv_w = 2598, .box_w = 145, .box_h = 341, .ofs_x = 8, .ofs_y = -6}
};

/*---------------------
 *  CHARACTER MAPPING
 *--------------------*/



/*Collect the unicode lists and glyph_id offsets*/
static const lv_font_fmt_txt_cmap_t cmaps[] =
{
    {
        .range_start = 48, .range_length = 10, .glyph_id_start = 1,
        .unicode_list = NULL, .glyph_id_ofs_list = NULL, .list_length = 0, .type = LV_FONT_FMT_TXT_CMAP_FORMAT0_TINY
    }
};



/*--------------------
 *  ALL CUSTOM DATA
 *--------------------*/

#if LVGL_VERSION_MAJOR == 8
/*Store all the custom data of the font*/
static  lv_font_fmt_txt_glyph_cache_t cache;
#endif

#if LVGL_VERSION_MAJOR >= 8
static const lv_font_fmt_txt_dsc_t font_dsc = {
#else
static lv_font_fmt_txt_dsc_t font_dsc = {
#endif
    .glyph_bitmap = glyph_bitmap,
    .glyph_dsc = glyph_dsc,
    .cmaps = cmaps,
    .kern_dsc = NULL,
    .kern_scale = 0,
    .cmap_num = 1,
    .bpp = 2,
    .kern_classes = 0,
    .bitmap_format = 2,
#if LVGL_VERSION_MAJOR == 8
    .cache = &cache
#endif
};



/*-----------------
 *  PUBLIC FONT
 *----------------*/

/*Initialize a public general font descriptor*/
#if LVGL_VERSION_MAJOR >= 8
const lv_font_t lv_font_clock_display_460 = {
#else
lv_font_t lv_font_clock_display_460 = {
#endif
    .get_glyph_dsc = lv_font_get_glyph_dsc_fmt_txt,    /*Function pointer to get glyph's data*/
    .get_glyph_bitmap = lv_font_get_bitmap_fmt_txt,    /*Function pointer to get glyph's bitmap*/
    .line_height = 341,          /*The maximum line height required by the font*/
    .base_line = 6,             /*Baseline measured from the bottom of the line*/
#if !(LVGL_VERSION_MAJOR == 6 && LVGL_VERSION_MINOR == 0)
    .subpx = LV_FONT_SUBPX_NONE,
#endif
#if LV_VERSION_CHECK(7, 4, 0) || LVGL_VERSION_MAJOR >= 8
    .underline_position = 0,
    .underline_thickness = 0,
#endif
    .dsc = &font_dsc,          /*The custom font data. Will be accessed by `get_glyph_bitmap/dsc` */
#if LV_VERSION_CHECK(8, 2, 0) || LVGL_VERSION_MAJOR >= 9
    .fallback = NULL,
#endif
    .user_data = NULL,
};

#if (LV_FONT_FMT_TXT_LARGE == 0)
#  error "Too large font or glyphs in LV_FONT_CLOCK_DISPLAY_460. Enable LV_FONT_FMT_TXT_LARGE in lv_conf.h")
#endif


#endif /*#if LV_FONT_CLOCK_DISPLAY_460*/



