/*******************************************************************************
 * Size: 20 px
 * Bpp: 2
 * Opts: Local generation command omitted from the public archive (private paths).
 ******************************************************************************/

#ifdef LV_LVGL_H_INCLUDE_SIMPLE
#include "lvgl.h"

LV_FONT_DECLARE(lv_font_chinese_16);
#else
#include "lvgl/lvgl.h"
#endif

#ifndef LV_FONT_UI_20
#define LV_FONT_UI_20 1
#endif

#if LV_FONT_UI_20

/*-----------------
 *    BITMAPS
 *----------------*/

/*Store the image of the glyphs*/
static LV_ATTRIBUTE_LARGE_CONST const uint8_t glyph_bitmap[] = {
    /* U+0020 " " */

    /* U+0021 "!" */
    0x3c, 0x3c, 0x3c, 0x3c, 0x3c, 0x3c, 0x3c, 0x3c,
    0x3c, 0x3c, 0x18, 0x0, 0x14, 0x3c, 0x3c,

    /* U+0022 "\"" */
    0x38, 0x74, 0xe1, 0xd3, 0x87, 0x4e, 0xd, 0x38,
    0x34,

    /* U+0023 "#" */
    0x0, 0xe, 0x3, 0x80, 0x0, 0x34, 0xd, 0x0,
    0x1, 0xc0, 0x70, 0x0, 0xb, 0x2, 0x80, 0x3f,
    0xff, 0xff, 0xf0, 0x56, 0xe5, 0xb9, 0x40, 0x7,
    0x2, 0xc0, 0x0, 0x38, 0xe, 0x0, 0x0, 0xd0,
    0x34, 0x1, 0xff, 0xff, 0xff, 0x81, 0x7d, 0x5f,
    0x54, 0x0, 0xe0, 0x34, 0x0, 0x3, 0x0, 0xc0,
    0x0, 0x1c, 0xb, 0x0, 0x0, 0xa0, 0x38, 0x0,
    0x0,

    /* U+0024 "$" */
    0x0, 0xa0, 0x0, 0x7f, 0xd0, 0x2f, 0xff, 0x87,
    0x8a, 0x3c, 0x70, 0xa1, 0xd7, 0x4a, 0x0, 0x3d,
    0xa0, 0x1, 0xff, 0x0, 0x7, 0xfe, 0x0, 0xf,
    0xf8, 0x0, 0xa3, 0xd0, 0xa, 0xe, 0xf0, 0xa0,
    0xeb, 0x4a, 0x2d, 0x3f, 0xff, 0xc0, 0xbf, 0xd0,
    0x0, 0xa0, 0x0, 0x5, 0x0,

    /* U+0025 "%" */
    0x0, 0x0, 0x0, 0x0, 0x0, 0xbe, 0x0, 0x6,
    0x0, 0x3e, 0xb8, 0x0, 0xe0, 0x3, 0x43, 0xc0,
    0x2c, 0x0, 0x74, 0x2c, 0x7, 0x40, 0x7, 0x42,
    0xc0, 0xf0, 0x0, 0x34, 0x3c, 0x2c, 0x0, 0x3,
    0xeb, 0x83, 0x81, 0x50, 0xb, 0xe0, 0xf0, 0xff,
    0x80, 0x0, 0x1d, 0x2c, 0x2c, 0x0, 0x3, 0x83,
    0x81, 0xd0, 0x0, 0xb0, 0x38, 0xd, 0x0, 0x1d,
    0x3, 0x80, 0xd0, 0x3, 0xc0, 0x3c, 0x1c, 0x0,
    0xb0, 0x1, 0xeb, 0xc0, 0xa, 0x0, 0xb, 0xe0,
    0x0, 0x0, 0x0, 0x0, 0x0,

    /* U+0026 "&" */
    0x1, 0xfd, 0x0, 0x1, 0xfb, 0xe0, 0x0, 0xf0,
    0x3c, 0x0, 0x3c, 0xb, 0x0, 0xb, 0x3, 0x80,
    0x0, 0xf7, 0xc0, 0x0, 0x2f, 0x80, 0x0, 0x1f,
    0xd0, 0x0, 0x1f, 0x3c, 0x1d, 0xf, 0x7, 0xc7,
    0x3, 0x80, 0x7b, 0xc0, 0xe0, 0xb, 0xe0, 0x3c,
    0x1, 0xf4, 0x7, 0xea, 0xff, 0x0, 0x2f, 0xe1,
    0xf0,

    /* U+0027 "'" */
    0x3c, 0xf3, 0xcf, 0x38,

    /* U+0028 "(" */
    0x0, 0x0, 0x5, 0x2, 0xd0, 0xb8, 0xf, 0x3,
    0xc0, 0x38, 0x7, 0x40, 0xb0, 0xb, 0x0, 0xf0,
    0xb, 0x0, 0xb0, 0xb, 0x40, 0x78, 0x3, 0xc0,
    0x1e, 0x0, 0xf4, 0x3, 0xd0, 0xd, 0x0, 0x0,

    /* U+0029 ")" */
    0x0, 0x9, 0x0, 0xb4, 0x3, 0xd0, 0xf, 0x0,
    0x78, 0x3, 0xc0, 0x2d, 0x1, 0xd0, 0x1e, 0x1,
    0xe0, 0x1e, 0x1, 0xe0, 0x2d, 0x3, 0xc0, 0x3c,
    0xb, 0x41, 0xe0, 0x7c, 0xa, 0x0, 0x0, 0x0,

    /* U+002A "*" */
    0x0, 0xb0, 0x0, 0xb, 0x0, 0x10, 0x70, 0x3,
    0xd7, 0x6e, 0x1b, 0xff, 0x90, 0xf, 0x80, 0x3,
    0xdd, 0x0, 0xb4, 0xf0, 0xb, 0x3, 0x40, 0x0,
    0x0,

    /* U+002B "+" */
    0x0, 0xf0, 0x0, 0xf, 0x0, 0x0, 0xf0, 0x0,
    0xf, 0x0, 0x6a, 0xfa, 0x97, 0xff, 0xfd, 0x0,
    0xf0, 0x0, 0xf, 0x0, 0x0, 0xf0, 0x0, 0xf,
    0x0,

    /* U+002C "," */
    0x3c, 0xf3, 0x9d, 0xa0, 0x0,

    /* U+002D "-" */
    0x2a, 0xa1, 0xff, 0xc0,

    /* U+002E "." */
    0x14, 0x7c, 0x3c,

    /* U+002F "/" */
    0x0, 0xd, 0x0, 0x2c, 0x0, 0x3c, 0x0, 0x74,
    0x0, 0xb0, 0x0, 0xe0, 0x1, 0xd0, 0x3, 0xc0,
    0x3, 0x80, 0xb, 0x0, 0xf, 0x0, 0x1d, 0x0,
    0x2c, 0x0, 0x38, 0x0, 0x74, 0x0, 0xf0, 0x0,

    /* U+0030 "0" */
    0xb, 0xf8, 0x3, 0xfb, 0xf0, 0x78, 0x7, 0x8f,
    0x0, 0x3c, 0xf0, 0x2, 0xcf, 0x0, 0x2c, 0xf0,
    0x2, 0xcf, 0x0, 0x2c, 0xf0, 0x2, 0xcf, 0x0,
    0x2c, 0xf0, 0x2, 0xcf, 0x0, 0x3c, 0x78, 0x7,
    0x83, 0xfb, 0xf0, 0xb, 0xf8, 0x0,

    /* U+0031 "1" */
    0x0, 0x70, 0x6f, 0xc7, 0xef, 0x18, 0x2c, 0x0,
    0xb0, 0x2, 0xc0, 0xb, 0x0, 0x2c, 0x0, 0xb0,
    0x2, 0xc0, 0xb, 0x0, 0x2c, 0x0, 0xb0, 0x2,
    0xc0, 0xb, 0x0,

    /* U+0032 "2" */
    0x7, 0xf8, 0x2, 0xfb, 0xf0, 0x78, 0x7, 0x8f,
    0x0, 0x3c, 0xa0, 0x3, 0xc0, 0x0, 0x3c, 0x0,
    0xb, 0x40, 0x1, 0xe0, 0x0, 0x7c, 0x0, 0x1f,
    0x0, 0x3, 0xc0, 0x0, 0xf0, 0x0, 0x3c, 0x0,
    0xf, 0xea, 0xa9, 0xff, 0xff, 0xd0,

    /* U+0033 "3" */
    0x2, 0xfe, 0x0, 0x3f, 0xbf, 0x2, 0xd0, 0x2d,
    0xa, 0x0, 0x78, 0x0, 0x1, 0xd0, 0x0, 0x1f,
    0x0, 0xf, 0xf0, 0x0, 0x2b, 0xe0, 0x0, 0x2,
    0xe0, 0x0, 0x3, 0xc1, 0x0, 0xf, 0xe, 0x0,
    0x3c, 0x3d, 0x1, 0xf0, 0x7f, 0xbf, 0x0, 0x2f,
    0xe0, 0x0,

    /* U+0034 "4" */
    0x0, 0x3, 0xc0, 0x0, 0x3f, 0x0, 0x1, 0xfc,
    0x0, 0xf, 0xf0, 0x0, 0xb3, 0xc0, 0x7, 0x4f,
    0x0, 0x3c, 0x3c, 0x2, 0xc0, 0xf0, 0x1e, 0x3,
    0xc0, 0xf0, 0xf, 0x7, 0xff, 0xff, 0xda, 0xaa,
    0xf9, 0x0, 0x3, 0xc0, 0x0, 0xf, 0x0, 0x0,
    0x3c, 0x0,

    /* U+0035 "5" */
    0xf, 0xff, 0xe0, 0x3e, 0xaa, 0x40, 0xe0, 0x0,
    0x3, 0x80, 0x0, 0x1d, 0x0, 0x0, 0x7a, 0xf8,
    0x1, 0xfe, 0xfc, 0x2, 0x40, 0x7c, 0x0, 0x0,
    0xf0, 0x0, 0x2, 0xd0, 0x0, 0xb, 0x4f, 0x0,
    0x3c, 0x2d, 0x1, 0xf0, 0x3f, 0xbf, 0x0, 0x2f,
    0xe0, 0x0,

    /* U+0036 "6" */
    0x0, 0x1f, 0xc0, 0x7, 0xf9, 0x0, 0x7d, 0x0,
    0x3, 0xc0, 0x0, 0x1d, 0x0, 0x0, 0xf2, 0xfd,
    0x3, 0xfe, 0xbd, 0xf, 0x80, 0x3c, 0x3c, 0x0,
    0xb4, 0xf0, 0x1, 0xe3, 0xc0, 0x7, 0x8f, 0x0,
    0x2d, 0x1f, 0x0, 0xf0, 0x2f, 0xaf, 0x40, 0x1f,
    0xe0, 0x0,

    /* U+0037 "7" */
    0x3f, 0xff, 0xf4, 0xaa, 0xab, 0xc0, 0x0, 0xe,
    0x0, 0x0, 0x74, 0x0, 0x3, 0xc0, 0x0, 0xe,
    0x0, 0x0, 0xb0, 0x0, 0x3, 0x80, 0x0, 0x1d,
    0x0, 0x0, 0xf0, 0x0, 0x7, 0x80, 0x0, 0x2c,
    0x0, 0x0, 0xf0, 0x0, 0xb, 0x40, 0x0, 0x3c,
    0x0, 0x0,

    /* U+0038 "8" */
    0x7, 0xf8, 0x2, 0xfb, 0xf0, 0x7c, 0xb, 0x87,
    0x40, 0x3c, 0x74, 0x3, 0x83, 0xc0, 0xb4, 0x1f,
    0xbe, 0x0, 0xff, 0xd0, 0x3d, 0xb, 0x4b, 0x0,
    0x3c, 0xf0, 0x2, 0xcf, 0x0, 0x2c, 0xb8, 0x7,
    0xc3, 0xfb, 0xf4, 0xb, 0xf8, 0x0,

    /* U+0039 "9" */
    0x2, 0xfe, 0x0, 0x3f, 0xbf, 0x3, 0xd0, 0x2e,
    0xf, 0x0, 0x3c, 0x78, 0x0, 0xb4, 0xe0, 0x3,
    0xd3, 0xc0, 0xf, 0x4b, 0x80, 0xbd, 0xf, 0xff,
    0xb4, 0x6, 0x93, 0xc0, 0x0, 0xe, 0x0, 0x0,
    0xf0, 0x0, 0xf, 0x80, 0x1b, 0xf8, 0x0, 0x7e,
    0x0, 0x0,

    /* U+003A ":" */
    0x3c, 0x3c, 0x10, 0x0, 0x0, 0x0, 0x0, 0x0,
    0x10, 0x3c, 0x3c,

    /* U+003B ";" */
    0x3c, 0x3c, 0x10, 0x0, 0x0, 0x0, 0x0, 0x0,
    0x18, 0x3c, 0x3c, 0x38, 0xb0, 0x10,

    /* U+003C "<" */
    0x0, 0x0, 0x0, 0x0, 0xb0, 0x6, 0xf8, 0x1f,
    0xe0, 0x3f, 0x80, 0xf, 0xd0, 0x0, 0xbf, 0x40,
    0x2, 0xfe, 0x0, 0xb, 0xc0, 0x0, 0x20,

    /* U+003D "=" */
    0x6a, 0xaa, 0x97, 0xff, 0xfd, 0x0, 0x0, 0x0,
    0x0, 0x0, 0x6a, 0xaa, 0x97, 0xff, 0xfd,

    /* U+003E ">" */
    0x0, 0x0, 0x38, 0x0, 0xf, 0xe4, 0x0, 0x6f,
    0xd0, 0x0, 0xbf, 0x0, 0xb, 0xc0, 0x6f, 0x81,
    0xfe, 0x0, 0xf8, 0x0, 0x20, 0x0, 0x0,

    /* U+003F "?" */
    0xb, 0xf8, 0xb, 0xef, 0xc3, 0x80, 0xb5, 0xd0,
    0x1e, 0x0, 0x7, 0x40, 0x3, 0xc0, 0x2, 0xe0,
    0x2, 0xe0, 0x0, 0xf0, 0x0, 0xb4, 0x0, 0x18,
    0x0, 0x0, 0x0, 0x0, 0x40, 0x0, 0xf4, 0x0,
    0x2d, 0x0,

    /* U+0040 "@" */
    0x0, 0x6, 0xff, 0x90, 0x0, 0x1, 0xfe, 0xaf,
    0xe0, 0x0, 0x1f, 0x40, 0x2, 0xf0, 0x1, 0xe0,
    0x0, 0x1, 0xf0, 0xf, 0x0, 0xbe, 0x1, 0xe0,
    0xf0, 0xf, 0xaf, 0x43, 0xc3, 0x80, 0xf0, 0x2c,
    0xb, 0x6d, 0x7, 0x80, 0xf0, 0x1d, 0xf0, 0x2c,
    0x3, 0xc0, 0x77, 0xc0, 0xf0, 0xe, 0x1, 0xdf,
    0x3, 0xc0, 0x74, 0xb, 0x7c, 0xf, 0x2, 0xd0,
    0x3c, 0xb0, 0x3c, 0xf, 0x41, 0xe1, 0xe0, 0x7d,
    0xef, 0x6f, 0x3, 0xc0, 0xbd, 0xb, 0xe0, 0x7,
    0xc0, 0x0, 0x0, 0x0, 0x7, 0xd0, 0x0, 0x0,
    0x0, 0x7, 0xfa, 0xae, 0x0, 0x0, 0x1, 0xbf,
    0xe0, 0x0, 0x0,

    /* U+0041 "A" */
    0x0, 0x3d, 0x0, 0x0, 0xf, 0x80, 0x0, 0x7,
    0xf0, 0x0, 0x3, 0xdd, 0x0, 0x0, 0xe3, 0x80,
    0x0, 0xb0, 0xb0, 0x0, 0x3c, 0x1d, 0x0, 0x1d,
    0x3, 0xc0, 0xb, 0x0, 0xb0, 0x3, 0xea, 0xbe,
    0x1, 0xff, 0xff, 0xc0, 0xb0, 0x0, 0xb0, 0x38,
    0x0, 0x1e, 0x1d, 0x0, 0x3, 0xcf, 0x0, 0x0,
    0xb4,

    /* U+0042 "B" */
    0x7f, 0xfe, 0x1, 0xfa, 0xbf, 0x7, 0x40, 0x1e,
    0x1d, 0x0, 0x3c, 0x74, 0x0, 0xf1, 0xd0, 0x7,
    0x87, 0xea, 0xfc, 0x1f, 0xff, 0xe0, 0x74, 0x2,
    0xe1, 0xd0, 0x3, 0xc7, 0x40, 0xb, 0x5d, 0x0,
    0x2c, 0x74, 0x0, 0xf1, 0xfa, 0xaf, 0x47, 0xff,
    0xe4, 0x0,

    /* U+0043 "C" */
    0x1, 0xff, 0x80, 0xb, 0xeb, 0xf0, 0x2e, 0x0,
    0xbc, 0x3c, 0x0, 0x2d, 0xb4, 0x0, 0x1d, 0xf0,
    0x0, 0x0, 0xf0, 0x0, 0x0, 0xf0, 0x0, 0x0,
    0xf0, 0x0, 0x0, 0xf0, 0x0, 0x0, 0xb4, 0x0,
    0x1d, 0x3c, 0x0, 0x3c, 0x2e, 0x0, 0xb8, 0xb,
    0xeb, 0xf0, 0x1, 0xff, 0x80,

    /* U+0044 "D" */
    0x7f, 0xfd, 0x0, 0x7e, 0xaf, 0xc0, 0x78, 0x1,
    0xf0, 0x78, 0x0, 0xb4, 0x78, 0x0, 0x3c, 0x78,
    0x0, 0x3c, 0x78, 0x0, 0x2c, 0x78, 0x0, 0x2c,
    0x78, 0x0, 0x2c, 0x78, 0x0, 0x3c, 0x78, 0x0,
    0x3c, 0x78, 0x0, 0xb4, 0x78, 0x1, 0xf0, 0x7e,
    0xaf, 0xc0, 0x7f, 0xfd, 0x0,

    /* U+0045 "E" */
    0x7f, 0xff, 0xe7, 0xea, 0xa9, 0x78, 0x0, 0x7,
    0x80, 0x0, 0x78, 0x0, 0x7, 0x80, 0x0, 0x7e,
    0xaa, 0x47, 0xff, 0xf8, 0x78, 0x0, 0x7, 0x80,
    0x0, 0x78, 0x0, 0x7, 0x80, 0x0, 0x78, 0x0,
    0x7, 0xea, 0xa9, 0x7f, 0xff, 0xe0,

    /* U+0046 "F" */
    0x7f, 0xff, 0xd7, 0xea, 0xa9, 0x78, 0x0, 0x7,
    0x80, 0x0, 0x78, 0x0, 0x7, 0x80, 0x0, 0x78,
    0x0, 0x7, 0xff, 0xf4, 0x7e, 0xaa, 0x47, 0x80,
    0x0, 0x78, 0x0, 0x7, 0x80, 0x0, 0x78, 0x0,
    0x7, 0x80, 0x0, 0x78, 0x0, 0x0,

    /* U+0047 "G" */
    0x1, 0xff, 0x80, 0xb, 0xeb, 0xf0, 0x2e, 0x0,
    0x7c, 0x3c, 0x0, 0x2d, 0xb4, 0x0, 0x4, 0xf0,
    0x0, 0x0, 0xf0, 0x0, 0x0, 0xf0, 0xa, 0xa9,
    0xf0, 0xf, 0xfd, 0xf0, 0x0, 0x1d, 0xb4, 0x0,
    0x1d, 0x3c, 0x0, 0x1d, 0x2e, 0x0, 0x2d, 0xb,
    0xfb, 0xfc, 0x1, 0xbf, 0x90,

    /* U+0048 "H" */
    0x78, 0x0, 0x1e, 0x78, 0x0, 0x1e, 0x78, 0x0,
    0x1e, 0x78, 0x0, 0x1e, 0x78, 0x0, 0x1e, 0x78,
    0x0, 0x1e, 0x7e, 0xaa, 0xae, 0x7f, 0xff, 0xfe,
    0x78, 0x0, 0x1e, 0x78, 0x0, 0x1e, 0x78, 0x0,
    0x1e, 0x78, 0x0, 0x1e, 0x78, 0x0, 0x1e, 0x78,
    0x0, 0x1e, 0x78, 0x0, 0x1e,

    /* U+0049 "I" */
    0x79, 0xe7, 0x9e, 0x79, 0xe7, 0x9e, 0x79, 0xe7,
    0x9e, 0x79, 0xe7, 0x80,

    /* U+004A "J" */
    0x0, 0x2, 0xc0, 0x0, 0x2c, 0x0, 0x2, 0xc0,
    0x0, 0x2c, 0x0, 0x2, 0xc0, 0x0, 0x2c, 0x0,
    0x2, 0xc0, 0x0, 0x2c, 0x0, 0x2, 0xc0, 0x0,
    0x2c, 0x50, 0x2, 0xcb, 0x40, 0x3c, 0x7c, 0x7,
    0xc3, 0xfb, 0xf0, 0xb, 0xf8, 0x0,

    /* U+004B "K" */
    0x78, 0x0, 0xb8, 0x78, 0x1, 0xf0, 0x78, 0x7,
    0xc0, 0x78, 0xf, 0x0, 0x78, 0x3c, 0x0, 0x78,
    0xf4, 0x0, 0x7a, 0xf0, 0x0, 0x7f, 0xf0, 0x0,
    0x7e, 0x7c, 0x0, 0x7c, 0x2e, 0x0, 0x78, 0xf,
    0x40, 0x78, 0x3, 0xc0, 0x78, 0x2, 0xe0, 0x78,
    0x0, 0xf4, 0x78, 0x0, 0x3c,

    /* U+004C "L" */
    0x78, 0x0, 0x7, 0x80, 0x0, 0x78, 0x0, 0x7,
    0x80, 0x0, 0x78, 0x0, 0x7, 0x80, 0x0, 0x78,
    0x0, 0x7, 0x80, 0x0, 0x78, 0x0, 0x7, 0x80,
    0x0, 0x78, 0x0, 0x7, 0x80, 0x0, 0x78, 0x0,
    0x7, 0xea, 0xa8, 0x7f, 0xff, 0xd0,

    /* U+004D "M" */
    0x7d, 0x0, 0x0, 0xfd, 0xf8, 0x0, 0x3, 0xf7,
    0xf0, 0x0, 0x2f, 0xdf, 0xd0, 0x0, 0xff, 0x7b,
    0xc0, 0x7, 0xbd, 0xdb, 0x0, 0x2c, 0xf7, 0x5e,
    0x0, 0xf3, 0xdd, 0x3c, 0x7, 0x4f, 0x74, 0xb4,
    0x3c, 0x3d, 0xd0, 0xe0, 0xe0, 0xf7, 0x43, 0xcb,
    0x3, 0xdd, 0x7, 0x7c, 0xf, 0x74, 0xf, 0xd0,
    0x3d, 0xd0, 0x2f, 0x0, 0xf7, 0x40, 0x78, 0x3,
    0xc0,

    /* U+004E "N" */
    0x7c, 0x0, 0xe, 0x7e, 0x0, 0xe, 0x7f, 0x0,
    0xe, 0x7f, 0x80, 0xe, 0x7b, 0xd0, 0xe, 0x74,
    0xf0, 0xe, 0x74, 0xb8, 0xe, 0x74, 0x3c, 0xe,
    0x74, 0x1f, 0xe, 0x74, 0xb, 0x4e, 0x74, 0x3,
    0xde, 0x74, 0x2, 0xfe, 0x74, 0x0, 0xfe, 0x74,
    0x0, 0x7e, 0x74, 0x0, 0x2e,

    /* U+004F "O" */
    0x1, 0xff, 0x80, 0x2, 0xfa, 0xfc, 0x2, 0xe0,
    0xb, 0xc0, 0xf0, 0x0, 0xb4, 0xb4, 0x0, 0xf,
    0x3c, 0x0, 0x3, 0xcf, 0x0, 0x0, 0xf3, 0xc0,
    0x0, 0x3c, 0xf0, 0x0, 0xf, 0x3c, 0x0, 0x3,
    0xcb, 0x40, 0x0, 0xf0, 0xf0, 0x0, 0xb4, 0x2e,
    0x0, 0xbc, 0x2, 0xfa, 0xfc, 0x0, 0x1f, 0xf8,
    0x0,

    /* U+0050 "P" */
    0x7f, 0xfe, 0x1, 0xfa, 0xbf, 0x7, 0x80, 0x1f,
    0x1e, 0x0, 0x3c, 0x78, 0x0, 0xb1, 0xe0, 0x3,
    0xc7, 0x80, 0x1f, 0x1f, 0xab, 0xf0, 0x7f, 0xfe,
    0x1, 0xe0, 0x0, 0x7, 0x80, 0x0, 0x1e, 0x0,
    0x0, 0x78, 0x0, 0x1, 0xe0, 0x0, 0x7, 0x80,
    0x0, 0x0,

    /* U+0051 "Q" */
    0x1, 0xff, 0x80, 0x2, 0xfa, 0xfc, 0x2, 0xe0,
    0xb, 0xc0, 0xf0, 0x0, 0xb4, 0xb4, 0x0, 0xf,
    0x3c, 0x0, 0x3, 0xcf, 0x0, 0x0, 0xf3, 0xc0,
    0x0, 0x3c, 0xf0, 0x0, 0xf, 0x3c, 0x0, 0x3,
    0xcb, 0x40, 0x0, 0xf0, 0xf0, 0x0, 0xb4, 0x2e,
    0x0, 0xbc, 0x2, 0xfa, 0xfc, 0x0, 0x1f, 0xff,
    0x40, 0x0, 0x1, 0xf4, 0x0, 0x0, 0xd, 0x0,
    0x0, 0x0, 0x0,

    /* U+0052 "R" */
    0x7f, 0xfe, 0x1, 0xfa, 0xbf, 0x7, 0x80, 0x1e,
    0x1e, 0x0, 0x3c, 0x78, 0x0, 0xf1, 0xe0, 0x3,
    0xc7, 0x80, 0x2e, 0x1f, 0xab, 0xf0, 0x7f, 0xff,
    0x1, 0xe0, 0x3c, 0x7, 0x80, 0xb4, 0x1e, 0x0,
    0xf0, 0x78, 0x2, 0xe1, 0xe0, 0x3, 0xc7, 0x80,
    0xb, 0x80,

    /* U+0053 "S" */
    0x2, 0xff, 0x40, 0xf, 0xeb, 0xf0, 0x2e, 0x0,
    0xb4, 0x3c, 0x0, 0x3c, 0x2c, 0x0, 0x0, 0x1f,
    0x0, 0x0, 0xf, 0xf8, 0x0, 0x1, 0xff, 0xc0,
    0x0, 0x7, 0xf4, 0x0, 0x0, 0x7c, 0x14, 0x0,
    0x3c, 0x3c, 0x0, 0x3c, 0x3e, 0x0, 0x7c, 0xf,
    0xeb, 0xf0, 0x2, 0xff, 0x80,

    /* U+0054 "T" */
    0xff, 0xff, 0xfc, 0x6a, 0xbe, 0xa8, 0x0, 0x38,
    0x0, 0x0, 0x38, 0x0, 0x0, 0x38, 0x0, 0x0,
    0x38, 0x0, 0x0, 0x38, 0x0, 0x0, 0x38, 0x0,
    0x0, 0x38, 0x0, 0x0, 0x38, 0x0, 0x0, 0x38,
    0x0, 0x0, 0x38, 0x0, 0x0, 0x38, 0x0, 0x0,
    0x38, 0x0, 0x0, 0x38, 0x0,

    /* U+0055 "U" */
    0x74, 0x0, 0x3d, 0xd0, 0x0, 0xf7, 0x40, 0x3,
    0xdd, 0x0, 0xf, 0x74, 0x0, 0x3d, 0xd0, 0x0,
    0xf7, 0x40, 0x3, 0xdd, 0x0, 0xf, 0x74, 0x0,
    0x3d, 0xd0, 0x0, 0xf7, 0x40, 0x3, 0xde, 0x0,
    0x1e, 0x3d, 0x0, 0xf0, 0x3f, 0xbf, 0x80, 0x2f,
    0xe4, 0x0,

    /* U+0056 "V" */
    0xf0, 0x0, 0xf, 0x1e, 0x0, 0x3, 0xc3, 0xc0,
    0x1, 0xd0, 0xf0, 0x0, 0xf0, 0x1e, 0x0, 0x38,
    0x3, 0xc0, 0x2d, 0x0, 0xb0, 0xf, 0x0, 0x1e,
    0x3, 0x80, 0x3, 0xc2, 0xd0, 0x0, 0xb0, 0xf0,
    0x0, 0x1e, 0x38, 0x0, 0x3, 0xec, 0x0, 0x0,
    0xbf, 0x0, 0x0, 0xf, 0x80, 0x0, 0x3, 0xc0,
    0x0,

    /* U+0057 "W" */
    0x74, 0x0, 0xf0, 0x2, 0xc3, 0x80, 0x1f, 0x0,
    0x3c, 0x3c, 0x2, 0xf4, 0x3, 0x82, 0xc0, 0x3b,
    0x80, 0x74, 0x1d, 0x3, 0x6c, 0xb, 0x0, 0xe0,
    0x71, 0xc0, 0xf0, 0xf, 0xb, 0xd, 0xe, 0x0,
    0xf0, 0xe0, 0xe0, 0xd0, 0xb, 0xd, 0xb, 0x1c,
    0x0, 0x75, 0xc0, 0x72, 0xc0, 0x3, 0xac, 0x3,
    0x7c, 0x0, 0x3f, 0x80, 0x3b, 0x80, 0x2, 0xf4,
    0x2, 0xf4, 0x0, 0x1f, 0x0, 0x1f, 0x0, 0x0,
    0xf0, 0x0, 0xf0, 0x0,

    /* U+0058 "X" */
    0x3c, 0x0, 0x3c, 0x2d, 0x0, 0x78, 0xf, 0x0,
    0xf0, 0x7, 0x82, 0xd0, 0x3, 0xc3, 0x80, 0x0,
    0xff, 0x0, 0x0, 0xbe, 0x0, 0x0, 0x3c, 0x0,
    0x0, 0xfe, 0x0, 0x1, 0xeb, 0x40, 0x3, 0xc3,
    0xc0, 0xb, 0x42, 0xe0, 0xf, 0x0, 0xf0, 0x3c,
    0x0, 0x7c, 0x78, 0x0, 0x2d,

    /* U+0059 "Y" */
    0xb4, 0x0, 0x1e, 0x3c, 0x0, 0x3c, 0x2e, 0x0,
    0x78, 0xf, 0x0, 0xf0, 0xb, 0x81, 0xd0, 0x3,
    0xc3, 0xc0, 0x1, 0xeb, 0x40, 0x0, 0xff, 0x0,
    0x0, 0x7d, 0x0, 0x0, 0x3c, 0x0, 0x0, 0x3c,
    0x0, 0x0, 0x3c, 0x0, 0x0, 0x3c, 0x0, 0x0,
    0x3c, 0x0, 0x0, 0x3c, 0x0,

    /* U+005A "Z" */
    0x3f, 0xff, 0xf8, 0xaa, 0xab, 0xe0, 0x0, 0xf,
    0x0, 0x0, 0xf4, 0x0, 0x7, 0x80, 0x0, 0x3c,
    0x0, 0x3, 0xd0, 0x0, 0x1e, 0x0, 0x0, 0xf0,
    0x0, 0xb, 0x40, 0x0, 0x7c, 0x0, 0x3, 0xc0,
    0x0, 0x2d, 0x0, 0x1, 0xfa, 0xaa, 0xa7, 0xff,
    0xff, 0xc0,

    /* U+005B "[" */
    0xbf, 0xcb, 0xa8, 0xb0, 0xb, 0x0, 0xb0, 0xb,
    0x0, 0xb0, 0xb, 0x0, 0xb0, 0xb, 0x0, 0xb0,
    0xb, 0x0, 0xb0, 0xb, 0x0, 0xb0, 0xb, 0x0,
    0xba, 0x8b, 0xfc,

    /* U+005C "\\" */
    0xf0, 0x0, 0x74, 0x0, 0x38, 0x0, 0x2c, 0x0,
    0x1d, 0x0, 0xf, 0x0, 0xb, 0x0, 0x3, 0x80,
    0x3, 0xc0, 0x1, 0xd0, 0x0, 0xe0, 0x0, 0xb0,
    0x0, 0x74, 0x0, 0x3c, 0x0, 0x2c, 0x0, 0xd,

    /* U+005D "]" */
    0x3f, 0xd2, 0xbd, 0x1, 0xd0, 0x1d, 0x1, 0xd0,
    0x1d, 0x1, 0xd0, 0x1d, 0x1, 0xd0, 0x1d, 0x1,
    0xd0, 0x1d, 0x1, 0xd0, 0x1d, 0x1, 0xd0, 0x1d,
    0x2b, 0xd3, 0xfd,

    /* U+005E "^" */
    0x0, 0x14, 0x0, 0x0, 0xbc, 0x0, 0x1, 0xef,
    0x0, 0x3, 0xc7, 0x40, 0xb, 0x43, 0xc0, 0xe,
    0x1, 0xe0, 0x3c, 0x0, 0xb4, 0x78, 0x0, 0x3c,

    /* U+005F "_" */
    0xaa, 0xaa, 0xaf, 0xff, 0xff,

    /* U+0060 "`" */
    0x0, 0xb, 0x2, 0xe0, 0x2d, 0x1, 0x0,

    /* U+0061 "a" */
    0x2, 0xfe, 0x0, 0xfa, 0xbc, 0x1d, 0x2, 0xd0,
    0x0, 0x1d, 0x7, 0xff, 0xd1, 0xf5, 0x6d, 0x3c,
    0x1, 0xd3, 0x80, 0x2d, 0x3c, 0x3, 0xd2, 0xfa,
    0xfd, 0x7, 0xf4, 0xe0,

    /* U+0062 "b" */
    0xb4, 0x0, 0xb, 0x40, 0x0, 0xb4, 0x0, 0xb,
    0x40, 0x0, 0xb6, 0xfd, 0xb, 0xfa, 0xf4, 0xbc,
    0x3, 0xcb, 0x40, 0x2d, 0xb4, 0x1, 0xeb, 0x40,
    0x1e, 0xb4, 0x1, 0xeb, 0x40, 0x2d, 0xb8, 0x3,
    0xcb, 0xf5, 0xf4, 0xb2, 0xfd, 0x0,

    /* U+0063 "c" */
    0x2, 0xfe, 0x0, 0xfe, 0xbc, 0x2e, 0x1, 0xe3,
    0xc0, 0x9, 0x3c, 0x0, 0x3, 0x80, 0x0, 0x3c,
    0x0, 0x3, 0xc0, 0x9, 0x2e, 0x1, 0xe0, 0xfe,
    0xbc, 0x2, 0xfe, 0x0,

    /* U+0064 "d" */
    0x0, 0x0, 0xf0, 0x0, 0xf, 0x0, 0x0, 0xf0,
    0x0, 0xf, 0x2, 0xfc, 0xf0, 0xfa, 0xff, 0x2e,
    0x1, 0xf3, 0xc0, 0xf, 0x3c, 0x0, 0xf3, 0x80,
    0xf, 0x3c, 0x0, 0xf3, 0xc0, 0xf, 0x2e, 0x1,
    0xf0, 0xfa, 0xff, 0x2, 0xf8, 0xb0,

    /* U+0065 "e" */
    0x2, 0xfe, 0x0, 0xfe, 0xf8, 0x2e, 0x2, 0xd3,
    0xc0, 0xe, 0x3d, 0x56, 0xf3, 0xff, 0xff, 0x3c,
    0x0, 0x3, 0xc0, 0x0, 0x2e, 0x0, 0x90, 0xfe,
    0xbd, 0x2, 0xfe, 0x0,

    /* U+0066 "f" */
    0x2, 0xf8, 0x2f, 0x90, 0xf0, 0x3, 0xc0, 0xbf,
    0xf1, 0xbd, 0x40, 0xe0, 0x3, 0x80, 0xe, 0x0,
    0x38, 0x0, 0xe0, 0x3, 0x80, 0xe, 0x0, 0x38,
    0x0, 0xe0, 0x0,

    /* U+0067 "g" */
    0x2, 0xfd, 0xb0, 0xf9, 0xbf, 0x2d, 0x1, 0xf3,
    0xc0, 0xf, 0x3c, 0x0, 0xf3, 0x80, 0xf, 0x3c,
    0x0, 0xf3, 0xc0, 0xf, 0x2e, 0x1, 0xf0, 0xfa,
    0xff, 0x2, 0xfc, 0xf0, 0x0, 0xf, 0x8, 0x2,
    0xe2, 0xfe, 0xfc, 0x6, 0xfe, 0x0,

    /* U+0068 "h" */
    0xb4, 0x0, 0x2d, 0x0, 0xb, 0x40, 0x2, 0xd0,
    0x0, 0xb5, 0xfd, 0x2f, 0xeb, 0xcb, 0xc0, 0x7a,
    0xd0, 0xe, 0xb4, 0x3, 0xed, 0x0, 0xfb, 0x40,
    0x3e, 0xd0, 0xf, 0xb4, 0x3, 0xed, 0x0, 0xfb,
    0x40, 0x3c,

    /* U+0069 "i" */
    0x76, 0xd0, 0x0, 0x75, 0xd7, 0x5d, 0x75, 0xd7,
    0x5d, 0x75, 0xd7, 0x40,

    /* U+006A "j" */
    0x7, 0x42, 0xd0, 0x0, 0x0, 0x7, 0x41, 0xd0,
    0x74, 0x1d, 0x7, 0x41, 0xd0, 0x74, 0x1d, 0x7,
    0x41, 0xd0, 0x74, 0x1d, 0xb, 0x2b, 0xcf, 0xd0,

    /* U+006B "k" */
    0xb4, 0x0, 0xb, 0x40, 0x0, 0xb4, 0x0, 0xb,
    0x40, 0x0, 0xb4, 0xf, 0x4b, 0x42, 0xd0, 0xb4,
    0xb8, 0xb, 0x5e, 0x0, 0xbb, 0xc0, 0xb, 0xfd,
    0x0, 0xbd, 0xf0, 0xb, 0x47, 0x80, 0xb4, 0x2d,
    0xb, 0x40, 0xf0, 0xb4, 0x7, 0xc0,

    /* U+006C "l" */
    0x75, 0xd7, 0x5d, 0x75, 0xd7, 0x5d, 0x75, 0xd7,
    0x5d, 0x75, 0xd7, 0x40,

    /* U+006D "m" */
    0xb1, 0xfc, 0x1f, 0xd2, 0xfe, 0xfe, 0xeb, 0xdb,
    0xc0, 0xbc, 0x7, 0xad, 0x1, 0xe0, 0xf, 0xb4,
    0x7, 0x80, 0x3e, 0xd0, 0xe, 0x0, 0xfb, 0x40,
    0x38, 0x3, 0xed, 0x0, 0xe0, 0xf, 0xb4, 0x3,
    0x80, 0x3e, 0xd0, 0xe, 0x0, 0xfb, 0x40, 0x38,
    0x3, 0xc0,

    /* U+006E "n" */
    0xb1, 0xfd, 0x2f, 0xeb, 0xcb, 0xc0, 0x7a, 0xd0,
    0xe, 0xb4, 0x3, 0xed, 0x0, 0xfb, 0x40, 0x3e,
    0xd0, 0xf, 0xb4, 0x3, 0xed, 0x0, 0xfb, 0x40,
    0x3c,

    /* U+006F "o" */
    0x2, 0xfe, 0x0, 0x3f, 0xaf, 0x2, 0xe0, 0x1f,
    0xf, 0x0, 0x2d, 0x3c, 0x0, 0x74, 0xe0, 0x1,
    0xe3, 0xc0, 0x7, 0x4f, 0x0, 0x2c, 0x2e, 0x1,
    0xf0, 0x3f, 0xaf, 0x0, 0x2f, 0xe0, 0x0,

    /* U+0070 "p" */
    0xb2, 0xfd, 0xb, 0xfa, 0xf4, 0xbc, 0x3, 0xcb,
    0x40, 0x2d, 0xb4, 0x1, 0xeb, 0x40, 0x1e, 0xb4,
    0x1, 0xeb, 0x40, 0x2d, 0xbc, 0x3, 0xcb, 0xfa,
    0xf4, 0xb6, 0xfd, 0xb, 0x40, 0x0, 0xb4, 0x0,
    0xb, 0x40, 0x0, 0xb4, 0x0, 0x0,

    /* U+0071 "q" */
    0x2, 0xfd, 0xb0, 0xf9, 0xbf, 0x2d, 0x1, 0xf3,
    0xc0, 0xf, 0x3c, 0x0, 0xf3, 0x80, 0xf, 0x3c,
    0x0, 0xf3, 0xc0, 0xf, 0x2e, 0x1, 0xf0, 0xfa,
    0xff, 0x2, 0xfc, 0xf0, 0x0, 0xf, 0x0, 0x0,
    0xf0, 0x0, 0xf, 0x0, 0x0, 0xf0,

    /* U+0072 "r" */
    0xb2, 0xeb, 0xfd, 0xbc, 0xb, 0x40, 0xb4, 0xb,
    0x40, 0xb4, 0xb, 0x40, 0xb4, 0xb, 0x40, 0xb4,
    0x0,

    /* U+0073 "s" */
    0x7, 0xf9, 0x1, 0xfa, 0xf4, 0x3c, 0x3, 0x83,
    0xc0, 0x0, 0x1f, 0x90, 0x0, 0x2f, 0xe0, 0x0,
    0x1b, 0x81, 0x0, 0x3c, 0x3c, 0x3, 0xc2, 0xfa,
    0xf8, 0x7, 0xfd, 0x0,

    /* U+0074 "t" */
    0x5, 0x0, 0xe0, 0xe, 0xf, 0xff, 0x6f, 0x50,
    0xe0, 0xe, 0x0, 0xe0, 0xe, 0x0, 0xe0, 0xe,
    0x0, 0xe0, 0xf, 0xa0, 0x7e,

    /* U+0075 "u" */
    0xb0, 0x3, 0xac, 0x0, 0xeb, 0x0, 0x3a, 0xc0,
    0xe, 0xb0, 0x3, 0xac, 0x0, 0xeb, 0x0, 0x3a,
    0xc0, 0xe, 0x78, 0xb, 0x8f, 0xaf, 0xe0, 0xfe,
    0x38,

    /* U+0076 "v" */
    0xf0, 0x2, 0xc7, 0x40, 0x38, 0x38, 0x7, 0x43,
    0xc0, 0xb0, 0x1d, 0xe, 0x0, 0xe1, 0xc0, 0xb,
    0x2c, 0x0, 0x77, 0x80, 0x3, 0xf0, 0x0, 0x2f,
    0x0, 0x1, 0xd0, 0x0,

    /* U+0077 "w" */
    0xb0, 0x7, 0x80, 0x39, 0xd0, 0x2f, 0x0, 0xd3,
    0x80, 0xfc, 0x7, 0xb, 0x3, 0x74, 0x2c, 0x1c,
    0x2c, 0xf0, 0xe0, 0x34, 0xe1, 0xc3, 0x40, 0xe3,
    0x43, 0x5c, 0x2, 0xdc, 0xe, 0xa0, 0x7, 0xe0,
    0x2f, 0x40, 0xf, 0x40, 0x3c, 0x0, 0x2c, 0x0,
    0xf0, 0x0,

    /* U+0078 "x" */
    0x7c, 0x3, 0xc2, 0xd0, 0xf0, 0xf, 0x1e, 0x0,
    0x7b, 0xc0, 0x3, 0xf4, 0x0, 0x1f, 0x0, 0x3,
    0xf4, 0x0, 0xb7, 0xc0, 0xf, 0x1e, 0x3, 0xc0,
    0xb4, 0x78, 0x3, 0xc0,

    /* U+0079 "y" */
    0xb0, 0x2, 0xc7, 0x40, 0x38, 0x38, 0x7, 0x42,
    0xc0, 0xb0, 0x1d, 0xe, 0x0, 0xf1, 0xd0, 0xb,
    0x2c, 0x0, 0x37, 0x80, 0x3, 0xf0, 0x0, 0x1f,
    0x0, 0x0, 0xe0, 0x0, 0x1c, 0x0, 0x3, 0xc0,
    0x6, 0xf4, 0x0, 0x7d, 0x0, 0x0,

    /* U+007A "z" */
    0x3f, 0xff, 0xc2, 0xaa, 0xf8, 0x0, 0xf, 0x0,
    0x3, 0xc0, 0x0, 0xb4, 0x0, 0x1e, 0x0, 0x3,
    0xc0, 0x0, 0xf4, 0x0, 0x2e, 0x0, 0x3, 0xea,
    0xa8, 0x7f, 0xff, 0xc0,

    /* U+007B "{" */
    0x0, 0xb8, 0xf, 0x90, 0xb4, 0x3, 0xc0, 0xb,
    0x0, 0x1d, 0x0, 0x78, 0x2, 0xd0, 0x7e, 0x0,
    0x7c, 0x0, 0x78, 0x1, 0xd0, 0xb, 0x40, 0x3c,
    0x0, 0xf0, 0x2, 0xc0, 0x3, 0xd0, 0x3, 0xe0,
    0x0, 0x0,

    /* U+007C "|" */
    0xee, 0xee, 0xee, 0xee, 0xee, 0xee, 0xee, 0xee,
    0xee, 0xe0,

    /* U+007D "}" */
    0xb8, 0x1, 0xbc, 0x0, 0xb4, 0x0, 0xe0, 0x7,
    0x80, 0x1d, 0x0, 0xb0, 0x2, 0xe0, 0x2, 0xf0,
    0x1e, 0x40, 0xb0, 0x2, 0xc0, 0x7, 0x40, 0xe,
    0x0, 0x38, 0x1, 0xd0, 0x1f, 0x2, 0xf0, 0x0,
    0x0, 0x0,

    /* U+007E "~" */
    0x2f, 0x90, 0x1b, 0xff, 0xfe, 0x40, 0x2f, 0x80,

    /* U+4E00 "一" */
    0x2a, 0xaa, 0xaa, 0xaa, 0xa8, 0x3f, 0xff, 0xff,
    0xff, 0xfc, 0x0, 0x0, 0x0, 0x0, 0x0,

    /* U+4E09 "三" */
    0x2f, 0xff, 0xff, 0xff, 0x41, 0xaa, 0xaa, 0xaa,
    0xa0, 0x0, 0x0, 0x0, 0x0, 0x0, 0x0, 0x0,
    0x0, 0x0, 0x0, 0x0, 0x0, 0x0, 0x0, 0x0,
    0x0, 0x0, 0x0, 0x1, 0x55, 0x55, 0x54, 0x0,
    0x7f, 0xff, 0xff, 0xc0, 0x0, 0x0, 0x0, 0x0,
    0x0, 0x0, 0x0, 0x0, 0x0, 0x0, 0x0, 0x0,
    0x0, 0x0, 0x0, 0x0, 0x0, 0x0, 0x0, 0x0,
    0x0, 0x0, 0x5, 0x55, 0x55, 0x55, 0x54, 0xff,
    0xff, 0xff, 0xff, 0xd0, 0x0, 0x0, 0x0, 0x0,

    /* U+4E0B "下" */
    0x0, 0x0, 0x0, 0x0, 0x3, 0xff, 0xff, 0xff,
    0xff, 0xc5, 0x55, 0x5f, 0x55, 0x55, 0x0, 0x0,
    0x38, 0x0, 0x0, 0x0, 0x0, 0xe0, 0x0, 0x0,
    0x0, 0x3, 0xc0, 0x0, 0x0, 0x0, 0xf, 0xe0,
    0x0, 0x0, 0x0, 0x39, 0xf8, 0x0, 0x0, 0x0,
    0xe0, 0xbe, 0x0, 0x0, 0x3, 0x80, 0x3e, 0x0,
    0x0, 0xe, 0x0, 0x10, 0x0, 0x0, 0x38, 0x0,
    0x0, 0x0, 0x0, 0xe0, 0x0, 0x0, 0x0, 0x3,
    0x80, 0x0, 0x0, 0x0, 0xe, 0x0, 0x0, 0x0,
    0x0, 0x38, 0x0, 0x0, 0x0, 0x0, 0xe0, 0x0,
    0x0,

    /* U+4E0D "不" */
    0x1a, 0xaa, 0xaa, 0xaa, 0xa0, 0xff, 0xff, 0xff,
    0xff, 0xd0, 0x0, 0x1, 0xe0, 0x0, 0x0, 0x0,
    0xf, 0x0, 0x0, 0x0, 0x0, 0xbc, 0x0, 0x0,
    0x0, 0xb, 0xe5, 0x0, 0x0, 0x0, 0xbb, 0xaf,
    0x0, 0x0, 0xb, 0x8e, 0x1f, 0x40, 0x0, 0xf8,
    0x38, 0xb, 0x80, 0x2f, 0x40, 0xe0, 0xb, 0xc3,
    0xf0, 0x3, 0x80, 0x7, 0x85, 0x0, 0xe, 0x0,
    0x4, 0x0, 0x0, 0x38, 0x0, 0x0, 0x0, 0x0,
    0xe0, 0x0, 0x0, 0x0, 0x3, 0x80, 0x0, 0x0,
    0x0, 0xe, 0x0, 0x0, 0x0, 0x0, 0x38, 0x0,
    0x0,

    /* U+4E2D "中" */
    0x0, 0x1, 0xc0, 0x0, 0x0, 0x0, 0xb0, 0x0,
    0x0, 0x0, 0x2c, 0x0, 0x0, 0x0, 0xf, 0x0,
    0x0, 0xff, 0xff, 0xff, 0xff, 0x78, 0x0, 0xf0,
    0x1, 0xde, 0x0, 0x2c, 0x0, 0x37, 0x80, 0xb,
    0x0, 0xd, 0xe0, 0x2, 0xc0, 0x3, 0x78, 0x0,
    0xb0, 0x0, 0xdf, 0x55, 0x7d, 0x55, 0xb7, 0xff,
    0xff, 0xff, 0xfd, 0xe0, 0x2, 0xc0, 0x3, 0x40,
    0x0, 0xb0, 0x0, 0x0, 0x0, 0x2c, 0x0, 0x0,
    0x0, 0xb, 0x0, 0x0, 0x0, 0x2, 0xc0, 0x0,
    0x0, 0x0, 0xb0, 0x0, 0x0,

    /* U+4E3B "主" */
    0x0, 0x2, 0x0, 0x0, 0x0, 0x0, 0x3c, 0x0,
    0x0, 0x0, 0x0, 0xf4, 0x0, 0x0, 0x0, 0x3,
    0xc0, 0x0, 0x3f, 0xff, 0xff, 0xff, 0x82, 0xaa,
    0xaf, 0xaa, 0xa8, 0x0, 0x0, 0xe0, 0x0, 0x0,
    0x0, 0xe, 0x0, 0x0, 0x0, 0x0, 0xe0, 0x0,
    0x0, 0x0, 0xe, 0x0, 0x0, 0xf, 0xff, 0xff,
    0xff, 0x0, 0xaa, 0xaf, 0xaa, 0xa0, 0x0, 0x0,
    0xe0, 0x0, 0x0, 0x0, 0xe, 0x0, 0x0, 0x0,
    0x0, 0xe0, 0x0, 0x0, 0x0, 0xe, 0x0, 0x0,
    0xff, 0xff, 0xff, 0xff, 0xef, 0xff, 0xff, 0xff,
    0xff,

    /* U+4E8C "二" */
    0xf, 0xff, 0xff, 0xff, 0x0, 0xaa, 0xaa, 0xaa,
    0xa0, 0x0, 0x0, 0x0, 0x0, 0x0, 0x0, 0x0,
    0x0, 0x0, 0x0, 0x0, 0x0, 0x0, 0x0, 0x0,
    0x0, 0x0, 0x0, 0x0, 0x0, 0x0, 0x0, 0x0,
    0x0, 0x0, 0x0, 0x0, 0x0, 0x0, 0x0, 0x0,
    0x0, 0x0, 0x0, 0x0, 0x0, 0x0, 0x0, 0x0,
    0x0, 0x0, 0x0, 0x0, 0x0, 0x0, 0xff, 0xff,
    0xff, 0xff, 0xfa, 0xaa, 0xaa, 0xaa, 0xaa,

    /* U+4E94 "五" */
    0x2a, 0xaa, 0xaa, 0xaa, 0x2, 0xff, 0xff, 0xff,
    0xf0, 0x0, 0x3, 0x80, 0x0, 0x0, 0x0, 0x74,
    0x0, 0x0, 0x0, 0x7, 0x0, 0x0, 0x0, 0x0,
    0xb0, 0x0, 0x0, 0xf, 0xff, 0xff, 0xf4, 0x0,
    0x6a, 0xfa, 0xab, 0x40, 0x0, 0xd, 0x0, 0x34,
    0x0, 0x1, 0xc0, 0x3, 0x40, 0x0, 0x2c, 0x0,
    0x34, 0x0, 0x3, 0xc0, 0x3, 0x40, 0x0, 0x38,
    0x0, 0x34, 0x0, 0x7, 0x40, 0x3, 0x40, 0xff,
    0xff, 0xff, 0xff, 0xf6, 0xaa, 0xaa, 0xaa, 0xa9,

    /* U+4EAE "亮" */
    0x0, 0x0, 0x0, 0x0, 0x0, 0x0, 0x0, 0xb0,
    0x0, 0x0, 0x0, 0x1, 0xf0, 0x0, 0xb, 0xff,
    0xff, 0xff, 0xff, 0x0, 0x0, 0x0, 0x0, 0x0,
    0x2, 0xff, 0xff, 0xfc, 0x0, 0xe, 0x55, 0x55,
    0xb0, 0x0, 0x38, 0x0, 0x1, 0xc0, 0x0, 0xff,
    0xff, 0xff, 0x0, 0x1, 0x55, 0x55, 0x54, 0x0,
    0x0, 0x0, 0x0, 0x0, 0x7, 0xff, 0xff, 0xff,
    0xfe, 0x1c, 0x1, 0x0, 0x40, 0x38, 0x70, 0x1c,
    0x3, 0x40, 0xe0, 0x40, 0xb0, 0xd, 0x1, 0x40,
    0x3, 0x80, 0x34, 0x0, 0x0, 0x2c, 0x0, 0xd0,
    0x28, 0x1b, 0xd0, 0x3, 0x95, 0xe2, 0xf8, 0x0,
    0xb, 0xff, 0x0, 0x0, 0x0, 0x0, 0x0,

    /* U+4EEA "仪" */
    0x0, 0x0, 0x0, 0x0, 0x0, 0x0, 0x34, 0x2,
    0x0, 0x0, 0x0, 0xb2, 0x83, 0xc0, 0xb0, 0x0,
    0xe2, 0xc0, 0xd0, 0xb0, 0x2, 0xc1, 0xc0, 0xb0,
    0xe0, 0x7, 0xc0, 0xd0, 0x10, 0xd0, 0xf, 0x80,
    0xe0, 0x1, 0xc0, 0x2f, 0x80, 0xb0, 0x3, 0x80,
    0xb7, 0x80, 0x74, 0x3, 0x40, 0x63, 0x80, 0x38,
    0xb, 0x0, 0x3, 0x80, 0x2c, 0xe, 0x0, 0x3,
    0x80, 0xe, 0x2c, 0x0, 0x3, 0x80, 0xb, 0xb4,
    0x0, 0x3, 0x80, 0x3, 0xf0, 0x0, 0x3, 0x80,
    0x3, 0xf0, 0x0, 0x3, 0x80, 0x1f, 0x7c, 0x0,
    0x3, 0x80, 0xb8, 0x1f, 0x80, 0x3, 0x8b, 0xd0,
    0x2, 0xf8, 0x3, 0x8d, 0x0, 0x0, 0x78, 0x0,
    0x0, 0x0, 0x0, 0x0,

    /* U+4F86 "來" */
    0x0, 0x0, 0x28, 0x0, 0x0, 0x0, 0x0, 0x38,
    0x0, 0x0, 0x0, 0x0, 0x38, 0x0, 0x0, 0x2f,
    0xff, 0xff, 0xff, 0xf8, 0x15, 0x55, 0x7d, 0x55,
    0x54, 0x0, 0x70, 0x38, 0xe, 0x0, 0x0, 0xb0,
    0x38, 0xd, 0x0, 0x0, 0xf0, 0x38, 0x2d, 0x0,
    0x2, 0xf8, 0x38, 0x3f, 0x80, 0x7, 0x5e, 0x3c,
    0xf1, 0xe0, 0x1e, 0x0, 0xff, 0x80, 0x74, 0x4,
    0x3, 0xff, 0x80, 0x0, 0x0, 0xf, 0x39, 0xe0,
    0x0, 0x0, 0x7c, 0x38, 0x7c, 0x0, 0x2, 0xf0,
    0x38, 0x1f, 0x40, 0x2f, 0x80, 0x38, 0x3, 0xf4,
    0x28, 0x0, 0x38, 0x0, 0x78, 0x0, 0x0, 0x38,
    0x0, 0x0,

    /* U+505C "停" */
    0x0, 0x0, 0x0, 0x0, 0x0, 0x0, 0xd0, 0x7,
    0x0, 0x0, 0x7, 0x0, 0x1f, 0x0, 0x0, 0x3a,
    0xff, 0xff, 0xff, 0x1, 0xd0, 0x0, 0x0, 0x0,
    0xf, 0x3, 0xff, 0xff, 0x0, 0x78, 0xd, 0x0,
    0x1c, 0x3, 0xd0, 0x34, 0x0, 0x30, 0x2f, 0x40,
    0xff, 0xff, 0xc1, 0xdd, 0x0, 0x0, 0x0, 0x2,
    0x34, 0x55, 0x55, 0x55, 0x40, 0xd3, 0xff, 0xff,
    0xff, 0x3, 0x4d, 0x0, 0x0, 0x1c, 0xd, 0x36,
    0xaa, 0xaa, 0xb0, 0x34, 0xa, 0xaf, 0xa8, 0x0,
    0xd0, 0x0, 0x34, 0x0, 0x3, 0x40, 0x0, 0xd0,
    0x0, 0xd, 0x0, 0x57, 0x40, 0x0, 0x34, 0x3,
    0xfc, 0x0, 0x0, 0x0, 0x0, 0x0, 0x0,

    /* U+516C "公" */
    0x0, 0x0, 0x0, 0x0, 0x0, 0x0, 0xf0, 0xf,
    0x0, 0x0, 0x7, 0x40, 0x1d, 0x0, 0x0, 0x3c,
    0x0, 0x3c, 0x0, 0x2, 0xd0, 0x0, 0x3c, 0x0,
    0x1e, 0x0, 0x0, 0x78, 0x0, 0xf0, 0x8, 0x0,
    0xb8, 0xf, 0x40, 0x78, 0x0, 0xf8, 0xb4, 0x3,
    0xc0, 0x0, 0xf0, 0x0, 0x1d, 0x0, 0x0, 0x0,
    0x0, 0xf0, 0x0, 0x0, 0x0, 0xb, 0x0, 0x70,
    0x0, 0x0, 0x74, 0x0, 0xf0, 0x0, 0x3, 0xc0,
    0x1, 0xe0, 0x0, 0x3c, 0x0, 0x3, 0xd0, 0x3,
    0xff, 0xff, 0xff, 0xc0, 0xf, 0xfa, 0xa5, 0x47,
    0xc0, 0x0, 0x0, 0x0, 0xb, 0x0, 0x0, 0x0,
    0x0, 0x0, 0x0,

    /* U+516D "六" */
    0x0, 0x0, 0x60, 0x0, 0x0, 0x0, 0x0, 0xb4,
    0x0, 0x0, 0x0, 0x0, 0x3c, 0x0, 0x0, 0x0,
    0x0, 0x2c, 0x0, 0x0, 0x0, 0x0, 0xd, 0x0,
    0x0, 0x1a, 0xaa, 0xaa, 0xaa, 0xa4, 0x3f, 0xff,
    0xff, 0xff, 0xfc, 0x0, 0x0, 0x0, 0x0, 0x0,
    0x0, 0x0, 0x0, 0x0, 0x0, 0x0, 0x8, 0x0,
    0x60, 0x0, 0x0, 0x1e, 0x0, 0x74, 0x0, 0x0,
    0x3c, 0x0, 0x3c, 0x0, 0x0, 0x74, 0x0, 0xf,
    0x0, 0x0, 0xf0, 0x0, 0x7, 0x40, 0x3, 0xc0,
    0x0, 0x3, 0xc0, 0x7, 0x80, 0x0, 0x0, 0xf0,
    0x1f, 0x0, 0x0, 0x0, 0xb4, 0x3c, 0x0, 0x0,
    0x0, 0x38, 0x0, 0x0, 0x0, 0x0, 0x0,

    /* U+519C "农" */
    0x0, 0x0, 0x9, 0x0, 0x0, 0x0, 0x0, 0x1d,
    0x0, 0x0, 0x5, 0x55, 0x7d, 0x55, 0x50, 0xf,
    0xff, 0xff, 0xff, 0xf0, 0xd, 0x0, 0xb8, 0x0,
    0xb0, 0xd, 0x0, 0xf8, 0x0, 0x70, 0xd, 0x2,
    0xfc, 0x0, 0x70, 0x0, 0x3, 0x9c, 0x0, 0x0,
    0x0, 0xf, 0xe, 0x2, 0xc0, 0x0, 0x7c, 0xb,
    0xf, 0x40, 0x2, 0xf8, 0x3, 0xfc, 0x0, 0x2f,
    0x78, 0x2, 0xf0, 0x0, 0x28, 0x38, 0x0, 0xe0,
    0x0, 0x0, 0x38, 0x0, 0x78, 0x0, 0x0, 0x38,
    0x0, 0x2e, 0x0, 0x0, 0x38, 0x1d, 0xb, 0x80,
    0x0, 0x3f, 0xf8, 0x2, 0xf4, 0x0, 0xfe, 0x40,
    0x0, 0x78, 0x0, 0x50, 0x0, 0x0, 0x0,

    /* U+51AC "冬" */
    0x0, 0x2, 0xc0, 0x0, 0x0, 0x0, 0x3, 0x80,
    0x0, 0x0, 0x0, 0xf, 0xff, 0xfe, 0x0, 0x0,
    0x3e, 0x55, 0x6d, 0x0, 0x0, 0xfd, 0x0, 0x78,
    0x0, 0x3, 0xdb, 0x41, 0xf0, 0x0, 0xf, 0x2,
    0xeb, 0x80, 0x0, 0x4, 0x0, 0xff, 0x0, 0x0,
    0x0, 0x7, 0xff, 0xd0, 0x0, 0x1, 0xbf, 0x41,
    0xfe, 0x40, 0x2f, 0xe4, 0x0, 0x1b, 0xfc, 0x19,
    0x3, 0xe4, 0x0, 0x64, 0x0, 0x0, 0x7f, 0x90,
    0x0, 0x0, 0x0, 0x2, 0xf0, 0x0, 0x0, 0x24,
    0x0, 0x0, 0x0, 0x0, 0x7f, 0xe4, 0x0, 0x0,
    0x0, 0x1, 0xbf, 0x90, 0x0, 0x0, 0x0, 0x6,
    0xfc, 0x0, 0x0, 0x0, 0x0, 0x14, 0x0,

    /* U+5206 "分" */
    0x0, 0x4, 0x0, 0x40, 0x0, 0x0, 0xe, 0x0,
    0xf0, 0x0, 0x0, 0x2c, 0x0, 0x74, 0x0, 0x0,
    0x38, 0x0, 0x2c, 0x0, 0x0, 0xf0, 0x0, 0xf,
    0x0, 0x2, 0xd0, 0x0, 0x7, 0x80, 0xb, 0x80,
    0x0, 0x2, 0xe0, 0x2f, 0x55, 0x55, 0x59, 0xb8,
    0x2a, 0xff, 0xff, 0xff, 0x24, 0x0, 0x3, 0xc0,
    0xb, 0x0, 0x0, 0x3, 0x80, 0xb, 0x0, 0x0,
    0x3, 0x40, 0xb, 0x0, 0x0, 0xb, 0x0, 0xf,
    0x0, 0x0, 0xe, 0x0, 0xe, 0x0, 0x0, 0x2c,
    0x0, 0xe, 0x0, 0x0, 0xf4, 0x0, 0xd, 0x0,
    0xb, 0xd0, 0x5, 0x7c, 0x0, 0x2e, 0x0, 0xf,
    0xf4, 0x0, 0x0, 0x0, 0x0, 0x0, 0x0,

    /* U+5207 "切" */
    0x0, 0x0, 0x0, 0x0, 0x0, 0xe, 0x0, 0x55,
    0x55, 0x40, 0x38, 0xb, 0xff, 0xff, 0x80, 0xe0,
    0x0, 0xb0, 0xe, 0x3, 0x80, 0x2, 0xc0, 0x38,
    0xf, 0xfd, 0xb, 0x0, 0xe7, 0xfe, 0x40, 0x2c,
    0x3, 0x84, 0xe0, 0x0, 0xa0, 0xe, 0x3, 0x80,
    0x3, 0x80, 0x34, 0xe, 0x0, 0xe, 0x0, 0xd0,
    0x38, 0x0, 0x34, 0x3, 0x40, 0xe0, 0x51, 0xc0,
    0xd, 0x3, 0xaf, 0x4f, 0x0, 0x70, 0x1f, 0xd0,
    0x74, 0x1, 0xc0, 0xb4, 0x3, 0xc0, 0xb, 0x0,
    0x0, 0x3c, 0x0, 0x2c, 0x0, 0x3, 0xd0, 0x26,
    0xe0, 0x0, 0x1d, 0x0, 0xff, 0x0, 0x0, 0x0,
    0x0, 0x0, 0x0,

    /* U+5217 "列" */
    0x0, 0x0, 0x0, 0x0, 0x70, 0xff, 0xff, 0xf0,
    0x1, 0xc1, 0x5f, 0x95, 0x48, 0x7, 0x0, 0x2c,
    0x0, 0x34, 0x1c, 0x0, 0xe0, 0x0, 0xd0, 0x70,
    0x7, 0xea, 0xc3, 0x41, 0xc0, 0x3f, 0xff, 0xd,
    0x7, 0x1, 0xd0, 0x1c, 0x34, 0x1c, 0xf, 0x0,
    0xb0, 0xd0, 0x70, 0xbf, 0x3, 0x43, 0x41, 0xc7,
    0x4f, 0x9c, 0xd, 0x7, 0x4, 0x7, 0xe0, 0x34,
    0x1c, 0x0, 0xf, 0x0, 0xd0, 0x70, 0x0, 0x78,
    0x0, 0x1, 0xc0, 0x3, 0xc0, 0x0, 0x7, 0x0,
    0x3c, 0x0, 0x0, 0x1c, 0xb, 0xc0, 0x0, 0x15,
    0xb0, 0x28, 0x0, 0x0, 0x7f, 0x80, 0x0, 0x0,
    0x0, 0x0, 0x0,

    /* U+521D "初" */
    0x1, 0x40, 0x0, 0x0, 0x0, 0x7, 0x40, 0x0,
    0x0, 0x0, 0xb, 0xb, 0xff, 0xff, 0x81, 0x59,
    0x15, 0xf5, 0x5d, 0x3f, 0xff, 0x1, 0xc0, 0x34,
    0x0, 0x34, 0xb, 0x0, 0xd0, 0x2, 0xc0, 0x2c,
    0x3, 0x40, 0x1d, 0x0, 0xb0, 0xd, 0x0, 0xf3,
    0x83, 0x80, 0x34, 0xf, 0xf8, 0xe, 0x0, 0xd0,
    0xff, 0xd0, 0x34, 0x3, 0xf, 0x3a, 0xc1, 0xc0,
    0x1c, 0x20, 0xe2, 0xe, 0x0, 0x70, 0x3, 0x80,
    0x74, 0x1, 0xc0, 0xe, 0x3, 0xc0, 0xb, 0x0,
    0x38, 0x2d, 0x0, 0x3c, 0x0, 0xe2, 0xe0, 0x56,
    0xd0, 0x3, 0x86, 0x1, 0xfe, 0x0, 0x0, 0x0,
    0x0, 0x0, 0x0,

    /* U+5230 "到" */
    0x0, 0x0, 0x0, 0x0, 0x41, 0x59, 0x55, 0x40,
    0xd, 0x7f, 0xff, 0xfc, 0xd0, 0xd0, 0x2c, 0x10,
    0xd, 0xd, 0x7, 0x43, 0x80, 0xd0, 0xd0, 0xe0,
    0x1d, 0xd, 0xd, 0x2e, 0xab, 0xf0, 0xd0, 0xd3,
    0xfe, 0x97, 0x8d, 0xd, 0x0, 0x20, 0x10, 0xd0,
    0xd0, 0x3, 0x40, 0xd, 0xd, 0x15, 0x79, 0x50,
    0xd0, 0xd3, 0xff, 0xff, 0x4d, 0xd, 0x0, 0x34,
    0x0, 0xd0, 0xd0, 0x3, 0x40, 0xd, 0xd, 0x0,
    0x34, 0x54, 0x0, 0xd0, 0x5b, 0xff, 0x40, 0xd,
    0x7f, 0xf4, 0x0, 0x16, 0xd1, 0x0, 0x0, 0x2,
    0xf8,

    /* U+5237 "刷" */
    0x0, 0x0, 0x0, 0x0, 0x24, 0x2f, 0xff, 0xf4,
    0x0, 0xe0, 0xba, 0xaa, 0xe3, 0x43, 0x82, 0x80,
    0x3, 0x8e, 0xe, 0xa, 0x0, 0xe, 0x38, 0x38,
    0x2f, 0xff, 0xf8, 0xe0, 0xe0, 0xba, 0xbe, 0x93,
    0x83, 0x82, 0x80, 0xd0, 0xe, 0xe, 0xe, 0x57,
    0xd9, 0x38, 0x38, 0x3b, 0xff, 0xf8, 0xe0, 0xe0,
    0xec, 0x34, 0xa3, 0x83, 0x83, 0x70, 0xd2, 0x8e,
    0xe, 0xd, 0xc3, 0x4a, 0x38, 0x38, 0x33, 0xd,
    0x28, 0x40, 0xe1, 0xcc, 0x34, 0xa0, 0x3, 0x8e,
    0x30, 0xdf, 0x40, 0xe, 0x34, 0x43, 0x40, 0x6,
    0xb8, 0x40, 0xd, 0x0, 0x2f, 0x80,

    /* U+524D "前" */
    0x0, 0x40, 0x0, 0x14, 0x0, 0x1d, 0x0, 0x3,
    0x80, 0x0, 0xb0, 0x0, 0xb0, 0x5, 0x5b, 0x95,
    0x7e, 0x55, 0xff, 0xff, 0xff, 0xff, 0xf0, 0x0,
    0x0, 0x0, 0x10, 0x1a, 0xab, 0x40, 0x3, 0x82,
    0xff, 0xf8, 0x34, 0x38, 0x28, 0x3, 0x83, 0x43,
    0x82, 0xc0, 0x38, 0x34, 0x38, 0x2f, 0xff, 0x83,
    0x43, 0x82, 0x80, 0x38, 0x34, 0x38, 0x28, 0x3,
    0x83, 0x43, 0x82, 0xff, 0xf8, 0x34, 0x38, 0x2c,
    0x3, 0x83, 0x43, 0x82, 0x80, 0x38, 0x0, 0x38,
    0x28, 0x17, 0x80, 0x57, 0x82, 0x83, 0xf4, 0xb,
    0xf0, 0x0, 0x0, 0x0, 0x0, 0x0,

    /* U+52A8 "动" */
    0x0, 0x0, 0x0, 0x40, 0x0, 0x0, 0x0, 0xe,
    0x0, 0x3f, 0xff, 0x80, 0xe0, 0x0, 0x0, 0x0,
    0xd, 0x0, 0x0, 0x0, 0x0, 0xe0, 0x40, 0x0,
    0x3, 0xff, 0xfe, 0x55, 0x55, 0x45, 0xe5, 0xef,
    0xff, 0xfc, 0xd, 0xe, 0x7, 0x0, 0x1, 0xc0,
    0xe0, 0xb0, 0x0, 0x1c, 0xe, 0xe, 0xe, 0x2,
    0xc0, 0xe0, 0xd0, 0x70, 0x38, 0xd, 0x1c, 0x3,
    0x43, 0x80, 0xd3, 0x9b, 0xfc, 0x70, 0xd, 0xbf,
    0xe6, 0xcf, 0x1, 0xcb, 0x40, 0x1, 0xd0, 0x1c,
    0x0, 0x0, 0x7c, 0x57, 0xc0, 0x0, 0x7, 0xb,
    0xf0, 0x0, 0x0, 0x0, 0x0, 0x0,

    /* U+52D9 "務" */
    0x0, 0x0, 0x0, 0x0, 0x0, 0x0, 0x0, 0x1,
    0xc0, 0x0, 0x3f, 0xff, 0xc3, 0x80, 0x0, 0x5,
    0x5b, 0x4b, 0xff, 0xfc, 0x5, 0xe, 0x1f, 0x56,
    0xf4, 0xb, 0xf8, 0x7f, 0x42, 0xc0, 0x1, 0xf4,
    0x62, 0xc7, 0x40, 0x0, 0x2d, 0x0, 0xbe, 0x0,
    0x2a, 0xae, 0xc0, 0xfe, 0x0, 0x3f, 0xff, 0xeb,
    0xd7, 0xe4, 0x1, 0xf1, 0xfd, 0x10, 0x7c, 0x3,
    0xf2, 0x80, 0x70, 0x0, 0x7, 0xb3, 0x55, 0xf5,
    0x60, 0xd, 0xb1, 0x3f, 0xff, 0xf8, 0x2c, 0xb0,
    0x1, 0xd0, 0x34, 0x30, 0xb0, 0x3, 0xc0, 0x74,
    0x0, 0xb0, 0xf, 0x0, 0xb0, 0x1, 0xb0, 0x7c,
    0x5, 0xf0, 0x7, 0xe0, 0xe0, 0x1f, 0xc0, 0x0,
    0x0, 0x0, 0x0, 0x0,

    /* U+5341 "十" */
    0x0, 0x0, 0xb0, 0x0, 0x0, 0x0, 0x2, 0xc0,
    0x0, 0x0, 0x0, 0xb, 0x0, 0x0, 0x0, 0x0,
    0x2c, 0x0, 0x0, 0x0, 0x0, 0xb0, 0x0, 0x0,
    0x0, 0x2, 0xc0, 0x0, 0x0, 0x0, 0xb, 0x0,
    0x0, 0x15, 0x55, 0x7d, 0x55, 0x54, 0xff, 0xff,
    0xff, 0xff, 0xf0, 0x0, 0x3, 0xc0, 0x0, 0x0,
    0x0, 0xb, 0x0, 0x0, 0x0, 0x0, 0x2c, 0x0,
    0x0, 0x0, 0x0, 0xb0, 0x0, 0x0, 0x0, 0x2,
    0xc0, 0x0, 0x0, 0x0, 0xb, 0x0, 0x0, 0x0,
    0x0, 0x2c, 0x0, 0x0, 0x0, 0x0, 0xb0, 0x0,
    0x0, 0x0, 0x2, 0xc0, 0x0, 0x0,

    /* U+5373 "即" */
    0x1e, 0xaa, 0x81, 0x55, 0xc2, 0xff, 0xfc, 0x3f,
    0xfe, 0x2c, 0x2, 0xc3, 0x40, 0xe2, 0xc0, 0x2c,
    0x34, 0xe, 0x2f, 0xff, 0xc3, 0x40, 0xe2, 0xd5,
    0x7c, 0x34, 0xe, 0x2c, 0x2, 0xc3, 0x40, 0xe2,
    0xc0, 0x2c, 0x34, 0xe, 0x2d, 0x57, 0xc3, 0x40,
    0xe2, 0xff, 0xfc, 0x34, 0xe, 0x2c, 0x0, 0x3,
    0x40, 0xe2, 0xc1, 0xc0, 0x34, 0xd, 0x2c, 0xf,
    0x3, 0x5f, 0xd2, 0xc1, 0xf4, 0x34, 0xa4, 0x3f,
    0xfb, 0xc3, 0x40, 0x7, 0xe0, 0xc, 0x34, 0x0,
    0x10, 0x0, 0x3, 0x40, 0x0,

    /* U+53D6 "取" */
    0x2a, 0xaa, 0xa4, 0x0, 0x0, 0x3f, 0xff, 0xfc,
    0x0, 0x0, 0xb, 0x0, 0xdf, 0xff, 0xf8, 0xb,
    0x0, 0xd7, 0x95, 0x74, 0xb, 0x55, 0xd3, 0x40,
    0x34, 0xb, 0xff, 0xd3, 0x80, 0x70, 0xb, 0x0,
    0xd2, 0xc0, 0xf0, 0xb, 0x0, 0xd1, 0xc0, 0xe0,
    0xb, 0x55, 0xd0, 0xe1, 0xc0, 0xb, 0xff, 0xd0,
    0xb3, 0x80, 0xb, 0x0, 0xd0, 0x3f, 0x0, 0xb,
    0x0, 0xd0, 0x3f, 0x0, 0xb, 0x5, 0xd0, 0x3f,
    0x0, 0x2f, 0xff, 0xd0, 0xbb, 0x80, 0x3a, 0x40,
    0xd3, 0xd1, 0xe0, 0x0, 0x0, 0xef, 0x40, 0x7c,
    0x0, 0x0, 0xd8, 0x0, 0x8,

    /* U+53F0 "台" */
    0x0, 0x2, 0x0, 0x0, 0x0, 0x0, 0xb4, 0x0,
    0x0, 0x0, 0x1e, 0x0, 0x0, 0x0, 0x3, 0xc0,
    0x2c, 0x0, 0x0, 0xf0, 0x0, 0xf4, 0x0, 0x3c,
    0x0, 0x3, 0xc0, 0xf, 0x45, 0x55, 0xaf, 0x3,
    0xff, 0xff, 0xff, 0xfc, 0x25, 0x40, 0x0, 0x0,
    0xd0, 0x0, 0x0, 0x0, 0x0, 0x7, 0xff, 0xff,
    0xfe, 0x0, 0xb5, 0x55, 0x56, 0xe0, 0xb, 0x0,
    0x0, 0xe, 0x0, 0xb0, 0x0, 0x0, 0xe0, 0xb,
    0x0, 0x0, 0xe, 0x0, 0xb0, 0x0, 0x0, 0xe0,
    0xb, 0xff, 0xff, 0xfe, 0x0, 0xba, 0xaa, 0xaa,
    0xe0, 0x0, 0x0, 0x0, 0x0, 0x0,

    /* U+53F3 "右" */
    0x0, 0x0, 0x90, 0x0, 0x0, 0x0, 0x3, 0x80,
    0x0, 0x0, 0x0, 0x1c, 0x0, 0x0, 0x0, 0x0,
    0xb0, 0x0, 0x0, 0x2f, 0xff, 0xff, 0xff, 0xfc,
    0x15, 0x6e, 0x55, 0x55, 0x50, 0x0, 0xb0, 0x0,
    0x0, 0x0, 0x3, 0x40, 0x0, 0x0, 0x0, 0x3c,
    0x0, 0x0, 0x0, 0x1, 0xfa, 0xaa, 0xaa, 0x0,
    0xf, 0xff, 0xff, 0xfd, 0x0, 0xff, 0x0, 0x0,
    0x74, 0xf, 0x2c, 0x0, 0x1, 0xd0, 0xf4, 0xb0,
    0x0, 0x7, 0x41, 0x2, 0xc0, 0x0, 0x1d, 0x0,
    0xb, 0x0, 0x0, 0x74, 0x0, 0x2f, 0xff, 0xff,
    0xd0, 0x0, 0xba, 0xaa, 0xaf, 0x40,

    /* U+5411 "向" */
    0x0, 0x0, 0x90, 0x0, 0x0, 0x0, 0x74, 0x0,
    0x0, 0x0, 0x3c, 0x0, 0x0, 0x55, 0x6e, 0x55,
    0x59, 0x3f, 0xff, 0xff, 0xff, 0xce, 0x0, 0x0,
    0x0, 0xb3, 0x40, 0x0, 0x0, 0x2c, 0xd0, 0x10,
    0x0, 0xb, 0x34, 0x3f, 0xff, 0xc2, 0xcd, 0xb,
    0x0, 0xb0, 0xb3, 0x42, 0x80, 0x1c, 0x2c, 0xd0,
    0xa0, 0x7, 0xb, 0x34, 0x28, 0x1, 0xc2, 0xcd,
    0xf, 0xff, 0xf0, 0xb3, 0x42, 0xd5, 0x54, 0x2c,
    0xd0, 0xa0, 0x0, 0xb, 0x34, 0x0, 0x0, 0xab,
    0xcd, 0x0, 0x0, 0x2f, 0xd0,

    /* U+542F "启" */
    0x0, 0x0, 0x24, 0x0, 0x0, 0x0, 0x2, 0xc0,
    0x0, 0x0, 0x0, 0x1d, 0x0, 0x0, 0x3f, 0xff,
    0xff, 0xfe, 0x2, 0xd5, 0x55, 0x55, 0xe0, 0x2c,
    0x0, 0x0, 0xe, 0x2, 0xc0, 0x0, 0x0, 0xe0,
    0x3f, 0xff, 0xff, 0xfe, 0x3, 0xd5, 0x55, 0x55,
    0x50, 0x38, 0x0, 0x0, 0x0, 0x3, 0x80, 0x0,
    0x0, 0x0, 0x39, 0xff, 0xff, 0xff, 0x3, 0x5c,
    0x0, 0x0, 0xb0, 0x71, 0xc0, 0x0, 0xb, 0xb,
    0x1c, 0x0, 0x0, 0xb0, 0xe1, 0xc0, 0x0, 0xb,
    0x1c, 0x1f, 0xff, 0xff, 0xf2, 0x81, 0xc0, 0x0,
    0xf, 0x0, 0x0, 0x0, 0x0, 0x0,

    /* U+56DB "四" */
    0x0, 0x0, 0x0, 0x0, 0x1f, 0xff, 0xff, 0xff,
    0xf7, 0x56, 0xe5, 0xf5, 0x7d, 0xc0, 0x30, 0x38,
    0xf, 0x70, 0x1c, 0xe, 0x3, 0xdc, 0x7, 0x3,
    0x80, 0xf7, 0x1, 0xc0, 0xe0, 0x3d, 0xc0, 0xb0,
    0x38, 0xf, 0x70, 0x38, 0xe, 0x3, 0xdc, 0x1c,
    0x3, 0x95, 0xf7, 0x1e, 0x0, 0x7f, 0xfd, 0xde,
    0x0, 0x0, 0xf, 0x71, 0x0, 0x0, 0x3, 0xdc,
    0x0, 0x0, 0x0, 0xf7, 0xff, 0xff, 0xff, 0xfd,
    0xd5, 0x55, 0x55, 0x5f, 0x70, 0x0, 0x0, 0x2,
    0x80,

    /* U+5712 "園" */
    0x7f, 0xff, 0xff, 0xff, 0xd7, 0x55, 0x59, 0x55,
    0x5d, 0x70, 0x0, 0xe0, 0x0, 0xd7, 0xf, 0xff,
    0xfe, 0xd, 0x70, 0x0, 0xd0, 0x0, 0xd7, 0x3f,
    0xff, 0xff, 0x8d, 0x70, 0x0, 0x0, 0x0, 0xd7,
    0xf, 0xff, 0xfd, 0xd, 0x70, 0xd0, 0x0, 0xd0,
    0xd7, 0xf, 0xff, 0xfd, 0xd, 0x70, 0x1e, 0x10,
    0x10, 0xd7, 0x2f, 0x83, 0xdb, 0xd, 0x71, 0x34,
    0x7, 0xc0, 0xd7, 0x3, 0x99, 0xf, 0xd, 0x70,
    0x7e, 0x40, 0x24, 0xd7, 0x5a, 0x55, 0x55, 0x5d,
    0x7f, 0xff, 0xff, 0xff, 0xd0,

    /* U+5728 "在" */
    0x0, 0x0, 0x40, 0x0, 0x0, 0x0, 0xb, 0x0,
    0x0, 0x0, 0x0, 0x3c, 0x0, 0x0, 0x5, 0x56,
    0xf5, 0x55, 0x55, 0x2f, 0xff, 0xff, 0xff, 0xfc,
    0x0, 0x38, 0x0, 0x0, 0x0, 0x3, 0xc0, 0xd,
    0x0, 0x0, 0x2d, 0x0, 0x34, 0x0, 0x1, 0xf0,
    0x0, 0xd0, 0x0, 0xf, 0x41, 0x57, 0xd5, 0x40,
    0xfd, 0x2f, 0xff, 0xff, 0xf, 0x74, 0x0, 0x38,
    0x0, 0x10, 0xd0, 0x0, 0xd0, 0x0, 0x3, 0x40,
    0x3, 0x40, 0x0, 0xd, 0x0, 0xd, 0x0, 0x0,
    0x34, 0x0, 0x34, 0x0, 0x0, 0xd0, 0x0, 0xe0,
    0x0, 0x3, 0x5f, 0xff, 0xff, 0xf0,

    /* U+5730 "地" */
    0x1, 0x80, 0x0, 0x30, 0x0, 0x2, 0xc0, 0x0,
    0x70, 0x0, 0x2, 0xc0, 0x70, 0x70, 0x0, 0x2,
    0xc0, 0x70, 0x70, 0x0, 0x2, 0xc0, 0x70, 0x71,
    0xf4, 0x3f, 0xfc, 0x70, 0x7f, 0xf0, 0x17, 0xd4,
    0x76, 0xfc, 0x70, 0x2, 0xc0, 0xff, 0xb0, 0x70,
    0x2, 0xc7, 0xf4, 0x70, 0x70, 0x2, 0xc2, 0xb0,
    0x70, 0xb0, 0x2, 0xc0, 0x70, 0x70, 0xa0, 0x2,
    0xc8, 0x70, 0x70, 0xa0, 0x3, 0xfc, 0x70, 0x70,
    0xd0, 0x2f, 0xd0, 0x70, 0x70, 0x0, 0x38, 0x0,
    0x70, 0x0, 0xc, 0x0, 0x0, 0x70, 0x0, 0xc,
    0x0, 0x0, 0x39, 0x55, 0x7c, 0x0, 0x0, 0x2f,
    0xff, 0xf4,

    /* U+57CE "城" */
    0x0, 0x0, 0x0, 0x0, 0x0, 0x2, 0x40, 0x0,
    0x29, 0x40, 0x3, 0x40, 0x0, 0x28, 0xe0, 0x3,
    0x40, 0x0, 0x28, 0x30, 0x3, 0x43, 0xff, 0xff,
    0xfc, 0x3, 0x83, 0xd5, 0x7d, 0x54, 0x3f, 0xf7,
    0x80, 0x2c, 0x0, 0x17, 0x93, 0x80, 0x1c, 0x0,
    0x3, 0x43, 0xff, 0x5c, 0x34, 0x3, 0x43, 0xd7,
    0x5c, 0x70, 0x3, 0x43, 0x83, 0x5c, 0xb0, 0x3,
    0x43, 0x83, 0x4d, 0xd0, 0x3, 0x43, 0x43, 0x4f,
    0xc0, 0x3, 0x97, 0x43, 0x4f, 0x40, 0x7, 0xfb,
    0x3, 0xf, 0x0, 0x3f, 0x87, 0x3f, 0x2f, 0xc,
    0x24, 0xe, 0x4, 0xb7, 0x4c, 0x0, 0x1d, 0x2,
    0xd2, 0xec, 0x0, 0x28, 0x7, 0x40, 0xb4, 0x0,
    0x0, 0x0, 0x0, 0x0,

    /* U+5805 "堅" */
    0x0, 0x0, 0x0, 0x0, 0x0, 0x1f, 0xff, 0xdb,
    0xff, 0xf4, 0x1c, 0x2c, 0x7, 0x95, 0xf0, 0x1c,
    0x1c, 0x2, 0x80, 0xb0, 0x1f, 0xff, 0xd1, 0xc0,
    0xd0, 0x1c, 0x0, 0xd0, 0xe3, 0xc0, 0x1c, 0x0,
    0xd0, 0x7b, 0x40, 0x1f, 0xff, 0xd0, 0x3e, 0x0,
    0x1c, 0x1c, 0x0, 0x7f, 0x0, 0x1c, 0x1c, 0x2,
    0xe3, 0xd0, 0x2f, 0xff, 0xfb, 0x80, 0xf8, 0x0,
    0x0, 0x74, 0x0, 0x14, 0x0, 0x0, 0x38, 0x0,
    0x0, 0x3, 0xff, 0xff, 0xff, 0xc0, 0x1, 0x55,
    0x7d, 0x55, 0x40, 0x0, 0x0, 0x38, 0x0, 0x0,
    0x0, 0x0, 0x3c, 0x0, 0x0, 0x3f, 0xff, 0xff,
    0xff, 0xfc,

    /* U+590D "复" */
    0x0, 0x24, 0x0, 0x0, 0x0, 0x1, 0xc0, 0x0,
    0x0, 0x0, 0xf, 0xff, 0xff, 0xff, 0x0, 0xf5,
    0x55, 0x55, 0x54, 0xf, 0x0, 0x0, 0x0, 0x0,
    0xb2, 0xff, 0xff, 0xff, 0x0, 0xa, 0x0, 0x0,
    0x3c, 0x0, 0x2f, 0xff, 0xfd, 0xf0, 0x0, 0xb0,
    0x0, 0x3, 0xc0, 0x2, 0xd5, 0x55, 0x5f, 0x0,
    0xb, 0xff, 0xff, 0xf8, 0x0, 0x3, 0x80, 0x0,
    0x0, 0x0, 0x7f, 0xff, 0xff, 0x0, 0xb, 0xd0,
    0x0, 0xb8, 0x0, 0xf5, 0xe0, 0xf, 0x40, 0x0,
    0x0, 0xff, 0xe0, 0x0, 0x0, 0x1b, 0xff, 0xe4,
    0x0, 0xff, 0xf9, 0x6, 0xff, 0xe1, 0x50, 0x0,
    0x0, 0x1, 0x0,

    /* U+591A "多" */
    0x0, 0x1, 0x90, 0x0, 0x0, 0x0, 0x7c, 0x0,
    0x0, 0x0, 0x2f, 0xff, 0xf8, 0x0, 0x1f, 0x40,
    0xf, 0x0, 0x1f, 0xf4, 0x2, 0xd0, 0x3, 0x81,
    0xf0, 0xb4, 0x0, 0x0, 0x3, 0xfc, 0x0, 0x0,
    0x0, 0x7e, 0x78, 0x0, 0x0, 0x7f, 0x1f, 0x0,
    0x2, 0xfe, 0xb, 0xff, 0xfe, 0x39, 0x7, 0xd0,
    0x3, 0xc0, 0x7, 0xf8, 0x0, 0x78, 0x3, 0xe2,
    0xf0, 0x1e, 0x0, 0x10, 0x3, 0xd7, 0x80, 0x0,
    0x0, 0xf, 0xe0, 0x0, 0x0, 0x7, 0xf4, 0x0,
    0x0, 0x1b, 0xf4, 0x0, 0x0, 0xff, 0xe0, 0x0,
    0x0, 0x5, 0x40, 0x0, 0x0, 0x0,

    /* U+591C "夜" */
    0x0, 0x0, 0x24, 0x0, 0x0, 0x0, 0x0, 0x3c,
    0x0, 0x0, 0x15, 0x55, 0x6f, 0x55, 0x54, 0x2f,
    0xff, 0xff, 0xff, 0xfc, 0x0, 0x1c, 0x3, 0x40,
    0x0, 0x0, 0x38, 0x7, 0x0, 0x0, 0x0, 0xb0,
    0xf, 0xff, 0xf0, 0x1, 0xf0, 0x2f, 0x55, 0xf0,
    0x3, 0xd0, 0x77, 0xc0, 0xe0, 0xf, 0xd1, 0xf4,
    0xb1, 0xc0, 0x3d, 0xd7, 0xac, 0x2f, 0x80, 0x24,
    0xd1, 0xe, 0xf, 0x0, 0x0, 0xd0, 0x7, 0x6d,
    0x0, 0x0, 0xd0, 0x2, 0xf4, 0x0, 0x0, 0xd0,
    0x3, 0xf8, 0x0, 0x0, 0xd0, 0x2f, 0x1f, 0x40,
    0x0, 0xd2, 0xf8, 0x2, 0xf8, 0x0, 0xd3, 0x40,
    0x0, 0x2c, 0x0, 0x0, 0x0, 0x0, 0x0,

    /* U+5929 "天" */
    0x5, 0x55, 0x55, 0x55, 0x50, 0xf, 0xff, 0xff,
    0xff, 0xf0, 0x0, 0x0, 0x38, 0x0, 0x0, 0x0,
    0x0, 0x38, 0x0, 0x0, 0x0, 0x0, 0x38, 0x0,
    0x0, 0x0, 0x0, 0x38, 0x0, 0x0, 0x0, 0x0,
    0x38, 0x0, 0x0, 0x2f, 0xff, 0xff, 0xff, 0xfc,
    0x5, 0x55, 0xfe, 0x55, 0x54, 0x0, 0x0, 0xbe,
    0x0, 0x0, 0x0, 0x0, 0xeb, 0x0, 0x0, 0x0,
    0x2, 0xc3, 0x80, 0x0, 0x0, 0xb, 0x81, 0xe0,
    0x0, 0x0, 0x1f, 0x0, 0xb4, 0x0, 0x0, 0xbc,
    0x0, 0x2e, 0x0, 0x7, 0xe0, 0x0, 0xb, 0xe0,
    0x3f, 0x40, 0x0, 0x0, 0xfc, 0x4, 0x0, 0x0,
    0x0, 0x4,

    /* U+5BC6 "密" */
    0x0, 0x0, 0x34, 0x0, 0x0, 0x0, 0x0, 0xe0,
    0x0, 0x1, 0xff, 0xff, 0xff, 0xff, 0x47, 0x55,
    0x55, 0x55, 0x5d, 0x1c, 0x2, 0xe0, 0x24, 0x34,
    0x70, 0x10, 0xf2, 0xd0, 0xc0, 0x28, 0xd0, 0x6d,
    0x70, 0x1, 0xd3, 0x47, 0xc0, 0xf0, 0xe, 0xe,
    0xf8, 0xc, 0xf0, 0xb0, 0x7f, 0x0, 0x70, 0xe0,
    0x6f, 0xff, 0xff, 0x80, 0xf, 0xe0, 0x15, 0x50,
    0x0, 0x0, 0x0, 0x38, 0x0, 0x0, 0xa, 0x0,
    0xe0, 0xe, 0x0, 0x38, 0x3, 0x80, 0x38, 0x0,
    0xe0, 0xe, 0x0, 0xe0, 0x3, 0xff, 0xff, 0xff,
    0xc0, 0xa, 0xaa, 0xaa, 0xae, 0x0,

    /* U+5C07 "將" */
    0x0, 0x28, 0x0, 0x60, 0x0, 0x1c, 0x2c, 0x0,
    0xf0, 0x0, 0x1c, 0x2c, 0x7, 0xff, 0xf0, 0x1c,
    0x2c, 0x1f, 0x80, 0xf0, 0x1c, 0x2d, 0xf4, 0xf2,
    0xc0, 0x1c, 0x2d, 0xb8, 0x2f, 0x40, 0x1f, 0xfc,
    0xf, 0x2d, 0x0, 0x5, 0x7c, 0x3, 0xf4, 0x0,
    0x0, 0x2c, 0x1f, 0x83, 0x80, 0x0, 0x2c, 0xf4,
    0x3, 0x80, 0x2a, 0xbd, 0x95, 0x57, 0xd4, 0x3f,
    0xfe, 0xff, 0xff, 0xfc, 0xc, 0x2c, 0x0, 0x3,
    0x80, 0xc, 0x2c, 0x3c, 0x3, 0x80, 0x1c, 0x2c,
    0xf, 0x3, 0x80, 0x2c, 0x2c, 0x2, 0x3, 0x80,
    0x38, 0x2c, 0x0, 0x57, 0x40, 0x30, 0x2c, 0x0,
    0xbf, 0x0, 0x0, 0x0, 0x0, 0x0, 0x0,

    /* U+5C0F "小" */
    0x0, 0x0, 0x0, 0x0, 0x0, 0x0, 0x0, 0x2c,
    0x0, 0x0, 0x0, 0x0, 0x2c, 0x0, 0x0, 0x0,
    0x0, 0x2c, 0x0, 0x0, 0x0, 0x0, 0x2c, 0x0,
    0x0, 0x0, 0x40, 0x2c, 0x1, 0x0, 0x0, 0xe0,
    0x2c, 0xb, 0x0, 0x1, 0xd0, 0x2c, 0x3, 0x80,
    0x2, 0xc0, 0x2c, 0x2, 0xc0, 0x3, 0x80, 0x2c,
    0x0, 0xe0, 0x7, 0x40, 0x2c, 0x0, 0xb0, 0xf,
    0x0, 0x2c, 0x0, 0x38, 0x1d, 0x0, 0x2c, 0x0,
    0x3c, 0x3c, 0x0, 0x2c, 0x0, 0x1d, 0x10, 0x0,
    0x2c, 0x0, 0xc, 0x0, 0x0, 0x2c, 0x0, 0x0,
    0x0, 0x0, 0x2c, 0x0, 0x0, 0x0, 0x5, 0xbc,
    0x0, 0x0, 0x0, 0xf, 0xf4, 0x0, 0x0, 0x0,
    0x0, 0x0, 0x0, 0x0,

    /* U+5C3C "尼" */
    0xb, 0xff, 0xff, 0xff, 0x0, 0xb5, 0x55, 0x55,
    0xb0, 0xb, 0x0, 0x0, 0x7, 0x0, 0xb0, 0x0,
    0x0, 0x70, 0xb, 0x55, 0x55, 0x5b, 0x0, 0xbf,
    0xff, 0xff, 0xf0, 0xb, 0x0, 0x0, 0x0, 0x0,
    0xb0, 0xe0, 0x0, 0x0, 0xb, 0xe, 0x0, 0x9,
    0x0, 0xe0, 0xe0, 0x1f, 0xe0, 0xe, 0xe, 0x2f,
    0xd0, 0x0, 0xe0, 0xff, 0x80, 0x0, 0xd, 0xf,
    0x40, 0x0, 0x1, 0xc0, 0xe0, 0x0, 0xc, 0x2c,
    0xe, 0x0, 0x1, 0xc3, 0x80, 0xf9, 0x55, 0x7c,
    0xb0, 0x7, 0xff, 0xff, 0x1, 0x0, 0x0, 0x0,
    0x0,

    /* U+5C4F "屏" */
    0x7, 0xff, 0xff, 0xff, 0xe0, 0x1d, 0x55, 0x55,
    0x57, 0x80, 0x70, 0x0, 0x0, 0xe, 0x1, 0xd5,
    0x55, 0x55, 0x78, 0x7, 0xff, 0xff, 0xff, 0xe0,
    0x1c, 0x9, 0x0, 0x28, 0x0, 0x70, 0x2c, 0x0,
    0xe0, 0x1, 0xc5, 0x65, 0x5f, 0x54, 0x7, 0x3f,
    0xff, 0xff, 0xf0, 0x2c, 0x3, 0x80, 0xb0, 0x0,
    0xb0, 0xd, 0x2, 0xc0, 0x3, 0x85, 0x7d, 0x5f,
    0x55, 0xe, 0xbf, 0xff, 0xff, 0xfc, 0x74, 0xb,
    0x0, 0xb0, 0x2, 0xc0, 0x78, 0x2, 0xc0, 0xe,
    0xb, 0x80, 0xb, 0x0, 0x30, 0x74, 0x0, 0x2c,
    0x0, 0x0, 0x0, 0x0, 0x0, 0x0,

    /* U+5CF6 "島" */
    0x0, 0x1, 0x80, 0x0, 0x0, 0x10, 0x3c, 0x0,
    0x0, 0x7, 0xff, 0xff, 0xfc, 0x0, 0x70, 0x0,
    0x2, 0xc0, 0x7, 0xff, 0xff, 0xfc, 0x0, 0x70,
    0x0, 0x2, 0xc0, 0x7, 0x0, 0x0, 0x2c, 0x0,
    0x7f, 0xff, 0xff, 0xc0, 0x7, 0x0, 0x0, 0x0,
    0x0, 0x75, 0x55, 0x55, 0x55, 0x7, 0xff, 0xff,
    0xff, 0xe0, 0x70, 0x0, 0x0, 0x0, 0xb, 0xff,
    0xff, 0xff, 0xd0, 0x1, 0xc0, 0x0, 0x1d, 0x34,
    0x1c, 0xa, 0x1, 0xc3, 0x41, 0xc0, 0xa0, 0x2c,
    0x3f, 0xff, 0xff, 0x7, 0x81, 0x55, 0x55, 0xef,
    0xf0, 0x0, 0x0, 0x0, 0x0, 0x0,

    /* U+5DE6 "左" */
    0x0, 0x2, 0x80, 0x0, 0x0, 0x0, 0xe, 0x0,
    0x0, 0x0, 0x0, 0x38, 0x0, 0x0, 0x0, 0x2,
    0xd0, 0x0, 0x0, 0x3f, 0xff, 0xff, 0xff, 0xf4,
    0x15, 0x7d, 0x55, 0x55, 0x40, 0x0, 0xe0, 0x0,
    0x0, 0x0, 0x7, 0x0, 0x0, 0x0, 0x0, 0x3c,
    0x0, 0x0, 0x0, 0x0, 0xea, 0xaa, 0xaa, 0x80,
    0xb, 0x7f, 0xff, 0xff, 0x0, 0x38, 0x0, 0xe0,
    0x0, 0x2, 0xc0, 0x3, 0x80, 0x0, 0x1d, 0x0,
    0xe, 0x0, 0x0, 0xe0, 0x0, 0x38, 0x0, 0xf,
    0x0, 0x0, 0xe0, 0x0, 0x30, 0x2a, 0xab, 0xea,
    0xa8, 0x1, 0xff, 0xff, 0xff, 0xf0,

    /* U+5DF2 "已" */
    0xaa, 0xaa, 0xaa, 0xa4, 0xf, 0xff, 0xff, 0xff,
    0x80, 0x0, 0x0, 0x0, 0x38, 0x0, 0x0, 0x0,
    0x3, 0x80, 0x38, 0x0, 0x0, 0x38, 0x3, 0x80,
    0x0, 0x3, 0x80, 0x38, 0x0, 0x0, 0x38, 0x3,
    0xff, 0xff, 0xff, 0x80, 0x3e, 0xaa, 0xaa, 0xb8,
    0x3, 0x80, 0x0, 0x1, 0x40, 0x38, 0x0, 0x0,
    0x0, 0x3, 0x80, 0x0, 0x0, 0x0, 0x38, 0x0,
    0x0, 0x1, 0xc3, 0x80, 0x0, 0x0, 0x2c, 0x38,
    0x0, 0x0, 0x3, 0xc2, 0xe9, 0x55, 0x56, 0xf4,
    0xb, 0xff, 0xff, 0xfd, 0x0,

    /* U+5E55 "幕" */
    0x0, 0x8, 0x0, 0x60, 0x0, 0x5, 0x5e, 0x41,
    0xb5, 0x50, 0x2f, 0xff, 0xeb, 0xff, 0xfc, 0x0,
    0xd, 0x0, 0x70, 0x0, 0x2, 0xff, 0xff, 0xff,
    0x80, 0x2, 0xc0, 0x0, 0x3, 0x80, 0x2, 0xff,
    0xff, 0xff, 0x80, 0x2, 0xc0, 0x0, 0x3, 0x80,
    0x2, 0xc0, 0x0, 0x3, 0x80, 0x1, 0xff, 0xff,
    0xff, 0x80, 0x15, 0x5b, 0x95, 0x55, 0x54, 0x3f,
    0xff, 0xff, 0xff, 0xfc, 0x0, 0x78, 0x14, 0x2d,
    0x0, 0x3, 0xf5, 0x7d, 0x5f, 0x80, 0x2e, 0xff,
    0xff, 0xff, 0xbc, 0x10, 0xe0, 0x38, 0x7, 0x4,
    0x0, 0xe0, 0x38, 0xb, 0x0, 0x0, 0xe0, 0x38,
    0x7e, 0x0, 0x0, 0x0, 0x0, 0x0, 0x0,

    /* U+5E74 "年" */
    0x0, 0x60, 0x0, 0x0, 0x0, 0x3, 0x80, 0x0,
    0x0, 0x0, 0x1e, 0x55, 0x55, 0x54, 0x0, 0xff,
    0xff, 0xff, 0xf4, 0xb, 0x0, 0x2c, 0x0, 0x0,
    0x78, 0x0, 0xb0, 0x0, 0x7, 0x80, 0x2, 0xc0,
    0x0, 0x8, 0xbf, 0xff, 0xff, 0xf0, 0x2, 0xd5,
    0x7d, 0x55, 0x40, 0xb, 0x0, 0xb0, 0x0, 0x0,
    0x2c, 0x2, 0xc0, 0x0, 0x0, 0xb0, 0xb, 0x0,
    0x0, 0xab, 0xea, 0xbe, 0xaa, 0xa2, 0xff, 0xff,
    0xff, 0xff, 0xc0, 0x0, 0x2, 0xc0, 0x0, 0x0,
    0x0, 0xb, 0x0, 0x0, 0x0, 0x0, 0x2c, 0x0,
    0x0, 0x0, 0x0, 0xb0, 0x0, 0x0,

    /* U+5EA6 "度" */
    0x0, 0x0, 0x0, 0x0, 0x0, 0x0, 0x0, 0x1c,
    0x0, 0x0, 0x0, 0x0, 0xe, 0x0, 0x0, 0x7,
    0xff, 0xff, 0xff, 0xfc, 0x7, 0x55, 0x55, 0x55,
    0x54, 0x7, 0x0, 0xc0, 0xd, 0x0, 0x7, 0x1,
    0xd0, 0xe, 0x0, 0x7, 0xbf, 0xff, 0xff, 0xf8,
    0x7, 0x1, 0xd0, 0xe, 0x0, 0xb, 0x1, 0xc0,
    0xe, 0x0, 0xb, 0x1, 0xff, 0xfe, 0x0, 0xb,
    0x0, 0x55, 0x54, 0x0, 0xb, 0x15, 0x55, 0x55,
    0x40, 0xa, 0x3f, 0xff, 0xff, 0xc0, 0xe, 0x3,
    0x80, 0x7, 0x40, 0xd, 0x0, 0xf0, 0x2d, 0x0,
    0x1c, 0x0, 0x3f, 0xf4, 0x0, 0x2c, 0x1, 0xbf,
    0xf9, 0x0, 0x38, 0xff, 0xe0, 0x2f, 0xf8, 0x10,
    0x50, 0x0, 0x0, 0x54,

    /* U+5EFF "廿" */
    0x0, 0xe0, 0x0, 0x38, 0x0, 0x3, 0x80, 0x0,
    0xe0, 0x0, 0xe, 0x0, 0x3, 0x80, 0x0, 0x38,
    0x0, 0xe, 0x0, 0x0, 0xe0, 0x0, 0x38, 0x2,
    0xff, 0xff, 0xff, 0xff, 0xd6, 0xaf, 0xaa, 0xab,
    0xea, 0x0, 0x38, 0x0, 0xe, 0x0, 0x0, 0xe0,
    0x0, 0x38, 0x0, 0x3, 0x80, 0x0, 0xe0, 0x0,
    0xe, 0x0, 0x3, 0x80, 0x0, 0x38, 0x0, 0xe,
    0x0, 0x0, 0xe0, 0x0, 0x38, 0x0, 0x3, 0x80,
    0x0, 0xe0, 0x0, 0xe, 0x0, 0x3, 0x80, 0x0,
    0x3e, 0xaa, 0xae, 0x0, 0x0, 0xff, 0xff, 0xf8,
    0x0, 0x3, 0x80, 0x0, 0xe0, 0x0,

    /* U+5F0F "式" */
    0x0, 0x0, 0x6, 0x4, 0x0, 0x0, 0x0, 0x2c,
    0x78, 0x0, 0x0, 0x0, 0xb0, 0x3c, 0x0, 0x0,
    0x2, 0xc0, 0x50, 0xff, 0xff, 0xff, 0xff, 0xf1,
    0x55, 0x55, 0x7e, 0x55, 0x40, 0x0, 0x0, 0x70,
    0x0, 0x0, 0x0, 0x0, 0xd0, 0x0, 0x2a, 0xaa,
    0x93, 0x40, 0x0, 0xff, 0xff, 0x8e, 0x0, 0x0,
    0xb, 0x0, 0x3c, 0x0, 0x0, 0x2c, 0x0, 0xb0,
    0x0, 0x0, 0xb0, 0x1, 0xd0, 0x0, 0x2, 0xc0,
    0x3, 0x80, 0x80, 0xb, 0x1b, 0xb, 0x3, 0x45,
    0xbf, 0xe4, 0xe, 0x1c, 0xbf, 0x90, 0x0, 0x2f,
    0xf0, 0x0, 0x0, 0x0, 0x2f, 0x40,

    /* U+5F80 "往" */
    0x0, 0x10, 0x1, 0x40, 0x0, 0x0, 0xf0, 0x2,
    0xc0, 0x0, 0x2, 0xd0, 0x0, 0xe0, 0x0, 0xb,
    0x40, 0x0, 0xa0, 0x0, 0x3d, 0x3, 0xff, 0xff,
    0xf8, 0x10, 0x36, 0xaa, 0xfa, 0xa4, 0x0, 0xb0,
    0x0, 0xe0, 0x0, 0x2, 0xd0, 0x0, 0xe0, 0x0,
    0x7, 0xc0, 0x0, 0xe0, 0x0, 0x2f, 0xc0, 0x0,
    0xe0, 0x0, 0x39, 0xc1, 0xff, 0xff, 0xf0, 0x11,
    0xc0, 0x55, 0xf5, 0x50, 0x1, 0xc0, 0x0, 0xe0,
    0x0, 0x1, 0xc0, 0x0, 0xe0, 0x0, 0x1, 0xc0,
    0x0, 0xe0, 0x0, 0x1, 0xc0, 0x0, 0xe0, 0x0,
    0x1, 0xc6, 0xaa, 0xfa, 0xa8, 0x1, 0xcb, 0xff,
    0xff, 0xfc,

    /* U+5F85 "待" */
    0x0, 0x20, 0x0, 0x90, 0x0, 0x0, 0xf0, 0x0,
    0xe0, 0x0, 0x3, 0xc0, 0x0, 0xf0, 0x0, 0xf,
    0x1, 0xff, 0xff, 0xf0, 0x3c, 0x0, 0x0, 0xe0,
    0x0, 0x0, 0x38, 0x0, 0xe0, 0x0, 0x0, 0xf1,
    0x55, 0xf5, 0x54, 0x2, 0xdb, 0xff, 0xff, 0xfc,
    0x7, 0xc0, 0x0, 0x3, 0x40, 0x2f, 0xc0, 0x0,
    0x3, 0x40, 0x39, 0xc1, 0x55, 0x5b, 0xd4, 0x11,
    0xc3, 0xff, 0xff, 0xfc, 0x1, 0xc0, 0x10, 0x3,
    0x40, 0x1, 0xc0, 0x78, 0x3, 0x40, 0x1, 0xc0,
    0x1d, 0x3, 0x40, 0x1, 0xc0, 0xa, 0x3, 0x40,
    0x1, 0xc0, 0x0, 0x57, 0x40, 0x1, 0xc0, 0x0,
    0xff, 0x0, 0x0, 0x0, 0x0, 0x0, 0x0,

    /* U+5F8C "後" */
    0x0, 0x0, 0x0, 0x0, 0x0, 0x0, 0x70, 0x2,
    0x80, 0x0, 0x1, 0xe0, 0xb, 0x40, 0x0, 0x3,
    0x80, 0x2d, 0x3, 0x80, 0x1e, 0x0, 0xb4, 0xf,
    0x0, 0x38, 0x27, 0xff, 0xf8, 0x0, 0x0, 0x72,
    0x57, 0xd3, 0x40, 0x0, 0xe0, 0x1f, 0x2, 0xc0,
    0x3, 0xc0, 0xb8, 0x5, 0xf0, 0xb, 0xc7, 0xff,
    0xff, 0xf8, 0x2f, 0xc2, 0x5f, 0x0, 0x1c, 0x36,
    0xc0, 0x1e, 0x55, 0x40, 0x2, 0xc0, 0xbf, 0xff,
    0xd0, 0x2, 0xc2, 0xf8, 0x3, 0x80, 0x2, 0xcf,
    0xe, 0xf, 0x0, 0x2, 0xc0, 0x3, 0xf8, 0x0,
    0x2, 0xc0, 0xb, 0xf9, 0x0, 0x2, 0xc6, 0xfd,
    0xb, 0xe4, 0x2, 0xca, 0x40, 0x0, 0x6c,

    /* U+6062 "恢" */
    0x1, 0x40, 0x4, 0x0, 0x0, 0x2, 0x80, 0xc,
    0x0, 0x0, 0x2, 0x80, 0x1c, 0x0, 0x0, 0x2,
    0x80, 0x1c, 0x0, 0x0, 0x2, 0xe3, 0xff, 0xff,
    0xfc, 0x1e, 0xb5, 0x7d, 0x55, 0x54, 0x1e, 0x9c,
    0x38, 0xc, 0x0, 0x2a, 0x8c, 0x34, 0xc, 0x0,
    0x36, 0x84, 0x7a, 0xc, 0x24, 0x32, 0x80, 0xb7,
    0x1c, 0x34, 0x2, 0x80, 0xe3, 0x1c, 0x70, 0x2,
    0x81, 0xc3, 0x2c, 0xa0, 0x2, 0x82, 0xc3, 0x3c,
    0xc0, 0x2, 0x87, 0x40, 0x3d, 0x0, 0x2, 0x8f,
    0x0, 0x7b, 0x0, 0x2, 0x9c, 0x0, 0xe3, 0x40,
    0x2, 0x80, 0x3, 0xc1, 0xd0, 0x2, 0x80, 0x2e,
    0x0, 0xb8, 0x2, 0x80, 0x34, 0x0, 0x18,

    /* U+606F "息" */
    0x0, 0x0, 0x0, 0x0, 0x0, 0x0, 0x0, 0xe0,
    0x0, 0x0, 0x0, 0x7, 0x40, 0x0, 0x0, 0x3f,
    0xff, 0xff, 0xc0, 0x0, 0xd5, 0x55, 0x5b, 0x0,
    0x3, 0x40, 0x0, 0x2c, 0x0, 0xf, 0xff, 0xff,
    0xf0, 0x0, 0x34, 0x0, 0x1, 0xc0, 0x0, 0xd0,
    0x0, 0xb, 0x0, 0x3, 0xff, 0xff, 0xfc, 0x0,
    0xd, 0x0, 0x0, 0x70, 0x0, 0x3f, 0xff, 0xff,
    0xc0, 0x0, 0x55, 0x75, 0x55, 0x0, 0x0, 0x0,
    0xe0, 0x1, 0x0, 0x73, 0x80, 0xe0, 0x1d, 0x3,
    0x8e, 0x1, 0xc1, 0x3c, 0x1d, 0x38, 0x0, 0xd,
    0x34, 0xf0, 0xb5, 0x55, 0xb0, 0x90, 0x1, 0xff,
    0xff, 0x40, 0x0,

    /* U+624B "手" */
    0x0, 0x0, 0x0, 0x19, 0x0, 0x1, 0x5a, 0xbf,
    0xf8, 0x1, 0xff, 0xff, 0x90, 0x0, 0x0, 0x0,
    0x2c, 0x0, 0x0, 0x0, 0x0, 0xb0, 0x0, 0x0,
    0x0, 0x2, 0xc0, 0x0, 0x2, 0xff, 0xff, 0xff,
    0xfc, 0x1, 0x55, 0x7d, 0x55, 0x50, 0x0, 0x0,
    0xb0, 0x0, 0x0, 0x0, 0x2, 0xc0, 0x0, 0x5,
    0x55, 0x5f, 0x55, 0x55, 0x3f, 0xff, 0xff, 0xff,
    0xfc, 0x0, 0x0, 0xb0, 0x0, 0x0, 0x0, 0x2,
    0xc0, 0x0, 0x0, 0x0, 0xb, 0x0, 0x0, 0x0,
    0x0, 0x2c, 0x0, 0x0, 0x0, 0x55, 0xf0, 0x0,
    0x0, 0x2, 0xff, 0x40, 0x0, 0x0, 0x0, 0x0,
    0x0, 0x0, 0x0,

    /* U+6309 "按" */
    0x0, 0x0, 0x0, 0x0, 0x0, 0x1, 0xc0, 0x0,
    0xe0, 0x0, 0x1, 0xc0, 0x0, 0xb0, 0x0, 0x1,
    0xc0, 0x55, 0xf9, 0x54, 0x1, 0xc1, 0xff, 0xff,
    0xfc, 0x3f, 0xfd, 0xc0, 0x0, 0x2c, 0x17, 0xd5,
    0xc2, 0xc0, 0x2c, 0x1, 0xc0, 0x83, 0x80, 0x18,
    0x1, 0xc0, 0x7, 0x41, 0xc0, 0x1, 0xc1, 0x5f,
    0x57, 0xd4, 0x1, 0xc3, 0xff, 0xff, 0xfc, 0x2,
    0xfd, 0x2c, 0x3, 0x80, 0x3f, 0xe0, 0x38, 0x7,
    0x0, 0x26, 0xc0, 0xbc, 0xf, 0x0, 0x1, 0xc0,
    0x1b, 0xbc, 0x0, 0x1, 0xc0, 0x1, 0xfc, 0x0,
    0x1, 0xc0, 0x7, 0xef, 0x80, 0x16, 0xc1, 0xbe,
    0x1, 0xf8, 0x2f, 0x43, 0x90, 0x0, 0x24, 0x0,
    0x0, 0x0, 0x0, 0x0,

    /* U+63A5 "接" */
    0x0, 0x0, 0x0, 0x0, 0x0, 0x1, 0xc0, 0x0,
    0xf0, 0x0, 0x1, 0xc0, 0x0, 0xb4, 0x0, 0x1,
    0xc0, 0xff, 0xff, 0xf4, 0x1, 0xc0, 0x59, 0x56,
    0x90, 0x3f, 0xfc, 0x1c, 0x2, 0xc0, 0x17, 0xd4,
    0xe, 0x3, 0x40, 0x1, 0xc0, 0x6, 0xb, 0x0,
    0x1, 0xc2, 0xff, 0xff, 0xfc, 0x1, 0xc0, 0x56,
    0x95, 0x54, 0x1, 0xec, 0x3, 0x80, 0x80, 0x1b,
    0xf9, 0x5b, 0x96, 0xe4, 0x3f, 0xc3, 0xff, 0xff,
    0xfc, 0x1, 0xc0, 0x3c, 0x3, 0x80, 0x1, 0xc0,
    0xfe, 0xb, 0x0, 0x1, 0xc0, 0x7, 0xfd, 0x0,
    0x1, 0xc0, 0x1, 0xff, 0x40, 0x6, 0xc1, 0xbf,
    0x82, 0xf4, 0x1f, 0x41, 0xe4, 0x0, 0x34,

    /* U+6587 "文" */
    0x0, 0x0, 0x34, 0x0, 0x0, 0x0, 0x0, 0x3c,
    0x0, 0x0, 0x0, 0x0, 0x2d, 0x0, 0x0, 0x15,
    0x55, 0x5d, 0x55, 0x54, 0x3f, 0xff, 0xff, 0xff,
    0xfc, 0x0, 0xf0, 0x0, 0xf, 0x0, 0x0, 0x74,
    0x0, 0x1d, 0x0, 0x0, 0x3c, 0x0, 0x3c, 0x0,
    0x0, 0x1d, 0x0, 0x74, 0x0, 0x0, 0xb, 0x0,
    0xf0, 0x0, 0x0, 0x3, 0xc2, 0xc0, 0x0, 0x0,
    0x1, 0xeb, 0x40, 0x0, 0x0, 0x0, 0x7e, 0x0,
    0x0, 0x0, 0x0, 0xbf, 0x0, 0x0, 0x0, 0x7,
    0xd7, 0xd0, 0x0, 0x0, 0x7f, 0x0, 0xfd, 0x0,
    0x7, 0xf4, 0x0, 0x1f, 0xe0, 0x3f, 0x40, 0x0,
    0x1, 0xfc, 0x10, 0x0, 0x0, 0x0, 0x0,

    /* U+6599 "料" */
    0x0, 0x40, 0x0, 0x1, 0x0, 0x0, 0xd0, 0x0,
    0x3, 0x80, 0x34, 0xd2, 0x85, 0x3, 0x80, 0x28,
    0xd3, 0x47, 0x83, 0x80, 0x1c, 0xd3, 0x1, 0xe3,
    0x80, 0xc, 0xd7, 0x0, 0x63, 0x80, 0xc, 0xd9,
    0x0, 0x3, 0x80, 0x0, 0xe0, 0x0, 0x3, 0x80,
    0x3f, 0xff, 0xed, 0x3, 0x80, 0x17, 0xf5, 0x7,
    0x83, 0x80, 0x3, 0xf4, 0x0, 0x83, 0x80, 0x3,
    0xfc, 0x0, 0x3, 0x80, 0xa, 0xdb, 0x0, 0x7,
    0xfc, 0x1c, 0xd3, 0x5b, 0xff, 0xd4, 0x38, 0xd0,
    0x3a, 0x43, 0x80, 0x30, 0xd0, 0x0, 0x3, 0x80,
    0x0, 0xd0, 0x0, 0x3, 0x80, 0x0, 0xd0, 0x0,
    0x3, 0x80, 0x0, 0xd0, 0x0, 0x3, 0x80,

    /* U+65B0 "新" */
    0x0, 0x0, 0x0, 0x0, 0x0, 0x0, 0x70, 0x0,
    0x0, 0x60, 0x0, 0x38, 0x0, 0x6b, 0xf4, 0x2f,
    0xff, 0xf3, 0xf9, 0x0, 0x17, 0x56, 0x92, 0xc0,
    0x0, 0x3, 0x3, 0x82, 0xc0, 0x0, 0x3, 0x43,
    0x42, 0xc0, 0x0, 0x16, 0x5b, 0x52, 0xd5, 0x54,
    0x3f, 0xff, 0xf6, 0xff, 0xfc, 0x0, 0x34, 0x2,
    0xc2, 0xc0, 0x0, 0x34, 0x2, 0x82, 0xc0, 0x3f,
    0xff, 0xf6, 0x82, 0xc0, 0x15, 0xfe, 0x53, 0x82,
    0xc0, 0x1, 0xff, 0x3, 0x42, 0xc0, 0x3, 0x76,
    0xc3, 0x42, 0xc0, 0xe, 0x34, 0xe7, 0x2, 0xc0,
    0x3c, 0x34, 0xb, 0x2, 0xc0, 0x20, 0x34, 0x1d,
    0x2, 0xc0, 0x0, 0x34, 0x1c, 0x2, 0xc0, 0x0,
    0x0, 0x0, 0x0, 0x0,

    /* U+65B9 "方" */
    0x0, 0x0, 0x0, 0x0, 0x0, 0x0, 0x0, 0xe0,
    0x0, 0x0, 0x0, 0x2, 0xc0, 0x0, 0x0, 0x0,
    0x3, 0x80, 0x0, 0x15, 0x55, 0x5e, 0x55, 0x54,
    0xbf, 0xff, 0xff, 0xff, 0xe0, 0x0, 0x34, 0x0,
    0x0, 0x0, 0x1, 0xd0, 0x0, 0x0, 0x0, 0x7,
    0x0, 0x0, 0x0, 0x0, 0x2e, 0xaa, 0xa9, 0x0,
    0x0, 0xbf, 0xff, 0xf8, 0x0, 0x3, 0x80, 0x0,
    0xe0, 0x0, 0xd, 0x0, 0x3, 0x80, 0x0, 0xb0,
    0x0, 0xd, 0x0, 0x3, 0x80, 0x0, 0x74, 0x0,
    0x3c, 0x0, 0x1, 0xc0, 0x2, 0xd0, 0x0, 0xb,
    0x0, 0x3e, 0x0, 0x15, 0x78, 0x2, 0xd0, 0x0,
    0xff, 0x80, 0x0, 0x0, 0x0, 0x0, 0x0,

    /* U+65E0 "无" */
    0x5, 0x55, 0x55, 0x55, 0x50, 0xb, 0xff, 0xff,
    0xff, 0xf0, 0x0, 0x0, 0x34, 0x0, 0x0, 0x0,
    0x0, 0x34, 0x0, 0x0, 0x0, 0x0, 0x74, 0x0,
    0x0, 0x0, 0x0, 0x70, 0x0, 0x0, 0x2a, 0xaa,
    0xfa, 0xaa, 0xa8, 0x3f, 0xff, 0xff, 0xff, 0xfc,
    0x0, 0x0, 0xef, 0x0, 0x0, 0x0, 0x0, 0xdf,
    0x0, 0x0, 0x0, 0x2, 0xcf, 0x0, 0x0, 0x0,
    0x3, 0x8f, 0x0, 0x0, 0x0, 0xf, 0xf, 0x0,
    0x0, 0x0, 0x2d, 0xf, 0x0, 0x1c, 0x0, 0xf4,
    0xf, 0x0, 0x1c, 0xb, 0xd0, 0xb, 0x95, 0xbc,
    0x3e, 0x0, 0x3, 0xff, 0xf4, 0x0, 0x0, 0x0,
    0x0, 0x0,

    /* U+65E5 "日" */
    0x15, 0x55, 0x55, 0x5b, 0xff, 0xff, 0xfe, 0xb0,
    0x0, 0x0, 0xeb, 0x0, 0x0, 0xe, 0xb0, 0x0,
    0x0, 0xeb, 0x0, 0x0, 0xe, 0xb0, 0x0, 0x0,
    0xeb, 0xaa, 0xaa, 0xae, 0xbf, 0xff, 0xff, 0xeb,
    0x0, 0x0, 0xe, 0xb0, 0x0, 0x0, 0xeb, 0x0,
    0x0, 0xe, 0xb0, 0x0, 0x0, 0xeb, 0x0, 0x0,
    0xe, 0xb5, 0x55, 0x55, 0xeb, 0xff, 0xff, 0xfe,
    0xb0, 0x0, 0x0, 0xe0,

    /* U+661F "星" */
    0xb, 0xff, 0xff, 0xfe, 0x0, 0xb0, 0x0, 0x0,
    0xe0, 0xb, 0x0, 0x0, 0xe, 0x0, 0xbf, 0xff,
    0xff, 0xe0, 0xb, 0x0, 0x0, 0xe, 0x0, 0xb0,
    0x0, 0x0, 0xe0, 0xb, 0xff, 0xff, 0xfe, 0x0,
    0x2c, 0x6, 0x0, 0x0, 0x3, 0x80, 0xb0, 0x0,
    0x0, 0xff, 0xff, 0xff, 0xf8, 0x2d, 0x55, 0xf5,
    0x55, 0xb, 0x40, 0xb, 0x0, 0x0, 0x3, 0xff,
    0xff, 0xfd, 0x0, 0x15, 0x5f, 0x55, 0x40, 0x0,
    0x0, 0xb0, 0x0, 0x0, 0x0, 0xb, 0x0, 0x0,
    0xbf, 0xff, 0xff, 0xff, 0xf0,

    /* U+6674 "晴" */
    0x0, 0x0, 0x1, 0xc0, 0x0, 0x95, 0x0, 0xb,
    0x40, 0x7, 0xfe, 0x3f, 0xff, 0xff, 0x1c, 0x28,
    0x0, 0x70, 0x0, 0x70, 0xa1, 0xff, 0xff, 0xd1,
    0xc2, 0x80, 0xb, 0x0, 0x7, 0xa, 0x6a, 0xbe,
    0xaa, 0x1f, 0xf9, 0xaa, 0xaa, 0xa8, 0x7a, 0xe0,
    0x0, 0x0, 0x1, 0xc2, 0x87, 0xff, 0xff, 0x7,
    0xa, 0x1d, 0x0, 0x2c, 0x1c, 0x28, 0x70, 0x0,
    0xb0, 0x70, 0xa1, 0xff, 0xff, 0xc1, 0xeb, 0x87,
    0x0, 0x7, 0x7, 0x54, 0x1f, 0xff, 0xfc, 0x1c,
    0x0, 0x70, 0x0, 0xb0, 0x0, 0x1, 0xc0, 0x2,
    0xc0, 0x0, 0x7, 0x0, 0xbe, 0x0,

    /* U+66AB "暫" */
    0x0, 0xd0, 0x0, 0x0, 0x41, 0xab, 0xea, 0x1e,
    0xff, 0x5, 0x6e, 0x54, 0xb5, 0x0, 0xf, 0xff,
    0xe1, 0xc0, 0x0, 0x30, 0xd1, 0xcb, 0x55, 0x50,
    0xff, 0xff, 0x2f, 0xff, 0xc3, 0x5e, 0x6c, 0xa0,
    0xb0, 0x5, 0xb9, 0x53, 0x82, 0xc0, 0xff, 0xff,
    0xcd, 0xb, 0x0, 0x7, 0x80, 0xf0, 0x2c, 0x0,
    0x4, 0x0, 0x0, 0x10, 0x1, 0xff, 0xff, 0xff,
    0x40, 0x7, 0x40, 0x0, 0x1d, 0x0, 0x1c, 0x0,
    0x0, 0x34, 0x0, 0x7f, 0xff, 0xff, 0xd0, 0x1,
    0xc0, 0x0, 0x3, 0x40, 0x7, 0x40, 0x0, 0x1d,
    0x0, 0x1f, 0xff, 0xff, 0xf4, 0x0, 0x0, 0x0,
    0x0, 0x0, 0x0,

    /* U+66B4 "暴" */
    0x0, 0x0, 0x0, 0x0, 0x0, 0x2, 0xff, 0xff,
    0xff, 0xc0, 0x2, 0xc0, 0x0, 0x2, 0xc0, 0x2,
    0xff, 0xff, 0xff, 0xc0, 0x2, 0xc0, 0x0, 0x2,
    0xc0, 0x2, 0xd5, 0x55, 0x57, 0xc0, 0x1, 0xaf,
    0xaa, 0xfa, 0x80, 0x0, 0xe, 0x0, 0x70, 0x0,
    0xf, 0xff, 0xff, 0xff, 0xf0, 0x0, 0xe, 0x0,
    0xb0, 0x0, 0x1a, 0xaf, 0xaa, 0xfa, 0xa8, 0x1a,
    0xbf, 0xaa, 0xfe, 0xa8, 0x1, 0xf8, 0x1c, 0x1f,
    0x80, 0x2f, 0x9d, 0x1c, 0x38, 0xbc, 0x14, 0x6,
    0x5c, 0x60, 0x4, 0x0, 0x1b, 0x9e, 0xf4, 0x0,
    0x3, 0xf4, 0x2c, 0x1b, 0x80, 0x1, 0x3, 0xf8,
    0x0, 0x40, 0x0, 0x0, 0x0, 0x0, 0x0,

    /* U+66F4 "更" */
    0x1a, 0xaa, 0xaa, 0xaa, 0xa4, 0x2f, 0xff, 0xff,
    0xff, 0xf8, 0x0, 0x0, 0x2c, 0x0, 0x0, 0x3,
    0xff, 0xff, 0xff, 0xd0, 0x3, 0x95, 0x7d, 0x55,
    0xd0, 0x3, 0x80, 0x2c, 0x0, 0xd0, 0x3, 0x95,
    0x7d, 0x55, 0xd0, 0x3, 0xff, 0xff, 0xff, 0xd0,
    0x3, 0x80, 0x2c, 0x0, 0xd0, 0x3, 0x80, 0x3c,
    0x1, 0xd0, 0x3, 0xff, 0xff, 0xff, 0xd0, 0x0,
    0x90, 0x38, 0x0, 0x0, 0x0, 0xb4, 0xb0, 0x0,
    0x0, 0x0, 0x2f, 0xd0, 0x0, 0x0, 0x0, 0x1f,
    0xe4, 0x0, 0x0, 0x1b, 0xf9, 0x7f, 0xfa, 0x94,
    0x2e, 0x40, 0x1, 0x6f, 0xfc, 0x0, 0x0, 0x0,
    0x0, 0x0,

    /* U+6700 "最" */
    0x0, 0x0, 0x0, 0x0, 0x0, 0x1, 0xff, 0xff,
    0xff, 0xc0, 0x1, 0xc0, 0x0, 0x2, 0xc0, 0x1,
    0xcf, 0xff, 0xf6, 0xc0, 0x1, 0xc0, 0x0, 0x2,
    0xc0, 0x1, 0xcf, 0xff, 0xf6, 0xc0, 0x1, 0xc0,
    0x0, 0x2, 0xc0, 0x5, 0x55, 0x55, 0x55, 0x50,
    0x3f, 0xff, 0xff, 0xff, 0xfc, 0x3, 0x40, 0xd0,
    0x0, 0x0, 0x3, 0xff, 0xdf, 0xff, 0xf0, 0x3,
    0x95, 0xd7, 0xd5, 0xf0, 0x3, 0x40, 0xd1, 0xc0,
    0xd0, 0x3, 0xff, 0xd0, 0xb3, 0x80, 0x3, 0x40,
    0xd0, 0x3f, 0x0, 0x3, 0x96, 0xd0, 0x7f, 0x0,
    0x3f, 0xfa, 0xd7, 0xd1, 0xe4, 0x0, 0x0, 0xed,
    0x0, 0x18,

    /* U+6708 "月" */
    0x0, 0xff, 0xff, 0xff, 0x80, 0x3e, 0xaa, 0xaa,
    0xe0, 0xe, 0x0, 0x0, 0x38, 0x3, 0x80, 0x0,
    0xe, 0x0, 0xe0, 0x0, 0x3, 0x80, 0x3f, 0xff,
    0xff, 0xe0, 0xf, 0x55, 0x55, 0x78, 0x3, 0x80,
    0x0, 0xe, 0x0, 0xe0, 0x0, 0x3, 0x80, 0x38,
    0x0, 0x0, 0xe0, 0x1f, 0xff, 0xff, 0xf8, 0xb,
    0x55, 0x55, 0x5e, 0x3, 0xc0, 0x0, 0x3, 0x81,
    0xd0, 0x0, 0x0, 0xe0, 0xf0, 0x0, 0x0, 0x38,
    0xf0, 0x0, 0xa, 0xae, 0x34, 0x0, 0x3, 0xfe,
    0x0, 0x0, 0x0, 0x0, 0x0,

    /* U+670D "服" */
    0x0, 0x0, 0x0, 0x0, 0x0, 0xb, 0xff, 0x4f,
    0xff, 0xf4, 0xb, 0x57, 0x4f, 0x55, 0x74, 0xa,
    0x3, 0x4e, 0x0, 0x34, 0xa, 0x3, 0x4e, 0x0,
    0x34, 0xb, 0xab, 0x4e, 0xb, 0xf4, 0xb, 0xff,
    0x4e, 0x1, 0x40, 0xa, 0x3, 0x4f, 0x0, 0x10,
    0xa, 0x3, 0x4f, 0xff, 0xfc, 0xa, 0x3, 0x4f,
    0xe0, 0x38, 0xb, 0x57, 0x4e, 0x70, 0x34, 0xf,
    0xff, 0x4e, 0x34, 0xb0, 0xd, 0x3, 0x4e, 0x2c,
    0xd0, 0xd, 0x3, 0x4e, 0xf, 0xc0, 0xc, 0x3,
    0x4e, 0xb, 0x80, 0x1c, 0x3, 0x4e, 0x1f, 0xd0,
    0x38, 0x17, 0x4e, 0xb4, 0x78, 0x24, 0x3f, 0xe,
    0x90, 0x1c, 0x0, 0x0, 0x0, 0x0, 0x0,

    /* U+671F "期" */
    0x2, 0x0, 0x80, 0x0, 0x0, 0x1c, 0x3, 0x47,
    0xff, 0xd0, 0xb0, 0x1d, 0x2e, 0xab, 0x4f, 0xff,
    0xff, 0xb0, 0xd, 0xb, 0x1, 0xd2, 0xc0, 0x34,
    0x1c, 0x3, 0x4b, 0x0, 0xd0, 0x7f, 0xfd, 0x2f,
    0xff, 0x41, 0xc0, 0x74, 0xb0, 0xd, 0x7, 0x0,
    0xd2, 0xc0, 0x34, 0x1f, 0xff, 0x4b, 0x0, 0xd0,
    0x75, 0x5d, 0x2e, 0xab, 0x41, 0xc0, 0x34, 0xbf,
    0xfd, 0x2f, 0xab, 0xf7, 0x80, 0x34, 0xaa, 0xaa,
    0xae, 0x0, 0xd0, 0x28, 0x30, 0x34, 0x3, 0x41,
    0xd0, 0xb1, 0xc0, 0xd, 0x1d, 0x0, 0xeb, 0x5,
    0x74, 0xe0, 0x0, 0x34, 0x1f, 0xc0, 0x0, 0x0,
    0x0, 0x0, 0x0,

    /* U+673A "机" */
    0x0, 0x60, 0x0, 0x0, 0x0, 0x0, 0xb0, 0x6,
    0x57, 0x40, 0x0, 0xb0, 0xf, 0xff, 0xc0, 0x0,
    0xb0, 0xe, 0x2, 0xc0, 0x15, 0xf5, 0x4e, 0x2,
    0xc0, 0x3f, 0xff, 0xce, 0x2, 0xc0, 0x0, 0xf0,
    0xe, 0x2, 0xc0, 0x0, 0xf0, 0xe, 0x2, 0xc0,
    0x2, 0xf8, 0xe, 0x2, 0xc0, 0x3, 0xbe, 0xd,
    0x2, 0xc0, 0xb, 0xb3, 0x8d, 0x2, 0xc0, 0xd,
    0xb1, 0x8c, 0x2, 0xc0, 0x3c, 0xb0, 0x1c, 0x2,
    0xc0, 0x30, 0xb0, 0x2c, 0x2, 0xc5, 0x0, 0xb0,
    0x34, 0x2, 0xc7, 0x0, 0xb0, 0xb0, 0x2, 0xc7,
    0x0, 0xb1, 0xd0, 0x2, 0xde, 0x0, 0xb1, 0x80,
    0x1, 0xfd, 0x0, 0x0, 0x0, 0x0, 0x0,

    /* U+6821 "校" */
    0x0, 0x80, 0x0, 0x80, 0x0, 0x0, 0xc0, 0x0,
    0xe0, 0x0, 0x0, 0xc0, 0x0, 0x70, 0x0, 0x0,
    0xc0, 0xff, 0xff, 0xf8, 0x16, 0xe4, 0xaa, 0xaa,
    0xa8, 0x2f, 0xfd, 0x5, 0x2, 0x0, 0x2, 0xd0,
    0xe, 0x3, 0xc0, 0x3, 0xf0, 0x3c, 0x0, 0xf0,
    0x3, 0xf4, 0xf4, 0x1, 0x78, 0xb, 0xed, 0xdd,
    0x3, 0x54, 0xd, 0xcd, 0xb, 0xb, 0x0, 0x1c,
    0xc0, 0x3, 0x4e, 0x0, 0x34, 0xc0, 0x2, 0xfc,
    0x0, 0x30, 0xc0, 0x0, 0xf4, 0x0, 0x0, 0xc0,
    0x2, 0xfd, 0x0, 0x0, 0xc0, 0xf, 0x4f, 0x80,
    0x0, 0xc0, 0xbc, 0x2, 0xf8, 0x0, 0xc1, 0xd0,
    0x0, 0x28, 0x0, 0x0, 0x0, 0x0, 0x0,

    /* U+683C "格" */
    0x0, 0x90, 0x1, 0x80, 0x0, 0x0, 0xd0, 0x3,
    0x80, 0x0, 0x0, 0xd0, 0x7, 0xea, 0xd0, 0x0,
    0xd0, 0xf, 0xab, 0xd0, 0x15, 0xf5, 0x3e, 0x2,
    0xc0, 0x3f, 0xff, 0xf7, 0x43, 0x40, 0x1, 0xe1,
    0xd2, 0xde, 0x0, 0x2, 0xf0, 0x0, 0xfc, 0x0,
    0x3, 0xfc, 0x1, 0xfd, 0x0, 0x7, 0xde, 0xf,
    0x8b, 0xd0, 0xa, 0xd2, 0xbd, 0x1, 0xfc, 0xc,
    0xd3, 0xff, 0xff, 0xf8, 0x38, 0xd0, 0x2d, 0x55,
    0xe0, 0x70, 0xd0, 0x2c, 0x0, 0xe0, 0x10, 0xd0,
    0x2c, 0x0, 0xe0, 0x0, 0xd0, 0x2c, 0x0, 0xe0,
    0x0, 0xd0, 0x2d, 0x55, 0xe0, 0x0, 0xd0, 0x2f,
    0xff, 0xe0,

    /* U+6B21 "次" */
    0x0, 0x0, 0x24, 0x0, 0x0, 0x0, 0x0, 0x74,
    0x0, 0x0, 0x2e, 0x0, 0xb0, 0x0, 0x0, 0x7,
    0xc0, 0xf5, 0x55, 0x60, 0x0, 0xe0, 0xff, 0xff,
    0xf8, 0x0, 0x2, 0xc0, 0x0, 0x70, 0x0, 0x3,
    0xc2, 0xc0, 0xb0, 0x0, 0xb, 0x42, 0xc0, 0xd0,
    0x0, 0xe, 0x3, 0xc2, 0xc0, 0x0, 0x0, 0x3,
    0xc0, 0x40, 0x0, 0xb0, 0x3, 0xd0, 0x0, 0x1,
    0xe0, 0x7, 0xf0, 0x0, 0x3, 0xc0, 0xb, 0x70,
    0x0, 0xb, 0x40, 0x1e, 0x3c, 0x0, 0x1e, 0x0,
    0x3c, 0x1e, 0x0, 0x3c, 0x0, 0xf0, 0xb, 0x40,
    0x0, 0x7, 0xd0, 0x2, 0xe0, 0x0, 0x3f, 0x0,
    0x0, 0x7c, 0x0, 0x4, 0x0, 0x0, 0x0,

    /* U+6B63 "正" */
    0x15, 0x55, 0x55, 0x55, 0x50, 0xff, 0xff, 0xff,
    0xff, 0x80, 0x0, 0x3, 0x80, 0x0, 0x0, 0x0,
    0xe, 0x0, 0x0, 0x0, 0x0, 0x38, 0x0, 0x0,
    0x0, 0x0, 0xe0, 0x0, 0x0, 0x34, 0x3, 0x80,
    0x0, 0x0, 0xd0, 0xf, 0xaa, 0x90, 0x3, 0x40,
    0x3f, 0xff, 0xc0, 0xd, 0x0, 0xe0, 0x0, 0x0,
    0x34, 0x3, 0x80, 0x0, 0x0, 0xd0, 0xe, 0x0,
    0x0, 0x3, 0x40, 0x38, 0x0, 0x0, 0xd, 0x0,
    0xe0, 0x0, 0x0, 0x34, 0x3, 0x80, 0x0, 0x2f,
    0xff, 0xff, 0xff, 0xfd, 0xaa, 0xaa, 0xaa, 0xaa,
    0xa4,

    /* U+6C23 "氣" */
    0x0, 0x24, 0x0, 0x0, 0x0, 0x0, 0x74, 0x0,
    0x0, 0x0, 0x0, 0xff, 0xff, 0xff, 0xf4, 0x2,
    0xe0, 0x0, 0x0, 0x0, 0x7, 0x95, 0x55, 0x55,
    0x40, 0x1f, 0x3f, 0xff, 0xff, 0xc0, 0x3c, 0x0,
    0x0, 0x0, 0x0, 0x3, 0xff, 0xff, 0xff, 0x0,
    0x0, 0x2, 0x41, 0xf, 0x0, 0x2, 0x83, 0x43,
    0x4b, 0x0, 0x0, 0xd3, 0x4a, 0xb, 0x0, 0x0,
    0x93, 0x48, 0xb, 0x0, 0x1f, 0xff, 0xff, 0xe7,
    0x0, 0x0, 0x2f, 0xd0, 0x7, 0x0, 0x0, 0xb7,
    0xf8, 0x3, 0x48, 0x3, 0xd3, 0x4f, 0x43, 0xcd,
    0x2e, 0x3, 0x41, 0xc1, 0xec, 0x4, 0x3, 0x40,
    0x0, 0xb8,

    /* U+6C38 "永" */
    0x0, 0x4, 0x0, 0x0, 0x0, 0x0, 0xf, 0xe4,
    0x0, 0x0, 0x0, 0x0, 0xbf, 0x80, 0x0, 0x0,
    0x0, 0x7, 0xd0, 0x0, 0x0, 0xaa, 0xb4, 0x0,
    0x0, 0x1, 0xff, 0xfc, 0x0, 0x0, 0x0, 0x0,
    0x3c, 0x0, 0xb0, 0x0, 0x0, 0x3d, 0x2, 0xe0,
    0x3f, 0xfe, 0x3e, 0xf, 0x40, 0x15, 0x6d, 0x3f,
    0x7c, 0x0, 0x0, 0x2c, 0x3b, 0xe0, 0x0, 0x0,
    0x38, 0x38, 0xe0, 0x0, 0x0, 0xb0, 0x38, 0x74,
    0x0, 0x2, 0xd0, 0x38, 0x2e, 0x0, 0xb, 0x80,
    0x38, 0xb, 0xc0, 0x3e, 0x0, 0x38, 0x1, 0xf8,
    0x14, 0x5, 0x78, 0x0, 0x14, 0x0, 0xb, 0xf4,
    0x0, 0x0, 0x0, 0x0, 0x0, 0x0, 0x0,

    /* U+6D88 "消" */
    0x4, 0x0, 0x0, 0x90, 0x0, 0x3d, 0xa, 0x3,
    0x80, 0xd0, 0x2e, 0x1d, 0xe, 0xb, 0x0, 0x14,
    0x3c, 0x38, 0x34, 0x0, 0x0, 0x70, 0xe2, 0xc0,
    0x0, 0x0, 0x3, 0x80, 0x3, 0x80, 0x1f, 0xff,
    0xff, 0x7, 0xd0, 0x75, 0x55, 0x7c, 0x2, 0xc1,
    0xc0, 0x0, 0xb0, 0x0, 0x7, 0x55, 0x57, 0xc0,
    0x0, 0x1f, 0xff, 0xff, 0x0, 0x14, 0x70, 0x0,
    0x2c, 0x0, 0xe1, 0xc0, 0x0, 0xf0, 0xb, 0x7,
    0xff, 0xff, 0xc0, 0x38, 0x1c, 0x0, 0xf, 0x2,
    0xc0, 0x70, 0x0, 0x2c, 0x1d, 0x1, 0xc0, 0x5,
    0xe0, 0x20, 0x7, 0x0, 0x3f, 0x40, 0x0, 0x0,
    0x0, 0x0, 0x0,

    /* U+6DF1 "深" */
    0x4, 0x0, 0x0, 0x0, 0x0, 0xf, 0x87, 0xff,
    0xff, 0xf4, 0x2, 0xe7, 0x55, 0x55, 0x74, 0x0,
    0x57, 0x9, 0x24, 0x34, 0x0, 0x6, 0xc, 0x28,
    0x24, 0x0, 0x0, 0x2c, 0x28, 0x0, 0x38, 0x0,
    0xb4, 0x2d, 0x54, 0x1f, 0x4b, 0xd0, 0x1f, 0xfc,
    0x2, 0x40, 0x1, 0xc0, 0x0, 0x0, 0x0, 0x1,
    0xc0, 0x0, 0x0, 0xb, 0xff, 0xff, 0xf8, 0x0,
    0xd5, 0x5f, 0xf9, 0x54, 0x1, 0xc0, 0x1f, 0xec,
    0x0, 0x3, 0xc0, 0x79, 0xcb, 0x0, 0x7, 0x2,
    0xe1, 0xc2, 0xd0, 0xe, 0x1f, 0x41, 0xc0, 0xbc,
    0x2c, 0x8, 0x1, 0xc0, 0x14, 0x4, 0x0, 0x1,
    0xc0, 0x0,

    /* U+6E05 "清" */
    0x0, 0x0, 0x1, 0xc0, 0x0, 0x3d, 0x0, 0xb,
    0x0, 0x0, 0x2d, 0xbf, 0xff, 0xff, 0x40, 0x10,
    0x0, 0xb0, 0x0, 0x0, 0x3, 0xff, 0xff, 0xe0,
    0x0, 0x0, 0xb, 0x0, 0x3, 0xc0, 0x55, 0x7d,
    0x55, 0x47, 0xd7, 0xff, 0xff, 0xff, 0x2, 0x40,
    0x0, 0x0, 0x0, 0x0, 0xf, 0xff, 0xff, 0x40,
    0x0, 0x38, 0x0, 0xd, 0x0, 0x20, 0xf0, 0x0,
    0x34, 0x1, 0xd3, 0xff, 0xff, 0xd0, 0xf, 0xe,
    0x0, 0x3, 0x40, 0x74, 0x3f, 0xff, 0xfd, 0x3,
    0xc0, 0xf0, 0x0, 0x34, 0x1d, 0x3, 0x80, 0x5,
    0xd0, 0x20, 0xe, 0x0, 0x7f, 0x0, 0x0, 0x0,
    0x0, 0x0, 0x0,

    /* U+6E2F "港" */
    0x4, 0x0, 0x34, 0x9, 0x0, 0xf, 0x80, 0x34,
    0xe, 0x0, 0x2, 0xf5, 0xbd, 0x5f, 0x50, 0x0,
    0x1f, 0xff, 0xff, 0xf8, 0x0, 0x0, 0x34, 0xe,
    0x0, 0x0, 0x0, 0x34, 0xe, 0x0, 0x3d, 0x2f,
    0xff, 0xff, 0xfc, 0xb, 0x95, 0xb9, 0x5f, 0x54,
    0x1, 0x40, 0xb0, 0x7, 0x0, 0x0, 0x1, 0xf5,
    0x57, 0xc0, 0x0, 0x3, 0xff, 0xff, 0xe0, 0x0,
    0xaf, 0xb0, 0xb, 0x7c, 0x0, 0xfc, 0xb0, 0xb,
    0x8, 0x2, 0xc0, 0xbf, 0xff, 0x0, 0x7, 0x40,
    0xb0, 0x0, 0x0, 0xf, 0x0, 0xb0, 0x0, 0x30,
    0x1d, 0x0, 0x75, 0x55, 0xb0, 0x8, 0x0, 0x3f,
    0xff, 0xd0,

    /* U+6E90 "源" */
    0x4, 0x0, 0x0, 0x0, 0x0, 0xf, 0x47, 0xff,
    0xff, 0xfc, 0x2, 0xe7, 0x95, 0x65, 0x54, 0x0,
    0x47, 0x0, 0x74, 0x0, 0x0, 0x7, 0x0, 0xf0,
    0x0, 0x0, 0x7, 0x3f, 0xff, 0xf0, 0x38, 0x7,
    0x34, 0x0, 0x70, 0x1f, 0x47, 0x38, 0x0, 0x70,
    0x2, 0x47, 0x3f, 0xff, 0xf0, 0x0, 0x7, 0x34,
    0x0, 0x70, 0x0, 0xb, 0x39, 0x55, 0xb0, 0x0,
    0x8a, 0x2f, 0xff, 0xf0, 0x2, 0xce, 0x0, 0x34,
    0x0, 0x3, 0x8d, 0x2c, 0x34, 0xe0, 0xb, 0x1c,
    0x34, 0x34, 0x70, 0xe, 0x38, 0xe0, 0x34, 0x3c,
    0x2c, 0x74, 0x81, 0x74, 0x4, 0x14, 0x60, 0x7,
    0xf0, 0x0, 0x0, 0x0, 0x0, 0x0, 0x0,

    /* U+6ED1 "滑" */
    0x4, 0x0, 0x0, 0x0, 0x0, 0x3e, 0x3, 0xff,
    0xff, 0x0, 0x2f, 0xe, 0x0, 0x2c, 0x0, 0x18,
    0x38, 0x15, 0xf0, 0x0, 0x0, 0xe1, 0xff, 0xc0,
    0x0, 0x3, 0x87, 0xb, 0x3, 0x90, 0xaf, 0xbe,
    0xbe, 0x87, 0xe3, 0xea, 0xaa, 0xaf, 0x1, 0x8d,
    0x0, 0x0, 0x2c, 0x0, 0x27, 0xff, 0xff, 0x60,
    0x0, 0xe, 0x0, 0x2c, 0x0, 0x14, 0x3c, 0x0,
    0xb0, 0x0, 0xe0, 0xff, 0xff, 0xc0, 0xb, 0x3,
    0x80, 0xb, 0x0, 0x38, 0xf, 0xff, 0xfc, 0x3,
    0xc0, 0x38, 0x0, 0xb0, 0x1d, 0x0, 0xe0, 0x2,
    0xc0, 0x10, 0x3, 0x80, 0xbe, 0x0, 0x0, 0x0,
    0x0, 0x0, 0x0,

    /* U+7121 "無" */
    0x0, 0x60, 0x0, 0x0, 0x0, 0x3, 0x80, 0x0,
    0x0, 0x0, 0x2e, 0x55, 0x55, 0x55, 0x2, 0xff,
    0xff, 0xff, 0xfc, 0x2d, 0x0, 0x0, 0x0, 0x0,
    0xd3, 0x47, 0xd, 0x1c, 0x0, 0xd, 0x1c, 0x34,
    0x70, 0x7, 0xff, 0xff, 0xff, 0xfd, 0x5, 0xf7,
    0xd7, 0xdf, 0x50, 0x3, 0x47, 0xd, 0x1c, 0x0,
    0xd, 0x1c, 0x34, 0x70, 0x0, 0x34, 0x70, 0xd1,
    0xc0, 0x3f, 0xff, 0xff, 0xff, 0xf8, 0x55, 0x55,
    0x55, 0x55, 0x50, 0x24, 0x10, 0x10, 0x28, 0x0,
    0xd0, 0xd0, 0xe0, 0xb0, 0xb, 0x3, 0x42, 0xc0,
    0xf0, 0x74, 0xe, 0x3, 0x41, 0xd0, 0x40, 0x10,
    0x4, 0x1, 0x0,

    /* U+754C "界" */
    0x1, 0x55, 0x55, 0x55, 0x40, 0x3, 0xff, 0xff,
    0xff, 0xc0, 0x3, 0x80, 0x38, 0x2, 0xc0, 0x3,
    0x80, 0x38, 0x2, 0xc0, 0x3, 0xff, 0xff, 0xff,
    0xc0, 0x3, 0x80, 0x3c, 0x2, 0xc0, 0x3, 0x80,
    0x38, 0x2, 0xc0, 0x3, 0xea, 0xbe, 0xab, 0xc0,
    0x2, 0xab, 0xeb, 0xea, 0x80, 0x0, 0xf, 0x0,
    0xf0, 0x0, 0x0, 0xb8, 0x0, 0x2e, 0x0, 0x1b,
    0xde, 0x0, 0x77, 0xf4, 0x2d, 0xe, 0x0, 0x70,
    0x78, 0x0, 0xe, 0x0, 0x70, 0x0, 0x0, 0x1d,
    0x0, 0x70, 0x0, 0x0, 0x7c, 0x0, 0x70, 0x0,
    0x2, 0xf0, 0x0, 0x70, 0x0, 0x3, 0x80, 0x0,
    0x70, 0x0, 0x0, 0x0, 0x0, 0x0, 0x0,

    /* U+793A "示" */
    0x1, 0x55, 0x55, 0x55, 0x40, 0xf, 0xff, 0xff,
    0xff, 0x0, 0x0, 0x0, 0x0, 0x0, 0x0, 0x0,
    0x0, 0x0, 0x0, 0x0, 0x0, 0x0, 0x0, 0x0,
    0x55, 0x55, 0x55, 0x55, 0x53, 0xff, 0xff, 0xff,
    0xff, 0xc0, 0x0, 0xf, 0x0, 0x0, 0x0, 0x0,
    0x3c, 0x0, 0x0, 0x2, 0xc0, 0xf0, 0x38, 0x0,
    0xe, 0x3, 0xc0, 0xb4, 0x0, 0xf0, 0xf, 0x0,
    0xf0, 0x7, 0x40, 0x3c, 0x0, 0xe0, 0x78, 0x0,
    0xf0, 0x2, 0xc3, 0x80, 0x3, 0xc0, 0x3, 0x40,
    0x2, 0x6f, 0x0, 0x0, 0x0, 0xf, 0xf4, 0x0,
    0x0, 0x0, 0x0, 0x0, 0x0, 0x0,

    /* U+79BB "离" */
    0x0, 0x0, 0x90, 0x0, 0x0, 0x0, 0xf, 0x0,
    0x0, 0xbf, 0xff, 0xff, 0xff, 0xf1, 0x55, 0x55,
    0x65, 0x55, 0xb, 0x1e, 0xb, 0xe, 0x0, 0xb0,
    0x2f, 0xc0, 0xe0, 0xb, 0x7, 0xfe, 0xe, 0x0,
    0xb3, 0xd0, 0x28, 0xe0, 0xb, 0xaa, 0xaa, 0xae,
    0x0, 0x6a, 0xbe, 0xaa, 0x90, 0x14, 0x3, 0x80,
    0x0, 0x7, 0xff, 0xff, 0xff, 0xfc, 0x3d, 0x5f,
    0x56, 0x57, 0xc2, 0x80, 0xd0, 0x34, 0x2c, 0x28,
    0x1d, 0x5b, 0xc2, 0xc2, 0x8f, 0xfe, 0x9e, 0x2c,
    0x28, 0x0, 0x0, 0x2, 0xc2, 0x80, 0x0, 0x3,
    0xf4, 0x0, 0x0, 0x0, 0x0, 0x0,

    /* U+7ACB "立" */
    0x0, 0x0, 0xc0, 0x0, 0x0, 0x0, 0xe, 0x0,
    0x0, 0x0, 0x0, 0xf0, 0x0, 0x0, 0x0, 0x5,
    0x0, 0x0, 0x3f, 0xff, 0xff, 0xff, 0xc1, 0x55,
    0x55, 0x55, 0x54, 0x0, 0x40, 0x0, 0x10, 0x0,
    0xd, 0x0, 0x7, 0x40, 0x0, 0xf0, 0x0, 0xb0,
    0x0, 0xb, 0x0, 0xe, 0x0, 0x0, 0x74, 0x0,
    0xd0, 0x0, 0x3, 0x80, 0x2c, 0x0, 0x0, 0x3c,
    0x3, 0xc0, 0x0, 0x2, 0xc0, 0x34, 0x0, 0x0,
    0x1c, 0xb, 0x0, 0x0, 0x0, 0x0, 0xe0, 0x0,
    0xff, 0xff, 0xff, 0xff, 0xfa, 0xaa, 0xaa, 0xaa,
    0xaa,

    /* U+7AD9 "站" */
    0x0, 0x40, 0x0, 0x60, 0x0, 0x0, 0xd0, 0x0,
    0xb0, 0x0, 0x0, 0xb0, 0x0, 0xb0, 0x0, 0x0,
    0x60, 0x0, 0xb0, 0x0, 0x2f, 0xff, 0xc0, 0xb5,
    0x54, 0x1a, 0xaa, 0x40, 0xbf, 0xfc, 0x4, 0x6,
    0x0, 0xb0, 0x0, 0xd, 0xb, 0x0, 0xb0, 0x0,
    0xa, 0xa, 0x0, 0xb0, 0x0, 0xa, 0xd, 0x0,
    0xb0, 0x0, 0x7, 0xd, 0x2f, 0xff, 0xf8, 0x7,
    0xc, 0x2d, 0x55, 0x78, 0x3, 0x1c, 0x2c, 0x0,
    0x38, 0x2, 0x2d, 0x6c, 0x0, 0x38, 0x5, 0xbf,
    0xac, 0x0, 0x38, 0x3f, 0x90, 0x2c, 0x0, 0x38,
    0x10, 0x0, 0x2f, 0xff, 0xf8, 0x0, 0x0, 0x2d,
    0x55, 0x78,

    /* U+7B49 "等" */
    0x1, 0xc0, 0x0, 0xd0, 0x0, 0x3, 0xd5, 0x51,
    0xe5, 0x54, 0xb, 0xff, 0xf3, 0xff, 0xfc, 0x1d,
    0x38, 0x7, 0xd, 0x0, 0x38, 0xe, 0xe, 0xb,
    0x40, 0x0, 0x0, 0x3c, 0x1, 0x0, 0x3, 0xff,
    0xff, 0xff, 0xc0, 0x1, 0x55, 0x7d, 0x55, 0x0,
    0x0, 0x0, 0x3c, 0x0, 0x0, 0xf, 0xff, 0xff,
    0xff, 0xf0, 0x5, 0x55, 0x55, 0x69, 0x50, 0x0,
    0x0, 0x0, 0x2c, 0x0, 0x3f, 0xff, 0xff, 0xff,
    0xfc, 0x15, 0x65, 0x55, 0x7d, 0x54, 0x0, 0x3c,
    0x0, 0x2c, 0x0, 0x0, 0xf, 0x0, 0x2c, 0x0,
    0x0, 0x2, 0x80, 0x3c, 0x0, 0x0, 0x0, 0xb,
    0xf4, 0x0, 0x0, 0x0, 0x0, 0x0, 0x0,

    /* U+7DAB "綫" */
    0x0, 0x90, 0x6, 0x9, 0x0, 0x0, 0xd0, 0x7,
    0x7, 0xc0, 0x2, 0xc0, 0x3, 0x41, 0x94, 0x3,
    0x48, 0xbf, 0xff, 0xf8, 0xe, 0x2c, 0x56, 0xd0,
    0x80, 0x1c, 0x34, 0x0, 0xfb, 0x80, 0x3f, 0xf0,
    0x0, 0xfc, 0x8, 0x36, 0xd0, 0x6f, 0xaf, 0x5c,
    0x3, 0x5c, 0xa4, 0x7, 0xf8, 0xe, 0xd, 0xe,
    0x1e, 0x40, 0x3f, 0xfe, 0xb, 0x6, 0xa8, 0x34,
    0x4, 0xff, 0xff, 0xe8, 0x14, 0x58, 0x53, 0x80,
    0xd0, 0x29, 0xcc, 0x2, 0xc3, 0xc0, 0x34, 0xcd,
    0x0, 0xfe, 0x0, 0x34, 0xca, 0x6, 0xfc, 0xc,
    0x30, 0x80, 0xbe, 0x5f, 0xac, 0x10, 0x0, 0x50,
    0x2, 0xf8, 0x0, 0x0, 0x0, 0x0, 0x0,

    /* U+7F51 "网" */
    0x15, 0x55, 0x55, 0x55, 0xc3, 0xff, 0xff, 0xff,
    0xfe, 0x34, 0x0, 0x0, 0x0, 0xe3, 0x40, 0x24,
    0x2, 0xe, 0x34, 0x3, 0x40, 0x70, 0xe3, 0x6c,
    0x73, 0x87, 0xe, 0x34, 0xeb, 0xd, 0xa0, 0xe3,
    0x43, 0xe0, 0x7d, 0xe, 0x34, 0x1e, 0x3, 0xc0,
    0xe3, 0x41, 0xf0, 0x3e, 0xe, 0x34, 0x3b, 0x83,
    0xb0, 0xe3, 0x4b, 0x1c, 0xe2, 0xce, 0x35, 0xd0,
    0x1c, 0x8, 0xe3, 0xb8, 0x7, 0x40, 0xe, 0x35,
    0x0, 0x10, 0x0, 0xe3, 0x40, 0x0, 0x1, 0x6d,
    0x34, 0x0, 0x0, 0x3f, 0x80,

    /* U+7F6E "置" */
    0x0, 0x0, 0x0, 0x0, 0x3, 0xff, 0xff, 0xff,
    0xf8, 0x38, 0x1c, 0xb, 0x3, 0x83, 0x81, 0xc0,
    0xb0, 0x38, 0x3f, 0xff, 0xff, 0xff, 0x80, 0x0,
    0xe, 0x0, 0x0, 0xff, 0xff, 0xff, 0xff, 0xd0,
    0x0, 0xf, 0x0, 0x0, 0x2, 0xaa, 0xfa, 0xa9,
    0x0, 0x75, 0x55, 0x55, 0xd0, 0x7, 0x0, 0x0,
    0xd, 0x0, 0x7e, 0xaa, 0xaa, 0xd0, 0x7, 0x0,
    0x0, 0xd, 0x0, 0x7f, 0xff, 0xff, 0xd0, 0x7,
    0x0, 0x0, 0xd, 0x0, 0x7f, 0xff, 0xff, 0xd0,
    0x7, 0x0, 0x0, 0xd, 0xf, 0xff, 0xff, 0xff,
    0xff,

    /* U+814A "腊" */
    0x0, 0x0, 0x6, 0x2, 0x0, 0xf, 0xfd, 0xb,
    0x3, 0x0, 0xd, 0x5d, 0xf, 0x7, 0x40, 0xc,
    0xd, 0xbf, 0xff, 0xf4, 0xc, 0xd, 0xf, 0x7,
    0x40, 0xe, 0x8d, 0xb, 0x3, 0x0, 0xd, 0xdd,
    0xf, 0x7, 0x40, 0xc, 0x7d, 0xff, 0xff, 0xfc,
    0xc, 0xd, 0x0, 0x0, 0x0, 0xc, 0xd, 0x15,
    0x55, 0x40, 0x1c, 0x7d, 0x3f, 0xff, 0xf0, 0x1f,
    0xdd, 0x38, 0x0, 0xf0, 0x1d, 0xd, 0x38, 0x0,
    0xf0, 0x28, 0xd, 0x3f, 0xff, 0xf0, 0x28, 0xd,
    0x38, 0x0, 0xf0, 0x34, 0xd, 0x38, 0x0, 0xf0,
    0x30, 0x5d, 0x3d, 0x55, 0xf0, 0x60, 0xf8, 0x3f,
    0xff, 0xf0, 0x0, 0x0, 0x0, 0x0, 0x0,

    /* U+81EA "自" */
    0x0, 0xd, 0x0, 0x0, 0x0, 0x34, 0x0, 0x0,
    0x2, 0xc0, 0x0, 0x2f, 0xff, 0xff, 0xfc, 0xb5,
    0x55, 0x55, 0xb2, 0xc0, 0x0, 0x2, 0xcb, 0x0,
    0x0, 0xb, 0x2d, 0x55, 0x55, 0x7c, 0xbf, 0xff,
    0xff, 0xf2, 0xc0, 0x0, 0x2, 0xcb, 0x0, 0x0,
    0xb, 0x2d, 0x55, 0x55, 0x7c, 0xbf, 0xff, 0xff,
    0xf2, 0xc0, 0x0, 0x2, 0xcb, 0x0, 0x0, 0xb,
    0x2c, 0x0, 0x0, 0x2c, 0xbf, 0xff, 0xff, 0xf2,
    0xd5, 0x55, 0x57, 0xc0,

    /* U+8272 "色" */
    0x0, 0x2, 0x0, 0x0, 0x0, 0x0, 0xf, 0x0,
    0x0, 0x0, 0x0, 0x1f, 0xff, 0xf0, 0x0, 0x0,
    0x7d, 0x56, 0xe0, 0x0, 0x1, 0xe0, 0x3, 0x80,
    0x0, 0x7, 0xd5, 0x6f, 0x55, 0x40, 0x2f, 0xff,
    0xff, 0xff, 0xd0, 0x26, 0xc0, 0x2c, 0x0, 0xd0,
    0x2, 0xc0, 0x2c, 0x0, 0xd0, 0x2, 0xc0, 0x2c,
    0x0, 0xd0, 0x2, 0xc0, 0x2c, 0x0, 0xd0, 0x2,
    0xff, 0xff, 0xff, 0xd0, 0x2, 0xd5, 0x55, 0x55,
    0xd0, 0x2, 0xc0, 0x0, 0x0, 0x0, 0x2, 0xc0,
    0x0, 0x0, 0xd, 0x2, 0xc0, 0x0, 0x0, 0x1d,
    0x1, 0xe5, 0x55, 0x55, 0x7c, 0x0, 0x7f, 0xff,
    0xff, 0xf0,

    /* U+8868 "表" */
    0x0, 0x0, 0x24, 0x0, 0x0, 0x0, 0x0, 0x38,
    0x0, 0x0, 0xf, 0xff, 0xff, 0xff, 0xf0, 0x5,
    0x55, 0x7d, 0x55, 0x50, 0x0, 0x0, 0x38, 0x0,
    0x0, 0x3, 0xff, 0xff, 0xff, 0xc0, 0x0, 0x0,
    0x3c, 0x0, 0x0, 0x0, 0x0, 0x38, 0x0, 0x0,
    0x3f, 0xff, 0xff, 0xff, 0xf8, 0x5, 0x57, 0xfe,
    0x55, 0x50, 0x0, 0xb, 0x4f, 0x0, 0x90, 0x0,
    0x7d, 0x7, 0x42, 0xd0, 0x7, 0xf8, 0x2, 0xdf,
    0x0, 0x3e, 0x38, 0x0, 0xf8, 0x0, 0x10, 0x38,
    0x0, 0x3c, 0x0, 0x0, 0x38, 0x1e, 0xf, 0x80,
    0x0, 0x3f, 0xf9, 0x2, 0xf8, 0x0, 0xbe, 0x40,
    0x0, 0x24, 0x0, 0x10, 0x0, 0x0, 0x0,

    /* U+8A00 "言" */
    0x0, 0x1, 0xc0, 0x0, 0x0, 0x0, 0x3, 0xc0,
    0x0, 0x0, 0x0, 0x7, 0x40, 0x0, 0x3f, 0xff,
    0xff, 0xff, 0xfc, 0x55, 0x55, 0x55, 0x55, 0x50,
    0x0, 0x0, 0x0, 0x0, 0x0, 0x3f, 0xff, 0xff,
    0xc0, 0x0, 0x55, 0x55, 0x55, 0x0, 0x0, 0x0,
    0x0, 0x0, 0x0, 0xf, 0xff, 0xff, 0xf0, 0x0,
    0x15, 0x55, 0x55, 0x40, 0x0, 0x0, 0x0, 0x0,
    0x0, 0x3, 0xff, 0xff, 0xfd, 0x0, 0xe, 0x55,
    0x55, 0xb4, 0x0, 0x34, 0x0, 0x0, 0xd0, 0x0,
    0xd0, 0x0, 0x3, 0x40, 0x3, 0x95, 0x55, 0x6d,
    0x0, 0xf, 0xff, 0xff, 0xf4, 0x0, 0x0, 0x0,
    0x0, 0x0, 0x0,

    /* U+8BBE "设" */
    0x0, 0x0, 0x0, 0x0, 0x0, 0x38, 0x0, 0xff,
    0xf4, 0x0, 0x78, 0x3, 0x95, 0xd0, 0x0, 0x74,
    0xc, 0x3, 0x40, 0x0, 0x40, 0x70, 0xd, 0x0,
    0x0, 0x3, 0xc0, 0x34, 0x5, 0xb0, 0x2d, 0x0,
    0xfa, 0x3f, 0xd3, 0xd0, 0x1, 0xa8, 0x3, 0x44,
    0x0, 0x0, 0x0, 0xd, 0x1f, 0xff, 0xff, 0x0,
    0x34, 0x2d, 0x55, 0x7c, 0x0, 0xd0, 0x38, 0x1,
    0xd0, 0x3, 0x40, 0x70, 0xe, 0x0, 0xd, 0x0,
    0xf0, 0xf0, 0x0, 0x37, 0x80, 0xff, 0x0, 0x0,
    0xfc, 0x2, 0xfc, 0x0, 0xf, 0xc0, 0xbe, 0xbe,
    0x0, 0x38, 0x3f, 0x80, 0x2f, 0xc0, 0x0, 0x50,
    0x0, 0x5, 0x0,

    /* U+8CC7 "資" */
    0x0, 0x0, 0x8, 0x0, 0x0, 0x3e, 0x0, 0xf0,
    0x0, 0x40, 0x1b, 0x8f, 0xff, 0xff, 0x40, 0x0,
    0xb0, 0x70, 0x38, 0x0, 0x15, 0x3, 0xf0, 0x80,
    0x6f, 0x91, 0xb4, 0x79, 0x2, 0x90, 0x3e, 0x0,
    0x2f, 0x0, 0x7f, 0xff, 0xff, 0xe0, 0x1, 0xc0,
    0x0, 0x3, 0x80, 0x7, 0x0, 0x0, 0xe, 0x0,
    0x1f, 0xff, 0xff, 0xf8, 0x0, 0x70, 0x0, 0x0,
    0xe0, 0x1, 0xff, 0xff, 0xff, 0x80, 0x7, 0x0,
    0x0, 0xe, 0x0, 0x1f, 0xff, 0xff, 0xf8, 0x0,
    0x2, 0x80, 0x29, 0x0, 0x1, 0xbd, 0x0, 0x6f,
    0x40, 0xbe, 0x0, 0x0, 0x7, 0xd0, 0x0, 0x0,
    0x0, 0x0, 0x0,

    /* U+8ECA "車" */
    0x0, 0x0, 0x24, 0x0, 0x0, 0x0, 0x0, 0xe0,
    0x0, 0x1, 0xff, 0xff, 0xff, 0xff, 0x1, 0x55,
    0x5f, 0x55, 0x54, 0x0, 0x0, 0x38, 0x0, 0x0,
    0xf, 0xff, 0xff, 0xff, 0x0, 0x38, 0x3, 0xc0,
    0x2c, 0x0, 0xe0, 0xe, 0x0, 0xb0, 0x3, 0xff,
    0xff, 0xff, 0xc0, 0xe, 0x0, 0xf0, 0xb, 0x0,
    0x38, 0x3, 0x80, 0x2c, 0x0, 0xe5, 0x5f, 0x55,
    0xb0, 0x3, 0xff, 0xff, 0xff, 0xc0, 0x0, 0x0,
    0xe0, 0x0, 0x3, 0xff, 0xff, 0xff, 0xff, 0xc5,
    0x55, 0x5f, 0x55, 0x55, 0x0, 0x0, 0x38, 0x0,
    0x0, 0x0, 0x0, 0xe0, 0x0, 0x0,

    /* U+904E "過" */
    0x8, 0x0, 0x0, 0x0, 0x0, 0xf, 0x0, 0xbf,
    0xff, 0x80, 0x3, 0x80, 0xa0, 0x2, 0x80, 0x1,
    0xc0, 0xa0, 0x57, 0x80, 0x0, 0x0, 0xa1, 0xff,
    0x80, 0x3f, 0xf0, 0xa1, 0xc2, 0x80, 0x1, 0xd0,
    0xa1, 0xc2, 0x80, 0x3, 0x83, 0xff, 0xff, 0xf4,
    0xb, 0x3, 0x55, 0x55, 0x74, 0x2d, 0x43, 0x9,
    0x54, 0x34, 0x3f, 0xf3, 0xe, 0xac, 0x34, 0x0,
    0xe3, 0xc, 0xc, 0x34, 0x0, 0xd3, 0xc, 0xc,
    0x34, 0x1, 0xc3, 0xf, 0xfc, 0x34, 0x3, 0xc3,
    0x8, 0x1, 0x74, 0xb, 0xe3, 0x0, 0x3, 0xe0,
    0x1d, 0x3e, 0x54, 0x1, 0x54, 0x38, 0x6, 0xff,
    0xff, 0xfc, 0x0, 0x0, 0x0, 0x0, 0x0,

    /* U+914D "配" */
    0xff, 0xff, 0xeb, 0xff, 0xf1, 0x5d, 0xb5, 0x5a,
    0xab, 0xc0, 0x31, 0xc0, 0x0, 0xb, 0x0, 0xc7,
    0x0, 0x0, 0x2c, 0xbf, 0xff, 0xc0, 0x0, 0xb2,
    0xcd, 0x77, 0x0, 0x2, 0xca, 0x31, 0x8c, 0x25,
    0x5b, 0x28, 0xc6, 0x33, 0xff, 0xfc, 0xa3, 0xd,
    0xcb, 0x55, 0x42, 0xa4, 0x3f, 0x2c, 0x0, 0xb,
    0x80, 0xc, 0xb0, 0x0, 0x28, 0x0, 0x32, 0xc0,
    0x0, 0xa7, 0xfd, 0xcb, 0x0, 0x2, 0x80, 0x3,
    0x2c, 0x0, 0xab, 0x0, 0xc, 0xb0, 0x3, 0xaf,
    0xff, 0xf1, 0xe5, 0x6d, 0xb0, 0x0, 0xc3, 0xff,
    0xe0,

    /* U+91CD "重" */
    0x0, 0x0, 0x0, 0x1, 0x0, 0x5, 0xaa, 0xff,
    0xfe, 0x0, 0x3a, 0xab, 0xd4, 0x0, 0x5, 0x55,
    0x5f, 0x55, 0x54, 0x3f, 0xff, 0xff, 0xff, 0xfc,
    0x0, 0x0, 0xe0, 0x0, 0x0, 0x3f, 0xff, 0xff,
    0xfc, 0x0, 0xe0, 0xe, 0x0, 0xb0, 0x3, 0x80,
    0x38, 0x2, 0xc0, 0xf, 0xff, 0xff, 0xff, 0x0,
    0x38, 0x3, 0x80, 0x2c, 0x0, 0xff, 0xff, 0xff,
    0xf0, 0x0, 0x0, 0x3c, 0x0, 0x0, 0x0, 0x0,
    0xf0, 0x0, 0x0, 0xbf, 0xff, 0xff, 0xfe, 0x0,
    0x0, 0xe, 0x0, 0x0, 0x0, 0x0, 0x38, 0x0,
    0x0, 0xff, 0xff, 0xff, 0xff, 0xf0,

    /* U+91D1 "金" */
    0x0, 0x0, 0x18, 0x0, 0x0, 0x0, 0x0, 0x3c,
    0x0, 0x0, 0x0, 0x0, 0xfe, 0x0, 0x0, 0x0,
    0x7, 0xc3, 0xc0, 0x0, 0x0, 0x2f, 0x0, 0xf8,
    0x0, 0x1, 0xf8, 0x0, 0x2f, 0x40, 0x2f, 0xfa,
    0xaa, 0xaf, 0xf8, 0x39, 0x3f, 0xff, 0xfc, 0x28,
    0x0, 0x0, 0x38, 0x0, 0x0, 0x0, 0x0, 0x38,
    0x0, 0x0, 0x5, 0x55, 0x7d, 0x55, 0x50, 0xb,
    0xff, 0xff, 0xff, 0xe0, 0x0, 0x40, 0x38, 0x5,
    0x0, 0x0, 0xb0, 0x38, 0xe, 0x0, 0x0, 0x34,
    0x38, 0x2c, 0x0, 0x0, 0x2c, 0x38, 0x30, 0x0,
    0x1a, 0xaa, 0xbe, 0xaa, 0xa4, 0x2f, 0xff, 0xff,
    0xff, 0xf8,

    /* U+9418 "鐘" */
    0x0, 0x90, 0x0, 0x70, 0x0, 0x1, 0xd0, 0x0,
    0x34, 0x0, 0x3, 0xf4, 0x7f, 0xff, 0xfc, 0xb,
    0x1e, 0xa, 0x1, 0xd0, 0x2c, 0x7, 0x7, 0x2,
    0xc0, 0x3e, 0xa8, 0x57, 0x57, 0x94, 0x1b, 0xfc,
    0xff, 0xff, 0xfd, 0x0, 0xc0, 0x15, 0x55, 0x50,
    0x1, 0xd0, 0x3e, 0xbe, 0xb4, 0x3f, 0xfe, 0x34,
    0x34, 0x34, 0x0, 0xc0, 0x3f, 0xff, 0xf4, 0x14,
    0xc9, 0x34, 0x34, 0x34, 0x18, 0xcc, 0x3f, 0xff,
    0xf4, 0xc, 0xcc, 0x0, 0x34, 0x0, 0xc, 0xd8,
    0x15, 0x79, 0x50, 0x0, 0xd9, 0x3f, 0xff, 0xf4,
    0x1b, 0xf9, 0x0, 0x34, 0x0, 0x29, 0x0, 0xff,
    0xff, 0xfd,

    /* U+9435 "鐵" */
    0x0, 0x80, 0x9, 0xa, 0x0, 0x1, 0xc0, 0xd,
    0xb, 0xb0, 0x3, 0xf4, 0xff, 0xeb, 0x38, 0xe,
    0x2d, 0xe, 0xb, 0x1c, 0x3c, 0xa, 0xd, 0xb,
    0x0, 0x3e, 0xe7, 0xff, 0xff, 0xfd, 0xb, 0xe4,
    0x0, 0xb, 0x0, 0x0, 0xc0, 0xff, 0xe7, 0x0,
    0x1, 0xc0, 0xc0, 0xa7, 0x28, 0x3f, 0xfd, 0xc0,
    0xa7, 0x34, 0x6, 0xd4, 0xff, 0xe3, 0x30, 0x14,
    0xcc, 0x16, 0x93, 0xb0, 0x18, 0xcd, 0xef, 0x43,
    0xd0, 0xc, 0xd8, 0xe, 0x3, 0xc0, 0xc, 0xd4,
    0xff, 0xe3, 0xc4, 0x1, 0xd9, 0xe, 0x5f, 0xcd,
    0x3f, 0xd2, 0xfe, 0x7c, 0xec, 0x10, 0x0, 0x0,
    0x70, 0x78, 0x0, 0x0, 0x0, 0x0, 0x0,

    /* U+949F "钟" */
    0x1, 0x40, 0x0, 0x24, 0x0, 0xe, 0x0, 0x0,
    0xe0, 0x0, 0x79, 0x50, 0x3, 0x80, 0x3, 0xff,
    0xd0, 0xe, 0x0, 0x3c, 0x0, 0x1a, 0xbe, 0xa4,
    0xd0, 0x0, 0xfa, 0xfa, 0xe0, 0xff, 0xf3, 0x83,
    0x83, 0x80, 0x38, 0xe, 0xe, 0xe, 0x0, 0xe0,
    0x38, 0x38, 0x38, 0x3, 0x80, 0xe0, 0xe0, 0xe2,
    0xff, 0xf7, 0xd7, 0xd7, 0x86, 0xbe, 0x8f, 0xff,
    0xfe, 0x0, 0xe0, 0x38, 0x38, 0x38, 0x3, 0x80,
    0x40, 0xe0, 0x0, 0xe, 0x10, 0x3, 0x80, 0x0,
    0x3f, 0xd0, 0xe, 0x0, 0x3, 0xf4, 0x0, 0x38,
    0x0, 0xa, 0x0, 0x0, 0xe0, 0x0,

    /* U+957F "长" */
    0x0, 0x90, 0x0, 0x0, 0x0, 0x3, 0x80, 0x0,
    0x78, 0x0, 0xe, 0x0, 0xb, 0x80, 0x0, 0x38,
    0x0, 0xf8, 0x0, 0x0, 0xe0, 0x2f, 0x40, 0x0,
    0x3, 0x8b, 0xe0, 0x0, 0x0, 0xe, 0x1c, 0x0,
    0x0, 0x0, 0x38, 0x0, 0x0, 0x0, 0xff, 0xff,
    0xff, 0xff, 0xf1, 0xab, 0xeb, 0xfa, 0xaa, 0x40,
    0xe, 0x3, 0x80, 0x0, 0x0, 0x38, 0x7, 0x40,
    0x0, 0x0, 0xe0, 0xf, 0x0, 0x0, 0x3, 0x80,
    0xf, 0x0, 0x0, 0xe, 0x0, 0x1f, 0x0, 0x0,
    0x38, 0x19, 0xf, 0x80, 0x0, 0xff, 0xe0, 0xb,
    0xe0, 0xf, 0xe4, 0x0, 0x6, 0x80, 0x0, 0x0,
    0x0, 0x0, 0x0,

    /* U+95F4 "间" */
    0x0, 0x0, 0x0, 0x0, 0x1, 0xd0, 0x55, 0x55,
    0x5d, 0x7, 0x4b, 0xff, 0xff, 0xe0, 0x14, 0x0,
    0x0, 0xe, 0x34, 0x0, 0x0, 0x0, 0xe3, 0x40,
    0x0, 0x0, 0xe, 0x34, 0x1f, 0xff, 0xc0, 0xe3,
    0x41, 0xc0, 0x2c, 0xe, 0x34, 0x1c, 0x2, 0xc0,
    0xe3, 0x41, 0xc0, 0x2c, 0xe, 0x34, 0x1f, 0xff,
    0xc0, 0xe3, 0x41, 0xc0, 0x2c, 0xe, 0x34, 0x1c,
    0x2, 0xc0, 0xe3, 0x41, 0xc0, 0x2c, 0xe, 0x34,
    0x1f, 0xff, 0xc0, 0xe3, 0x40, 0x0, 0x0, 0xe,
    0x34, 0x0, 0x0, 0x5, 0xe3, 0x40, 0x0, 0x0,
    0xfc, 0x0, 0x0, 0x0, 0x0, 0x0,

    /* U+9664 "除" */
    0x0, 0x0, 0x0, 0xc0, 0x1, 0xff, 0xc0, 0xb,
    0x40, 0x7, 0x5f, 0x0, 0x7f, 0x0, 0x1c, 0x38,
    0x7, 0x4f, 0x0, 0x70, 0xc0, 0xb4, 0xf, 0x41,
    0xca, 0xb, 0x40, 0xb, 0x87, 0x34, 0xf9, 0x59,
    0x5b, 0x1c, 0xe0, 0x2f, 0xff, 0xc0, 0x70, 0xd0,
    0x1, 0xc0, 0x1, 0xc2, 0x80, 0x7, 0x0, 0x7,
    0x7, 0xbf, 0xff, 0xff, 0x1c, 0x1d, 0x55, 0xb9,
    0x54, 0x71, 0xf0, 0x1, 0xc1, 0x1, 0xdf, 0x43,
    0x87, 0x1d, 0x7, 0x0, 0x2c, 0x1c, 0x1c, 0x1c,
    0x2, 0xc0, 0x70, 0x2c, 0x70, 0x9, 0x16, 0xc0,
    0x11, 0xc0, 0x0, 0xbe, 0x0, 0x0, 0x0, 0x0,
    0x0, 0x0, 0x0,

    /* U+9694 "隔" */
    0x0, 0x0, 0x0, 0x0, 0x1, 0xff, 0xcf, 0xff,
    0xff, 0xc7, 0x5f, 0x15, 0x55, 0x55, 0x1c, 0x34,
    0x15, 0x55, 0x50, 0x70, 0xc0, 0xff, 0xff, 0xc1,
    0xcb, 0x3, 0x0, 0x7, 0x7, 0x34, 0xd, 0x55,
    0x6c, 0x1c, 0xe0, 0x3f, 0xff, 0xf0, 0x70, 0xd0,
    0x0, 0x0, 0x41, 0xc2, 0x8f, 0xff, 0xff, 0xc7,
    0x7, 0x34, 0x80, 0x8b, 0x1c, 0x1c, 0xd3, 0x47,
    0x2c, 0x72, 0xe3, 0x46, 0x34, 0xb1, 0xca, 0xd,
    0xff, 0xfa, 0xc7, 0x0, 0x34, 0x1c, 0xb, 0x1c,
    0x0, 0xd0, 0x70, 0x2c, 0x70, 0x3, 0x41, 0xc0,
    0xb1, 0xc0, 0xd, 0x7, 0xf, 0x40, 0x0, 0x0,
    0x0, 0x0, 0x0,

    /* U+96E8 "雨" */
    0x6a, 0xaa, 0xaa, 0xaa, 0xa2, 0xff, 0xff, 0xff,
    0xff, 0xc0, 0x0, 0xb, 0x0, 0x0, 0x0, 0x0,
    0x2c, 0x0, 0x0, 0x15, 0x55, 0xf5, 0x56, 0x40,
    0xff, 0xff, 0xff, 0xff, 0x3, 0x40, 0xb, 0x0,
    0x2c, 0xd, 0x60, 0x2c, 0x5, 0xb0, 0x34, 0xb4,
    0xb0, 0xb6, 0xc0, 0xd0, 0x76, 0xce, 0xb, 0x3,
    0x40, 0x4b, 0x10, 0x2c, 0xd, 0x0, 0x2c, 0x40,
    0xb0, 0x34, 0x1e, 0xb3, 0x82, 0xc0, 0xd3, 0xd2,
    0xc3, 0xcb, 0x3, 0x7c, 0xb, 0x2, 0x6c, 0xd,
    0x0, 0x2c, 0x5, 0xf0, 0x34, 0x0, 0xb0, 0x7f,
    0x40, 0x0, 0x0, 0x0, 0x0, 0x0,

    /* U+96F2 "雲" */
    0x0, 0x0, 0x0, 0x0, 0x1, 0xff, 0xff, 0xff,
    0xf4, 0x0, 0x0, 0xa0, 0x0, 0x7, 0xff, 0xff,
    0xff, 0xfd, 0x71, 0x0, 0xf0, 0x4, 0xe7, 0x2e,
    0x4a, 0xb, 0xce, 0x70, 0x18, 0xa3, 0x90, 0xe0,
    0x1, 0x8a, 0x24, 0x0, 0x2, 0xf8, 0xa1, 0xf9,
    0x0, 0xb4, 0x9, 0x0, 0xb0, 0x0, 0x0, 0x0,
    0x0, 0x0, 0xbf, 0xff, 0xff, 0xe0, 0x0, 0x0,
    0x0, 0x0, 0xf, 0xff, 0xff, 0xff, 0xff, 0x15,
    0x7d, 0x55, 0xe5, 0x40, 0xf, 0x0, 0xb, 0x40,
    0x3, 0xd0, 0x15, 0x7d, 0x0, 0xff, 0xff, 0xff,
    0xf4, 0x5, 0x0, 0x0, 0x1, 0x40,

    /* U+96F7 "雷" */
    0x0, 0x0, 0x0, 0x0, 0x2, 0xff, 0xff, 0xff,
    0xf8, 0x0, 0x0, 0xe0, 0x0, 0x0, 0x0, 0xf,
    0x0, 0x0, 0x7f, 0xff, 0xff, 0xff, 0xe7, 0x10,
    0xe, 0x0, 0x4e, 0x71, 0xb8, 0xe2, 0xf8, 0xe7,
    0x0, 0x4e, 0x10, 0xe, 0x6, 0xbc, 0xe7, 0xe8,
    0x0, 0x64, 0x9, 0x1, 0x90, 0x6, 0xaa, 0xaa,
    0xa9, 0x0, 0xfa, 0xaf, 0xaa, 0xf0, 0xe, 0x0,
    0xe0, 0xb, 0x0, 0xf5, 0x5f, 0x55, 0xf0, 0xf,
    0xff, 0xff, 0xff, 0x0, 0xe0, 0xe, 0x0, 0xb0,
    0xf, 0xaa, 0xfa, 0xaf, 0x0, 0xfa, 0xaa, 0xaa,
    0xf0,

    /* U+9762 "面" */
    0x55, 0x55, 0x55, 0x55, 0x5f, 0xff, 0xff, 0xff,
    0xff, 0x0, 0x0, 0xd0, 0x0, 0x0, 0x0, 0x1c,
    0x0, 0x0, 0x1a, 0xab, 0xea, 0xaa, 0x43, 0xff,
    0xff, 0xff, 0xfc, 0x38, 0x2c, 0x3, 0x42, 0xc3,
    0x82, 0xc0, 0x34, 0x2c, 0x38, 0x2f, 0xff, 0x42,
    0xc3, 0x82, 0xd5, 0x74, 0x2c, 0x38, 0x2c, 0x3,
    0x42, 0xc3, 0x82, 0xd5, 0x74, 0x2c, 0x38, 0x2f,
    0xff, 0x42, 0xc3, 0x82, 0xc0, 0x34, 0x2c, 0x38,
    0x2c, 0x3, 0x42, 0xc3, 0xff, 0xff, 0xff, 0xfc,
    0x3e, 0xaa, 0xaa, 0xab, 0xc0,

    /* U+9875 "页" */
    0x15, 0x55, 0x55, 0x55, 0x57, 0xff, 0xff, 0xff,
    0xff, 0x0, 0x0, 0xe0, 0x0, 0x0, 0x0, 0x1c,
    0x0, 0x0, 0x7, 0xff, 0xff, 0xff, 0x0, 0x79,
    0x55, 0x55, 0xf0, 0x7, 0x0, 0x10, 0xb, 0x0,
    0x70, 0xb, 0x0, 0xb0, 0x7, 0x0, 0xb0, 0xb,
    0x0, 0x70, 0xb, 0x0, 0xb0, 0x7, 0x0, 0xb0,
    0xb, 0x0, 0x70, 0xb, 0x0, 0xb0, 0x7, 0x0,
    0xe0, 0xb, 0x0, 0x10, 0x3c, 0xb8, 0x10, 0x0,
    0x1f, 0x41, 0xf8, 0x0, 0x2f, 0xc0, 0x1, 0xf4,
    0x7f, 0x80, 0x0, 0x2, 0xe1, 0x0, 0x0, 0x0,
    0x4,

    /* U+9999 "香" */
    0x0, 0x0, 0x0, 0x6, 0x0, 0x0, 0x55, 0xaf,
    0xff, 0x80, 0x3, 0xff, 0xfd, 0x40, 0x0, 0x0,
    0x0, 0x2c, 0x0, 0x0, 0x0, 0x0, 0x3c, 0x0,
    0x0, 0x3f, 0xff, 0xff, 0xff, 0xfc, 0x0, 0x2,
    0xff, 0xe0, 0x0, 0x0, 0xb, 0x6c, 0xbd, 0x0,
    0x0, 0x7c, 0x2c, 0xf, 0x80, 0x7, 0xe0, 0x2c,
    0x1, 0xf4, 0x3f, 0xea, 0xbe, 0xaa, 0x7c, 0x4,
    0xfa, 0xaa, 0xab, 0x84, 0x0, 0xd0, 0x0, 0x3,
    0x80, 0x0, 0xe0, 0x0, 0x3, 0x80, 0x0, 0xff,
    0xff, 0xf3, 0x80, 0x0, 0xd0, 0x0, 0x3, 0x80,
    0x0, 0xe0, 0x0, 0x3, 0x80, 0x0, 0xff, 0xff,
    0xff, 0x80, 0x0, 0x0, 0x0, 0x0, 0x0,

    /* U+9A5F "驟" */
    0xf, 0xff, 0x2a, 0xa1, 0x50, 0x1e, 0xfa, 0x3e,
    0xfb, 0xf8, 0x1c, 0x70, 0x2e, 0xe4, 0x34, 0x1f,
    0xfe, 0x28, 0xe7, 0x70, 0x1c, 0x70, 0x2f, 0xe2,
    0xe0, 0x1c, 0x70, 0x28, 0xa1, 0xf0, 0x1f, 0xfe,
    0x3e, 0xe7, 0x78, 0x1d, 0xb4, 0x79, 0xe9, 0x8,
    0x1c, 0x70, 0xa, 0xff, 0xc0, 0x1e, 0xfb, 0xf,
    0xb8, 0x0, 0xe, 0xab, 0x4, 0x34, 0x90, 0x0,
    0x63, 0xd, 0x34, 0xc0, 0x26, 0x9b, 0xe, 0x35,
    0xe0, 0x33, 0x5b, 0x2b, 0x77, 0x70, 0x33, 0x7,
    0x71, 0xba, 0x14, 0x20, 0xa, 0x0, 0x34, 0x0,
    0x0, 0xbc, 0x0, 0x34, 0x0, 0x0, 0x0, 0x0,
    0x0, 0x0
};


/*---------------------
 *  GLYPH DESCRIPTION
 *--------------------*/

static const lv_font_fmt_txt_glyph_dsc_t glyph_dsc[] = {
    {.bitmap_index = 0, .adv_w = 0, .box_w = 0, .box_h = 0, .ofs_x = 0, .ofs_y = 0} /* id = 0 reserved */,
    {.bitmap_index = 0, .adv_w = 78, .box_w = 0, .box_h = 0, .ofs_x = 0, .ofs_y = 0},
    {.bitmap_index = 0, .adv_w = 97, .box_w = 4, .box_h = 15, .ofs_x = 1, .ofs_y = 0},
    {.bitmap_index = 15, .adv_w = 119, .box_w = 7, .box_h = 5, .ofs_x = 0, .ofs_y = 10},
    {.bitmap_index = 24, .adv_w = 241, .box_w = 15, .box_h = 15, .ofs_x = 0, .ofs_y = 0},
    {.bitmap_index = 81, .adv_w = 160, .box_w = 10, .box_h = 18, .ofs_x = 0, .ofs_y = -2},
    {.bitmap_index = 126, .adv_w = 289, .box_w = 18, .box_h = 17, .ofs_x = 0, .ofs_y = -1},
    {.bitmap_index = 203, .adv_w = 200, .box_w = 13, .box_h = 15, .ofs_x = 0, .ofs_y = 0},
    {.bitmap_index = 252, .adv_w = 63, .box_w = 3, .box_h = 5, .ofs_x = 0, .ofs_y = 10},
    {.bitmap_index = 256, .adv_w = 109, .box_w = 6, .box_h = 21, .ofs_x = 1, .ofs_y = -5},
    {.bitmap_index = 288, .adv_w = 109, .box_w = 6, .box_h = 21, .ofs_x = 0, .ofs_y = -5},
    {.bitmap_index = 320, .adv_w = 169, .box_w = 10, .box_h = 10, .ofs_x = 0, .ofs_y = 5},
    {.bitmap_index = 345, .adv_w = 160, .box_w = 10, .box_h = 10, .ofs_x = 0, .ofs_y = 2},
    {.bitmap_index = 370, .adv_w = 91, .box_w = 3, .box_h = 6, .ofs_x = 1, .ofs_y = -4},
    {.bitmap_index = 375, .adv_w = 112, .box_w = 7, .box_h = 2, .ofs_x = 0, .ofs_y = 6},
    {.bitmap_index = 379, .adv_w = 91, .box_w = 4, .box_h = 3, .ofs_x = 1, .ofs_y = 0},
    {.bitmap_index = 382, .adv_w = 91, .box_w = 8, .box_h = 16, .ofs_x = -1, .ofs_y = -1},
    {.bitmap_index = 414, .adv_w = 181, .box_w = 10, .box_h = 15, .ofs_x = 1, .ofs_y = 0},
    {.bitmap_index = 452, .adv_w = 181, .box_w = 7, .box_h = 15, .ofs_x = 1, .ofs_y = 0},
    {.bitmap_index = 479, .adv_w = 181, .box_w = 10, .box_h = 15, .ofs_x = 1, .ofs_y = 0},
    {.bitmap_index = 517, .adv_w = 181, .box_w = 11, .box_h = 15, .ofs_x = 0, .ofs_y = 0},
    {.bitmap_index = 559, .adv_w = 181, .box_w = 11, .box_h = 15, .ofs_x = 0, .ofs_y = 0},
    {.bitmap_index = 601, .adv_w = 181, .box_w = 11, .box_h = 15, .ofs_x = 0, .ofs_y = 0},
    {.bitmap_index = 643, .adv_w = 181, .box_w = 11, .box_h = 15, .ofs_x = 0, .ofs_y = 0},
    {.bitmap_index = 685, .adv_w = 181, .box_w = 11, .box_h = 15, .ofs_x = 0, .ofs_y = 0},
    {.bitmap_index = 727, .adv_w = 181, .box_w = 10, .box_h = 15, .ofs_x = 1, .ofs_y = 0},
    {.bitmap_index = 765, .adv_w = 181, .box_w = 11, .box_h = 15, .ofs_x = 0, .ofs_y = 0},
    {.bitmap_index = 807, .adv_w = 94, .box_w = 4, .box_h = 11, .ofs_x = 1, .ofs_y = 0},
    {.bitmap_index = 818, .adv_w = 94, .box_w = 4, .box_h = 14, .ofs_x = 1, .ofs_y = -3},
    {.bitmap_index = 832, .adv_w = 160, .box_w = 9, .box_h = 10, .ofs_x = 0, .ofs_y = 2},
    {.bitmap_index = 855, .adv_w = 160, .box_w = 10, .box_h = 6, .ofs_x = 0, .ofs_y = 4},
    {.bitmap_index = 870, .adv_w = 160, .box_w = 9, .box_h = 10, .ofs_x = 1, .ofs_y = 2},
    {.bitmap_index = 893, .adv_w = 151, .box_w = 9, .box_h = 15, .ofs_x = 0, .ofs_y = 0},
    {.bitmap_index = 927, .adv_w = 330, .box_w = 19, .box_h = 19, .ofs_x = 1, .ofs_y = -4},
    {.bitmap_index = 1018, .adv_w = 200, .box_w = 13, .box_h = 15, .ofs_x = 0, .ofs_y = 0},
    {.bitmap_index = 1067, .adv_w = 197, .box_w = 11, .box_h = 15, .ofs_x = 1, .ofs_y = 0},
    {.bitmap_index = 1109, .adv_w = 212, .box_w = 12, .box_h = 15, .ofs_x = 1, .ofs_y = 0},
    {.bitmap_index = 1154, .adv_w = 214, .box_w = 12, .box_h = 15, .ofs_x = 1, .ofs_y = 0},
    {.bitmap_index = 1199, .adv_w = 182, .box_w = 10, .box_h = 15, .ofs_x = 1, .ofs_y = 0},
    {.bitmap_index = 1237, .adv_w = 177, .box_w = 10, .box_h = 15, .ofs_x = 1, .ofs_y = 0},
    {.bitmap_index = 1275, .adv_w = 220, .box_w = 12, .box_h = 15, .ofs_x = 1, .ofs_y = 0},
    {.bitmap_index = 1320, .adv_w = 228, .box_w = 12, .box_h = 15, .ofs_x = 1, .ofs_y = 0},
    {.bitmap_index = 1365, .adv_w = 85, .box_w = 3, .box_h = 15, .ofs_x = 1, .ofs_y = 0},
    {.bitmap_index = 1377, .adv_w = 172, .box_w = 10, .box_h = 15, .ofs_x = 0, .ofs_y = 0},
    {.bitmap_index = 1415, .adv_w = 198, .box_w = 12, .box_h = 15, .ofs_x = 1, .ofs_y = 0},
    {.bitmap_index = 1460, .adv_w = 173, .box_w = 10, .box_h = 15, .ofs_x = 1, .ofs_y = 0},
    {.bitmap_index = 1498, .adv_w = 280, .box_w = 15, .box_h = 15, .ofs_x = 1, .ofs_y = 0},
    {.bitmap_index = 1555, .adv_w = 228, .box_w = 12, .box_h = 15, .ofs_x = 1, .ofs_y = 0},
    {.bitmap_index = 1600, .adv_w = 228, .box_w = 13, .box_h = 15, .ofs_x = 1, .ofs_y = 0},
    {.bitmap_index = 1649, .adv_w = 188, .box_w = 11, .box_h = 15, .ofs_x = 1, .ofs_y = 0},
    {.bitmap_index = 1691, .adv_w = 228, .box_w = 13, .box_h = 18, .ofs_x = 1, .ofs_y = -3},
    {.bitmap_index = 1750, .adv_w = 195, .box_w = 11, .box_h = 15, .ofs_x = 1, .ofs_y = 0},
    {.bitmap_index = 1792, .adv_w = 191, .box_w = 12, .box_h = 15, .ofs_x = 0, .ofs_y = 0},
    {.bitmap_index = 1837, .adv_w = 184, .box_w = 12, .box_h = 15, .ofs_x = 0, .ofs_y = 0},
    {.bitmap_index = 1882, .adv_w = 213, .box_w = 11, .box_h = 15, .ofs_x = 1, .ofs_y = 0},
    {.bitmap_index = 1924, .adv_w = 197, .box_w = 13, .box_h = 15, .ofs_x = 0, .ofs_y = 0},
    {.bitmap_index = 1973, .adv_w = 283, .box_w = 18, .box_h = 15, .ofs_x = 0, .ofs_y = 0},
    {.bitmap_index = 2041, .adv_w = 191, .box_w = 12, .box_h = 15, .ofs_x = 0, .ofs_y = 0},
    {.bitmap_index = 2086, .adv_w = 192, .box_w = 12, .box_h = 15, .ofs_x = 0, .ofs_y = 0},
    {.bitmap_index = 2131, .adv_w = 186, .box_w = 11, .box_h = 15, .ofs_x = 0, .ofs_y = 0},
    {.bitmap_index = 2173, .adv_w = 109, .box_w = 6, .box_h = 18, .ofs_x = 1, .ofs_y = -3},
    {.bitmap_index = 2200, .adv_w = 91, .box_w = 8, .box_h = 16, .ofs_x = -1, .ofs_y = -1},
    {.bitmap_index = 2232, .adv_w = 109, .box_w = 6, .box_h = 18, .ofs_x = 0, .ofs_y = -3},
    {.bitmap_index = 2259, .adv_w = 183, .box_w = 12, .box_h = 8, .ofs_x = 0, .ofs_y = 7},
    {.bitmap_index = 2283, .adv_w = 160, .box_w = 10, .box_h = 2, .ofs_x = 0, .ofs_y = -4},
    {.bitmap_index = 2288, .adv_w = 160, .box_w = 5, .box_h = 5, .ofs_x = 2, .ofs_y = 12},
    {.bitmap_index = 2295, .adv_w = 173, .box_w = 10, .box_h = 11, .ofs_x = 0, .ofs_y = 0},
    {.bitmap_index = 2323, .adv_w = 183, .box_w = 10, .box_h = 15, .ofs_x = 1, .ofs_y = 0},
    {.bitmap_index = 2361, .adv_w = 167, .box_w = 10, .box_h = 11, .ofs_x = 0, .ofs_y = 0},
    {.bitmap_index = 2389, .adv_w = 183, .box_w = 10, .box_h = 15, .ofs_x = 0, .ofs_y = 0},
    {.bitmap_index = 2427, .adv_w = 170, .box_w = 10, .box_h = 11, .ofs_x = 0, .ofs_y = 0},
    {.bitmap_index = 2455, .adv_w = 94, .box_w = 7, .box_h = 15, .ofs_x = 0, .ofs_y = 0},
    {.bitmap_index = 2482, .adv_w = 183, .box_w = 10, .box_h = 15, .ofs_x = 0, .ofs_y = -4},
    {.bitmap_index = 2520, .adv_w = 178, .box_w = 9, .box_h = 15, .ofs_x = 1, .ofs_y = 0},
    {.bitmap_index = 2554, .adv_w = 78, .box_w = 3, .box_h = 15, .ofs_x = 1, .ofs_y = 0},
    {.bitmap_index = 2566, .adv_w = 78, .box_w = 5, .box_h = 19, .ofs_x = -1, .ofs_y = -4},
    {.bitmap_index = 2590, .adv_w = 161, .box_w = 10, .box_h = 15, .ofs_x = 1, .ofs_y = 0},
    {.bitmap_index = 2628, .adv_w = 78, .box_w = 3, .box_h = 15, .ofs_x = 1, .ofs_y = 0},
    {.bitmap_index = 2640, .adv_w = 276, .box_w = 15, .box_h = 11, .ofs_x = 1, .ofs_y = 0},
    {.bitmap_index = 2682, .adv_w = 178, .box_w = 9, .box_h = 11, .ofs_x = 1, .ofs_y = 0},
    {.bitmap_index = 2707, .adv_w = 182, .box_w = 11, .box_h = 11, .ofs_x = 0, .ofs_y = 0},
    {.bitmap_index = 2738, .adv_w = 183, .box_w = 10, .box_h = 15, .ofs_x = 1, .ofs_y = -4},
    {.bitmap_index = 2776, .adv_w = 183, .box_w = 10, .box_h = 15, .ofs_x = 0, .ofs_y = -4},
    {.bitmap_index = 2814, .adv_w = 109, .box_w = 6, .box_h = 11, .ofs_x = 1, .ofs_y = 0},
    {.bitmap_index = 2831, .adv_w = 158, .box_w = 10, .box_h = 11, .ofs_x = 0, .ofs_y = 0},
    {.bitmap_index = 2859, .adv_w = 102, .box_w = 6, .box_h = 14, .ofs_x = 0, .ofs_y = 0},
    {.bitmap_index = 2880, .adv_w = 178, .box_w = 9, .box_h = 11, .ofs_x = 1, .ofs_y = 0},
    {.bitmap_index = 2905, .adv_w = 147, .box_w = 10, .box_h = 11, .ofs_x = 0, .ofs_y = 0},
    {.bitmap_index = 2933, .adv_w = 242, .box_w = 15, .box_h = 11, .ofs_x = 0, .ofs_y = 0},
    {.bitmap_index = 2975, .adv_w = 153, .box_w = 10, .box_h = 11, .ofs_x = 0, .ofs_y = 0},
    {.bitmap_index = 3003, .adv_w = 147, .box_w = 10, .box_h = 15, .ofs_x = 0, .ofs_y = -4},
    {.bitmap_index = 3041, .adv_w = 155, .box_w = 10, .box_h = 11, .ofs_x = 0, .ofs_y = 0},
    {.bitmap_index = 3069, .adv_w = 109, .box_w = 7, .box_h = 19, .ofs_x = 0, .ofs_y = -4},
    {.bitmap_index = 3103, .adv_w = 93, .box_w = 2, .box_h = 19, .ofs_x = 2, .ofs_y = -4},
    {.bitmap_index = 3113, .adv_w = 109, .box_w = 7, .box_h = 19, .ofs_x = 0, .ofs_y = -4},
    {.bitmap_index = 3147, .adv_w = 160, .box_w = 10, .box_h = 3, .ofs_x = 0, .ofs_y = 5},
    {.bitmap_index = 3155, .adv_w = 320, .box_w = 20, .box_h = 3, .ofs_x = 0, .ofs_y = 6},
    {.bitmap_index = 3170, .adv_w = 320, .box_w = 18, .box_h = 16, .ofs_x = 1, .ofs_y = -1},
    {.bitmap_index = 3242, .adv_w = 320, .box_w = 19, .box_h = 17, .ofs_x = 1, .ofs_y = -1},
    {.bitmap_index = 3323, .adv_w = 320, .box_w = 19, .box_h = 17, .ofs_x = 0, .ofs_y = -1},
    {.bitmap_index = 3404, .adv_w = 320, .box_w = 17, .box_h = 18, .ofs_x = 2, .ofs_y = -1},
    {.bitmap_index = 3481, .adv_w = 320, .box_w = 18, .box_h = 18, .ofs_x = 1, .ofs_y = -1},
    {.bitmap_index = 3562, .adv_w = 320, .box_w = 18, .box_h = 14, .ofs_x = 1, .ofs_y = 0},
    {.bitmap_index = 3625, .adv_w = 320, .box_w = 18, .box_h = 16, .ofs_x = 1, .ofs_y = -1},
    {.bitmap_index = 3697, .adv_w = 320, .box_w = 19, .box_h = 20, .ofs_x = 0, .ofs_y = -2},
    {.bitmap_index = 3792, .adv_w = 320, .box_w = 20, .box_h = 20, .ofs_x = 0, .ofs_y = -2},
    {.bitmap_index = 3892, .adv_w = 320, .box_w = 20, .box_h = 18, .ofs_x = 0, .ofs_y = -1},
    {.bitmap_index = 3982, .adv_w = 320, .box_w = 19, .box_h = 20, .ofs_x = 0, .ofs_y = -2},
    {.bitmap_index = 4077, .adv_w = 320, .box_w = 19, .box_h = 19, .ofs_x = 1, .ofs_y = -2},
    {.bitmap_index = 4168, .adv_w = 320, .box_w = 20, .box_h = 19, .ofs_x = 0, .ofs_y = -2},
    {.bitmap_index = 4263, .adv_w = 320, .box_w = 20, .box_h = 19, .ofs_x = 0, .ofs_y = -2},
    {.bitmap_index = 4358, .adv_w = 320, .box_w = 20, .box_h = 19, .ofs_x = 0, .ofs_y = -2},
    {.bitmap_index = 4453, .adv_w = 320, .box_w = 20, .box_h = 19, .ofs_x = 0, .ofs_y = -2},
    {.bitmap_index = 4548, .adv_w = 320, .box_w = 19, .box_h = 19, .ofs_x = 0, .ofs_y = -2},
    {.bitmap_index = 4639, .adv_w = 320, .box_w = 19, .box_h = 19, .ofs_x = 0, .ofs_y = -2},
    {.bitmap_index = 4730, .adv_w = 320, .box_w = 19, .box_h = 19, .ofs_x = 0, .ofs_y = -2},
    {.bitmap_index = 4821, .adv_w = 320, .box_w = 18, .box_h = 18, .ofs_x = 1, .ofs_y = -1},
    {.bitmap_index = 4902, .adv_w = 320, .box_w = 19, .box_h = 18, .ofs_x = 0, .ofs_y = -1},
    {.bitmap_index = 4988, .adv_w = 320, .box_w = 18, .box_h = 19, .ofs_x = 1, .ofs_y = -2},
    {.bitmap_index = 5074, .adv_w = 320, .box_w = 18, .box_h = 19, .ofs_x = 1, .ofs_y = -2},
    {.bitmap_index = 5160, .adv_w = 320, .box_w = 20, .box_h = 20, .ofs_x = 0, .ofs_y = -2},
    {.bitmap_index = 5260, .adv_w = 320, .box_w = 19, .box_h = 18, .ofs_x = 1, .ofs_y = -1},
    {.bitmap_index = 5346, .adv_w = 320, .box_w = 18, .box_h = 17, .ofs_x = 1, .ofs_y = -1},
    {.bitmap_index = 5423, .adv_w = 320, .box_w = 20, .box_h = 17, .ofs_x = 0, .ofs_y = -1},
    {.bitmap_index = 5508, .adv_w = 320, .box_w = 18, .box_h = 19, .ofs_x = 1, .ofs_y = -2},
    {.bitmap_index = 5594, .adv_w = 320, .box_w = 19, .box_h = 18, .ofs_x = 0, .ofs_y = -1},
    {.bitmap_index = 5680, .adv_w = 320, .box_w = 17, .box_h = 18, .ofs_x = 1, .ofs_y = -1},
    {.bitmap_index = 5757, .adv_w = 320, .box_w = 18, .box_h = 19, .ofs_x = 0, .ofs_y = -2},
    {.bitmap_index = 5843, .adv_w = 320, .box_w = 17, .box_h = 17, .ofs_x = 1, .ofs_y = -1},
    {.bitmap_index = 5916, .adv_w = 320, .box_w = 18, .box_h = 17, .ofs_x = 1, .ofs_y = -1},
    {.bitmap_index = 5993, .adv_w = 320, .box_w = 19, .box_h = 18, .ofs_x = 0, .ofs_y = -1},
    {.bitmap_index = 6079, .adv_w = 320, .box_w = 20, .box_h = 18, .ofs_x = 0, .ofs_y = -1},
    {.bitmap_index = 6169, .adv_w = 320, .box_w = 20, .box_h = 20, .ofs_x = 0, .ofs_y = -2},
    {.bitmap_index = 6269, .adv_w = 320, .box_w = 20, .box_h = 18, .ofs_x = 0, .ofs_y = -1},
    {.bitmap_index = 6359, .adv_w = 320, .box_w = 19, .box_h = 19, .ofs_x = 0, .ofs_y = -2},
    {.bitmap_index = 6450, .adv_w = 320, .box_w = 18, .box_h = 19, .ofs_x = 1, .ofs_y = -2},
    {.bitmap_index = 6536, .adv_w = 320, .box_w = 20, .box_h = 19, .ofs_x = 0, .ofs_y = -2},
    {.bitmap_index = 6631, .adv_w = 320, .box_w = 20, .box_h = 18, .ofs_x = 0, .ofs_y = -2},
    {.bitmap_index = 6721, .adv_w = 320, .box_w = 19, .box_h = 18, .ofs_x = 0, .ofs_y = -1},
    {.bitmap_index = 6807, .adv_w = 320, .box_w = 20, .box_h = 19, .ofs_x = 0, .ofs_y = -2},
    {.bitmap_index = 6902, .adv_w = 320, .box_w = 20, .box_h = 20, .ofs_x = 0, .ofs_y = -2},
    {.bitmap_index = 7002, .adv_w = 320, .box_w = 18, .box_h = 18, .ofs_x = 1, .ofs_y = -2},
    {.bitmap_index = 7083, .adv_w = 320, .box_w = 19, .box_h = 18, .ofs_x = 0, .ofs_y = -2},
    {.bitmap_index = 7169, .adv_w = 320, .box_w = 18, .box_h = 19, .ofs_x = 1, .ofs_y = -2},
    {.bitmap_index = 7255, .adv_w = 320, .box_w = 19, .box_h = 18, .ofs_x = 0, .ofs_y = -1},
    {.bitmap_index = 7341, .adv_w = 320, .box_w = 18, .box_h = 17, .ofs_x = 2, .ofs_y = -1},
    {.bitmap_index = 7418, .adv_w = 320, .box_w = 20, .box_h = 19, .ofs_x = 0, .ofs_y = -2},
    {.bitmap_index = 7513, .adv_w = 320, .box_w = 19, .box_h = 18, .ofs_x = 1, .ofs_y = -1},
    {.bitmap_index = 7599, .adv_w = 320, .box_w = 20, .box_h = 20, .ofs_x = 0, .ofs_y = -2},
    {.bitmap_index = 7699, .adv_w = 320, .box_w = 19, .box_h = 18, .ofs_x = 1, .ofs_y = -1},
    {.bitmap_index = 7785, .adv_w = 320, .box_w = 19, .box_h = 18, .ofs_x = 1, .ofs_y = -1},
    {.bitmap_index = 7871, .adv_w = 320, .box_w = 20, .box_h = 18, .ofs_x = 0, .ofs_y = -1},
    {.bitmap_index = 7961, .adv_w = 320, .box_w = 20, .box_h = 19, .ofs_x = 0, .ofs_y = -2},
    {.bitmap_index = 8056, .adv_w = 320, .box_w = 20, .box_h = 19, .ofs_x = 0, .ofs_y = -1},
    {.bitmap_index = 8151, .adv_w = 320, .box_w = 20, .box_h = 19, .ofs_x = 0, .ofs_y = -1},
    {.bitmap_index = 8246, .adv_w = 320, .box_w = 19, .box_h = 19, .ofs_x = 0, .ofs_y = -1},
    {.bitmap_index = 8337, .adv_w = 320, .box_w = 19, .box_h = 19, .ofs_x = 1, .ofs_y = -2},
    {.bitmap_index = 8428, .adv_w = 320, .box_w = 20, .box_h = 20, .ofs_x = 0, .ofs_y = -2},
    {.bitmap_index = 8528, .adv_w = 320, .box_w = 20, .box_h = 19, .ofs_x = 0, .ofs_y = -1},
    {.bitmap_index = 8623, .adv_w = 320, .box_w = 20, .box_h = 19, .ofs_x = 0, .ofs_y = -2},
    {.bitmap_index = 8718, .adv_w = 320, .box_w = 20, .box_h = 19, .ofs_x = 0, .ofs_y = -1},
    {.bitmap_index = 8813, .adv_w = 320, .box_w = 20, .box_h = 20, .ofs_x = 0, .ofs_y = -2},
    {.bitmap_index = 8913, .adv_w = 320, .box_w = 19, .box_h = 20, .ofs_x = 0, .ofs_y = -2},
    {.bitmap_index = 9008, .adv_w = 320, .box_w = 20, .box_h = 18, .ofs_x = 0, .ofs_y = -2},
    {.bitmap_index = 9098, .adv_w = 320, .box_w = 14, .box_h = 17, .ofs_x = 3, .ofs_y = -1},
    {.bitmap_index = 9158, .adv_w = 320, .box_w = 18, .box_h = 17, .ofs_x = 1, .ofs_y = -1},
    {.bitmap_index = 9235, .adv_w = 320, .box_w = 19, .box_h = 18, .ofs_x = 1, .ofs_y = -1},
    {.bitmap_index = 9321, .adv_w = 320, .box_w = 19, .box_h = 19, .ofs_x = 1, .ofs_y = -2},
    {.bitmap_index = 9412, .adv_w = 320, .box_w = 20, .box_h = 19, .ofs_x = 0, .ofs_y = -2},
    {.bitmap_index = 9507, .adv_w = 320, .box_w = 20, .box_h = 18, .ofs_x = 0, .ofs_y = -2},
    {.bitmap_index = 9597, .adv_w = 320, .box_w = 20, .box_h = 18, .ofs_x = 0, .ofs_y = -1},
    {.bitmap_index = 9687, .adv_w = 320, .box_w = 17, .box_h = 18, .ofs_x = 0, .ofs_y = -2},
    {.bitmap_index = 9764, .adv_w = 320, .box_w = 20, .box_h = 19, .ofs_x = 0, .ofs_y = -2},
    {.bitmap_index = 9859, .adv_w = 320, .box_w = 19, .box_h = 19, .ofs_x = 0, .ofs_y = -2},
    {.bitmap_index = 9950, .adv_w = 320, .box_w = 20, .box_h = 19, .ofs_x = 0, .ofs_y = -2},
    {.bitmap_index = 10045, .adv_w = 320, .box_w = 20, .box_h = 19, .ofs_x = 0, .ofs_y = -2},
    {.bitmap_index = 10140, .adv_w = 320, .box_w = 20, .box_h = 18, .ofs_x = 0, .ofs_y = -1},
    {.bitmap_index = 10230, .adv_w = 320, .box_w = 20, .box_h = 19, .ofs_x = 0, .ofs_y = -2},
    {.bitmap_index = 10325, .adv_w = 320, .box_w = 19, .box_h = 17, .ofs_x = 1, .ofs_y = -1},
    {.bitmap_index = 10406, .adv_w = 320, .box_w = 20, .box_h = 18, .ofs_x = 0, .ofs_y = -1},
    {.bitmap_index = 10496, .adv_w = 320, .box_w = 20, .box_h = 19, .ofs_x = 0, .ofs_y = -2},
    {.bitmap_index = 10591, .adv_w = 320, .box_w = 19, .box_h = 19, .ofs_x = 0, .ofs_y = -2},
    {.bitmap_index = 10682, .adv_w = 320, .box_w = 20, .box_h = 18, .ofs_x = 0, .ofs_y = -1},
    {.bitmap_index = 10772, .adv_w = 320, .box_w = 19, .box_h = 19, .ofs_x = 0, .ofs_y = -2},
    {.bitmap_index = 10863, .adv_w = 320, .box_w = 20, .box_h = 18, .ofs_x = 0, .ofs_y = -1},
    {.bitmap_index = 10953, .adv_w = 320, .box_w = 20, .box_h = 19, .ofs_x = 0, .ofs_y = -2},
    {.bitmap_index = 11048, .adv_w = 320, .box_w = 19, .box_h = 19, .ofs_x = 0, .ofs_y = -2},
    {.bitmap_index = 11139, .adv_w = 320, .box_w = 19, .box_h = 19, .ofs_x = 0, .ofs_y = -2},
    {.bitmap_index = 11230, .adv_w = 320, .box_w = 20, .box_h = 19, .ofs_x = 0, .ofs_y = -2},
    {.bitmap_index = 11325, .adv_w = 320, .box_w = 19, .box_h = 18, .ofs_x = 0, .ofs_y = -2},
    {.bitmap_index = 11411, .adv_w = 320, .box_w = 18, .box_h = 19, .ofs_x = 1, .ofs_y = -2},
    {.bitmap_index = 11497, .adv_w = 320, .box_w = 18, .box_h = 18, .ofs_x = 1, .ofs_y = -1},
    {.bitmap_index = 11578, .adv_w = 320, .box_w = 20, .box_h = 18, .ofs_x = 0, .ofs_y = -1},
    {.bitmap_index = 11668, .adv_w = 320, .box_w = 20, .box_h = 19, .ofs_x = 0, .ofs_y = -2},
    {.bitmap_index = 11763, .adv_w = 320, .box_w = 20, .box_h = 19, .ofs_x = 0, .ofs_y = -2},
    {.bitmap_index = 11858, .adv_w = 320, .box_w = 18, .box_h = 17, .ofs_x = 1, .ofs_y = -1},
    {.bitmap_index = 11935, .adv_w = 320, .box_w = 18, .box_h = 18, .ofs_x = 1, .ofs_y = -1},
    {.bitmap_index = 12016, .adv_w = 320, .box_w = 20, .box_h = 19, .ofs_x = 0, .ofs_y = -2},
    {.bitmap_index = 12111, .adv_w = 320, .box_w = 15, .box_h = 18, .ofs_x = 3, .ofs_y = -1},
    {.bitmap_index = 12179, .adv_w = 320, .box_w = 20, .box_h = 18, .ofs_x = 0, .ofs_y = -1},
    {.bitmap_index = 12269, .adv_w = 320, .box_w = 20, .box_h = 19, .ofs_x = 0, .ofs_y = -2},
    {.bitmap_index = 12364, .adv_w = 320, .box_w = 19, .box_h = 19, .ofs_x = 1, .ofs_y = -2},
    {.bitmap_index = 12455, .adv_w = 320, .box_w = 19, .box_h = 19, .ofs_x = 1, .ofs_y = -2},
    {.bitmap_index = 12546, .adv_w = 320, .box_w = 19, .box_h = 19, .ofs_x = 0, .ofs_y = -2},
    {.bitmap_index = 12637, .adv_w = 320, .box_w = 19, .box_h = 18, .ofs_x = 0, .ofs_y = -1},
    {.bitmap_index = 12723, .adv_w = 320, .box_w = 20, .box_h = 19, .ofs_x = 0, .ofs_y = -2},
    {.bitmap_index = 12818, .adv_w = 320, .box_w = 19, .box_h = 17, .ofs_x = 1, .ofs_y = -1},
    {.bitmap_index = 12899, .adv_w = 320, .box_w = 19, .box_h = 18, .ofs_x = 0, .ofs_y = -1},
    {.bitmap_index = 12985, .adv_w = 320, .box_w = 20, .box_h = 18, .ofs_x = 0, .ofs_y = -1},
    {.bitmap_index = 13075, .adv_w = 320, .box_w = 20, .box_h = 18, .ofs_x = 0, .ofs_y = -1},
    {.bitmap_index = 13165, .adv_w = 320, .box_w = 20, .box_h = 19, .ofs_x = 0, .ofs_y = -2},
    {.bitmap_index = 13260, .adv_w = 320, .box_w = 19, .box_h = 18, .ofs_x = 0, .ofs_y = -1},
    {.bitmap_index = 13346, .adv_w = 320, .box_w = 19, .box_h = 19, .ofs_x = 1, .ofs_y = -2},
    {.bitmap_index = 13437, .adv_w = 320, .box_w = 18, .box_h = 19, .ofs_x = 1, .ofs_y = -2},
    {.bitmap_index = 13523, .adv_w = 320, .box_w = 19, .box_h = 19, .ofs_x = 1, .ofs_y = -2},
    {.bitmap_index = 13614, .adv_w = 320, .box_w = 19, .box_h = 19, .ofs_x = 1, .ofs_y = -2},
    {.bitmap_index = 13705, .adv_w = 320, .box_w = 19, .box_h = 18, .ofs_x = 1, .ofs_y = -2},
    {.bitmap_index = 13791, .adv_w = 320, .box_w = 18, .box_h = 19, .ofs_x = 1, .ofs_y = -2},
    {.bitmap_index = 13877, .adv_w = 320, .box_w = 18, .box_h = 18, .ofs_x = 1, .ofs_y = -1},
    {.bitmap_index = 13958, .adv_w = 320, .box_w = 18, .box_h = 17, .ofs_x = 1, .ofs_y = -1},
    {.bitmap_index = 14035, .adv_w = 320, .box_w = 18, .box_h = 18, .ofs_x = 1, .ofs_y = -2},
    {.bitmap_index = 14116, .adv_w = 320, .box_w = 20, .box_h = 19, .ofs_x = 0, .ofs_y = -2},
    {.bitmap_index = 14211, .adv_w = 320, .box_w = 20, .box_h = 18, .ofs_x = 0, .ofs_y = -2}
};

/*---------------------
 *  CHARACTER MAPPING
 *--------------------*/

static const uint16_t unicode_list_1[] = {
    0x0, 0x9, 0xb, 0xd, 0x2d, 0x3b, 0x8c, 0x94,
    0xae, 0xea, 0x186, 0x25c, 0x36c, 0x36d, 0x39c, 0x3ac,
    0x406, 0x407, 0x417, 0x41d, 0x430, 0x437, 0x44d, 0x4a8,
    0x4d9, 0x541, 0x573, 0x5d6, 0x5f0, 0x5f3, 0x611, 0x62f,
    0x8db, 0x912, 0x928, 0x930, 0x9ce, 0xa05, 0xb0d, 0xb1a,
    0xb1c, 0xb29, 0xdc6, 0xe07, 0xe0f, 0xe3c, 0xe4f, 0xef6,
    0xfe6, 0xff2, 0x1055, 0x1074, 0x10a6, 0x10ff, 0x110f, 0x1180,
    0x1185, 0x118c, 0x1262, 0x126f, 0x144b, 0x1509, 0x15a5, 0x1787,
    0x1799, 0x17b0, 0x17b9, 0x17e0, 0x17e5, 0x181f, 0x1874, 0x18ab,
    0x18b4, 0x18f4, 0x1900, 0x1908, 0x190d, 0x191f, 0x193a, 0x1a21,
    0x1a3c, 0x1d21, 0x1d63, 0x1e23, 0x1e38, 0x1f88, 0x1ff1, 0x2005,
    0x202f, 0x2090, 0x20d1, 0x2321, 0x274c, 0x2b3a, 0x2bbb, 0x2ccb,
    0x2cd9, 0x2d49, 0x2fab, 0x3151, 0x316e, 0x334a, 0x33ea, 0x3472,
    0x3a68, 0x3c00, 0x3dbe, 0x3ec7, 0x40ca, 0x424e, 0x434d, 0x43cd,
    0x43d1, 0x4618, 0x4635, 0x469f, 0x477f, 0x47f4, 0x4864, 0x4894,
    0x48e8, 0x48f2, 0x48f7, 0x4962, 0x4a75, 0x4b99, 0x4c5f
};

/*Collect the unicode lists and glyph_id offsets*/
static const lv_font_fmt_txt_cmap_t cmaps[] =
{
    {
        .range_start = 32, .range_length = 95, .glyph_id_start = 1,
        .unicode_list = NULL, .glyph_id_ofs_list = NULL, .list_length = 0, .type = LV_FONT_FMT_TXT_CMAP_FORMAT0_TINY
    },
    {
        .range_start = 19968, .range_length = 19552, .glyph_id_start = 96,
        .unicode_list = unicode_list_1, .glyph_id_ofs_list = NULL, .list_length = 127, .type = LV_FONT_FMT_TXT_CMAP_SPARSE_TINY
    }
};

/*-----------------
 *    KERNING
 *----------------*/


/*Map glyph_ids to kern left classes*/
static const uint8_t kern_left_class_mapping[] =
{
    0, 1, 0, 2, 0, 0, 0, 3,
    2, 4, 0, 5, 0, 6, 7, 8,
    9, 0, 0, 0, 0, 0, 0, 0,
    0, 0, 0, 10, 10, 0, 0, 0,
    0, 11, 12, 13, 14, 15, 16, 17,
    18, 19, 19, 20, 21, 22, 19, 19,
    15, 23, 24, 25, 26, 27, 20, 28,
    29, 30, 31, 32, 4, 33, 0, 0,
    0, 0, 34, 35, 36, 0, 37, 38,
    39, 40, 0, 0, 41, 0, 40, 40,
    42, 35, 43, 44, 45, 46, 47, 48,
    49, 50, 48, 51, 4, 0, 0, 0,
    0, 0, 0, 0, 0, 0, 0, 0,
    0, 0, 0, 0, 0, 0, 0, 0,
    0, 0, 0, 0, 0, 0, 0, 0,
    0, 0, 0, 0, 0, 0, 0, 0,
    0, 0, 0, 0, 0, 0, 0, 0,
    0, 0, 0, 0, 0, 0, 0, 0,
    0, 0, 0, 0, 0, 0, 0, 0,
    0, 0, 0, 0, 0, 0, 0, 0,
    0, 0, 0, 0, 0, 0, 0, 0,
    0, 0, 0, 0, 0, 0, 0, 0,
    0, 0, 0, 0, 0, 0, 0, 0,
    0, 0, 0, 0, 0, 0, 0, 0,
    0, 0, 0, 0, 0, 0, 0, 0,
    0, 0, 0, 0, 0, 0, 0, 0,
    0, 0, 0, 0, 0, 0, 0, 0,
    0, 0, 0, 0, 0, 0, 0
};

/*Map glyph_ids to kern right classes*/
static const uint8_t kern_right_class_mapping[] =
{
    0, 1, 0, 2, 0, 0, 0, 3,
    2, 0, 4, 5, 0, 6, 7, 6,
    8, 0, 0, 0, 0, 0, 0, 0,
    0, 0, 0, 9, 9, 0, 0, 0,
    10, 11, 12, 0, 13, 0, 0, 0,
    13, 0, 0, 14, 0, 0, 0, 0,
    13, 0, 13, 0, 15, 16, 17, 18,
    19, 20, 21, 22, 0, 23, 4, 0,
    0, 0, 24, 25, 26, 26, 26, 27,
    26, 25, 28, 29, 25, 25, 30, 30,
    31, 30, 26, 30, 32, 33, 34, 35,
    36, 37, 35, 38, 0, 0, 4, 0,
    0, 0, 0, 0, 0, 0, 0, 0,
    0, 0, 0, 0, 0, 0, 0, 0,
    0, 0, 0, 0, 0, 0, 0, 0,
    0, 0, 0, 0, 0, 0, 0, 0,
    0, 0, 0, 0, 0, 0, 0, 0,
    0, 0, 0, 0, 0, 0, 0, 0,
    0, 0, 0, 0, 0, 0, 0, 0,
    0, 0, 0, 0, 0, 0, 0, 0,
    0, 0, 0, 0, 0, 0, 0, 0,
    0, 0, 0, 0, 0, 0, 0, 0,
    0, 0, 0, 0, 0, 0, 0, 0,
    0, 0, 0, 0, 0, 0, 0, 0,
    0, 0, 0, 0, 0, 0, 0, 0,
    0, 0, 0, 0, 0, 0, 0, 0,
    0, 0, 0, 0, 0, 0, 0, 0,
    0, 0, 0, 0, 0, 0, 0
};

/*Kern values between classes*/
static const int8_t kern_class_values[] =
{
    0, 0, 0, 0, 0, 0, 0, 0,
    0, 0, 0, 0, 0, 0, 0, -6,
    0, 0, 0, 0, 0, 0, 0, 0,
    0, 0, 0, 0, 0, 0, 0, 0,
    0, 0, 0, 0, 0, 0, 0, -17,
    0, 0, 0, 0, 0, 0, 0, 0,
    0, -16, 0, 0, 0, 9, 0, 9,
    6, 0, 8, 8, 0, -8, 0, -9,
    8, 0, 0, -3, -9, -5, 8, 0,
    9, 9, 5, 5, 0, 0, 0, 0,
    0, 0, 0, 0, 0, 0, 0, 8,
    0, 8, 0, -20, -3, -14, -12, 3,
    -23, 0, 0, 0, 0, 0, -3, 0,
    0, 0, 0, 0, 0, 0, -5, -5,
    0, 0, 0, 0, 0, 0, 0, 0,
    0, 0, 0, 0, 0, 0, 0, -3,
    0, 0, -3, 3, 3, 0, 3, 0,
    0, 0, 0, 0, 0, 0, 28, 0,
    0, 0, 0, 0, 9, 0, 0, 0,
    0, 0, 0, 0, 0, 0, 0, 0,
    0, 0, 0, -16, 0, -16, 0, 0,
    0, 3, 0, -5, -3, 0, 0, -5,
    0, -3, 9, 0, 0, 0, -3, -2,
    11, 0, 13, 9, 5, 5, 0, -27,
    0, 0, 0, 0, 0, 0, 0, 0,
    0, 8, -12, 5, 0, -28, -5, -31,
    -19, 0, -33, 11, 0, 0, 0, -3,
    -5, 0, 9, 0, -3, 0, -8, -5,
    -17, -19, 5, 0, 0, 0, 0, 0,
    0, 0, 0, 0, 0, 0, 0, 0,
    5, 0, 0, -30, 2, -6, -8, -8,
    -14, 0, 0, -2, 0, 6, 0, 0,
    0, 0, 6, 0, 3, 0, 3, 3,
    -5, 0, 0, -27, 0, 0, 0, 0,
    0, 0, 0, 0, 0, 8, -12, 5,
    0, -28, -5, -31, -19, 0, -33, 11,
    0, 0, 0, -3, -5, 0, 0, 0,
    -3, 0, -8, -5, -17, -19, 5, 0,
    0, 0, 0, 0, 0, 0, 0, -35,
    0, 0, 0, -9, 0, -11, 2, 22,
    6, 23, 16, 16, 23, 14, 0, -22,
    0, -20, 3, 0, 0, -17, -20, -19,
    8, -17, 3, 0, -2, -3, 0, 0,
    0, 0, 0, 0, 0, 0, 0, 0,
    0, 3, -3, 0, 0, -17, -3, -8,
    -6, 0, -12, 0, 0, 0, 0, -3,
    0, 0, 0, 0, -3, 0, 0, 0,
    0, 0, 0, 0, 0, 0, 0, 0,
    0, 0, 0, 0, 0, 0, 0, 0,
    0, 6, 0, -11, 0, -8, -3, -8,
    -17, 0, 0, 0, 0, 0, 0, 0,
    0, 0, 0, 0, 0, 0, 0, 0,
    0, 0, 0, -16, 0, 0, -16, 8,
    0, 19, 3, -10, 9, 0, -2, 14,
    0, -20, -3, -14, -11, 0, -15, 0,
    -9, 0, 0, 0, 0, 0, 0, 0,
    -2, 0, -3, -2, -8, -5, 0, 2,
    0, 0, 0, 0, 0, 0, 3, 0,
    0, 0, 0, 0, 0, 0, 0, -4,
    0, -4, 0, 0, -9, 0, 0, 0,
    0, 0, 0, 0, 0, 0, 0, 0,
    0, 0, 0, 0, 0, 0, 0, 6,
    0, -2, 3, 0, 5, 0, 0, 0,
    0, 0, 0, 3, 0, 2, 0, -2,
    -2, 0, 0, 0, 6, 0, 0, 0,
    0, 0, 0, 0, 0, 0, 0, 0,
    0, 0, 0, 0, 0, 0, 0, 0,
    0, -12, 5, -6, -3, 0, 0, -3,
    0, 0, 0, -4, 0, -3, 0, -3,
    -12, -4, 0, 0, 0, 0, 0, 0,
    0, 0, 0, 0, 0, 0, 0, 0,
    0, 0, 0, 6, 0, 0, 0, 0,
    5, 13, 0, 0, 8, 0, 0, 0,
    0, 3, 0, 0, 0, 0, 0, 0,
    16, 0, 0, -3, -3, 0, 0, 0,
    -3, 0, 0, -3, -4, -3, 0, 0,
    0, 9, 0, 0, 3, -29, 0, -8,
    -6, 0, -3, -27, 0, -29, 0, 3,
    0, 0, 0, 0, 0, 0, 17, -5,
    0, -3, 0, 0, 0, -4, -3, 0,
    0, -3, -4, 0, 0, 0, 0, 0,
    0, 0, 0, 0, 5, 3, 0, 0,
    0, 0, 0, 0, 0, 0, 0, 0,
    0, 0, 0, 0, 0, 0, 0, 0,
    0, 0, 0, 0, 0, 0, 0, 0,
    0, 0, 0, 0, 0, 0, 0, 0,
    0, 0, 0, 0, 0, 0, 0, 3,
    0, 0, 0, -5, 0, 0, 0, 3,
    -4, 0, 0, 0, 0, 0, 0, 0,
    0, 0, 0, 0, 0, 0, 0, 0,
    0, 0, 0, 0, -3, 0, 0, -5,
    2, -5, -3, 0, -2, -3, 0, 0,
    0, 0, 0, 0, 0, 0, 0, 0,
    6, 0, 0, 0, 0, 0, 0, 0,
    0, 0, 0, 0, 0, 0, 0, 0,
    0, 8, 0, 0, 0, 13, -10, 22,
    0, 0, 0, 0, -5, 0, 0, 0,
    0, 0, 0, 0, 0, 0, 19, 0,
    0, -4, 0, 0, 0, -4, -4, 0,
    0, -4, -6, -10, 0, 0, 0, -32,
    -3, 0, -19, 6, 0, 11, 0, 0,
    5, 3, -10, 0, 0, -23, -8, -21,
    -18, 0, -30, 0, -16, 0, 0, 0,
    0, 0, 0, 0, 0, 0, 0, -7,
    -21, -14, 0, 0, 0, 9, -3, 0,
    8, -43, 3, -11, 0, 0, -3, -18,
    0, -27, 0, 0, 0, 0, 0, -5,
    0, -4, 9, -2, 0, -2, 0, 0,
    0, 0, -2, 0, 2, 0, 2, 0,
    0, 0, 0, 0, 0, 0, 0, -8,
    5, 0, 0, 0, 0, 0, 0, 0,
    0, -7, 0, -4, -3, 0, -5, 0,
    0, 0, 0, 0, 0, 0, 0, 0,
    0, 0, 0, 0, 0, 0, 0, 0,
    0, 0, 0, 0, 0, 9, -5, 13,
    0, 0, 0, 0, 0, 0, 0, -12,
    0, -3, 0, 0, -7, 0, 0, 0,
    0, 0, 0, 0, 0, 0, 0, 0,
    0, 0, 0, 0, 0, 0, 0, 0,
    0, 0, 0, 0, 2, 0, 0, 0,
    0, 0, 0, 0, 0, 0, 0, 0,
    0, 0, 0, 0, 3, 0, 0, 0,
    0, 0, 0, 0, 0, 0, 0, 0,
    0, 0, 0, 0, -6, 9, -9, 0,
    0, -28, -30, -20, -17, 0, -11, -12,
    -4, -25, -2, 3, 0, 3, 2, 0,
    3, 0, 25, -24, 0, -23, 0, 0,
    0, -23, -23, -27, 0, -21, -19, -21,
    -12, -9, 0, 9, -8, 3, 3, -31,
    -6, -14, -8, 0, -14, -12, -2, -12,
    0, 0, 0, 0, 0, 0, 6, 0,
    23, -7, 0, -7, 0, 0, 0, -5,
    -7, 0, 0, -4, -2, 0, 0, 0,
    0, 6, -5, 2, 0, -19, -8, -3,
    -6, 0, -9, -7, 0, 0, 0, 2,
    0, 0, 0, 0, 0, 0, 16, -5,
    0, -5, 0, 0, 0, -3, -5, 0,
    0, -3, 0, 0, 0, 0, 0, 0,
    -5, 0, -5, 0, -8, 14, 0, 0,
    0, 0, -4, 0, 0, 0, 0, 2,
    0, 0, 0, 0, 16, 0, 0, -4,
    0, 0, 0, 0, -3, 0, 0, -3,
    -5, 0, 0, 0, 0, 8, -16, 3,
    -3, -33, -14, -17, -12, 0, -22, -15,
    -12, -24, -2, 3, 0, 6, 3, 2,
    3, 0, 23, -24, 0, -23, -3, 0,
    0, -17, -23, -20, -3, -15, -9, -11,
    -13, -11, 0, 5, 0, 0, 0, 13,
    0, 13, 0, 0, 0, 2, -4, 0,
    0, 0, 0, 0, 0, 0, 0, 0,
    13, 0, 0, -3, 0, 0, 0, 0,
    -3, 0, 0, -3, -4, -4, 0, 0,
    0, 0, 0, 0, 0, 0, 0, 0,
    0, 0, 0, 19, -6, 11, 0, -20,
    -5, -14, -3, 14, -17, 13, 0, 0,
    0, 0, 0, 0, 0, 0, -3, 0,
    0, 0, 0, 0, 16, 14, 0, -8,
    0, 0, 0, 0, 0, 0, 0, 0,
    0, 0, 0, 0, 0, 0, 0, 0,
    0, 0, 0, 0, -22, 0, 0, 0,
    0, 0, 0, 0, 0, 0, 0, 0,
    -2, 0, 0, 0, 0, -5, 0, 0,
    -3, -3, 6, 0, -3, 0, 0, 0,
    0, 0, 0, 0, 0, 0, 0, 0,
    0, 0, -14, 0, 0, 0, 0, 0,
    0, 0, 0, 0, 0, 0, -2, 0,
    -2, -2, 0, -2, 0, 0, 0, 0,
    8, 5, 0, 0, 5, 9, 0, 6,
    0, -28, 5, -9, -5, 0, 0, 0,
    -9, 0, 0, 0, 9, 0, 0, 0,
    0, 0, 0, 0, 0, 0, 0, 0,
    0, -2, 8, 0, 0, 5, 13, 9,
    0, 0, 3, 9, 5, 11, 0, -23,
    6, -9, -6, 0, -20, 5, -11, 0,
    0, 0, 0, 0, 0, 0, 0, 0,
    0, 0, -2, 0, 0, 0, 0, 26,
    6, 25, 16, -6, 0, 0, 0, 0,
    0, 0, 0, 0, 0, 0, 0, 0,
    0, 0, 0, 0, 38, 0, 13, -4,
    9, 14, 14, 0, 0, 0, 10, 0,
    19, 15, 0, 0, 0, 0, 0, 0,
    0, 0, 0, 0, 0, 0, 0, 0,
    0, 0, 0, 0, 0, 0, 0, 0,
    0, 0, -14, 0, 0, 0, 0, 0,
    0, 0, 0, 0, 0, 0, 0, 0,
    0, 0, 0, -8, 0, 0, -2, 0,
    0, 0, 0, 0, 0, 0, 0, 0,
    0, 0, 0, 0, 0, 0, 0, 0,
    -22, 0, 0, 0, 0, 0, 0, 0,
    0, 0, 0, 0, 0, 0, 0, 0,
    0, 0, -3, 0, 5, 13, -9, 19,
    8, 0, 0, 0, 0, 0, 0, 0,
    0, 0, 0, 0, 0, 0, 0, 0,
    0, -3, 0, 0, 0, 0, 0, 0,
    0, 0, 0, 0, 0, 0, 0, -9,
    0, 0, -3, -3, 6, -3, -3, 0,
    0, 0, 0, 0, 0, 0, 0, 0,
    0, 0, 0, 0, -19, 0, 0, 0,
    0, 0, 0, 0, 0, 0, 0, 0,
    -2, 0, -3, -2, 0, 0, 0, 0,
    0, 0, 0, 0, 0, 0, 0, 0,
    0, 0, 0, 0, 0, 0, 0, 0,
    0, 0, -16, 0, 0, 0, 0, 0,
    13, 0, 0, 0, 0, 0, 0, 0,
    0, 0, 0, 10, -8, 0, 8, -19,
    0, -9, 0, 0, -3, 0, 0, 0,
    0, 0, 0, 0, 0, 0, 0, 0,
    0, -6, 0, -3, 5, 0, 0, 0,
    -3, 0, 8, 0, 3, 3, 0, 0,
    0, -6, 0, 0, -5, 0, 0, 0,
    0, 0, 0, 0, 0, 0, 0, 0,
    0, 0, 0, 0, 0, 0, -20, 0,
    0, 0, 0, 0, 0, 0, 0, 0,
    0, 0, 0, 0, 0, 0, 0, 3,
    0, 0, 2, 5, 0, 14, 0, 0,
    0, 0, 0, 0, 0, 0, 0, 0,
    0, 0, 0, 0, 0, 0, 0, 0,
    0, 0, 0, 0, -3, 0, 0, 0,
    0, 0, 0, 0, 0, 0, 0, 0,
    0, 0, 0, 0, 0, 0, 0, 0,
    0, 0, 0, -21, 0, 0, 0, 0,
    0, 0, -16, 0, 0, 0, 0, 0,
    0, 0, 0, 0, 0, 0, 0, 0,
    0, 0, 0, 9, -3, 0, 13, -17,
    3, 0, 0, 0, -5, 0, 0, 0,
    0, 0, 0, 0, 0, 0, 0, 0,
    3, -2, 0, -2, 2, 0, 0, 0,
    -2, 0, 0, 0, 0, 0, 0, 0,
    0, 9, -5, 0, 9, -19, 3, 0,
    0, 0, 0, 0, 0, 0, 0, 0,
    0, 0, 0, 0, 0, 0, 0, 0,
    0, 0, 0, 0, 0, 0, 0, 0,
    0, 0, 0, 0, 0, 0, 0, 5,
    -3, 0, 5, 5, -5, 16, 0, 0,
    0, 0, 0, 0, 0, 0, 0, 0,
    0, 0, 0, 0, -2, 0, 0, -3,
    0, 0, 0, 0, -3, 0, 0, 0,
    0, 0, 0, 0, 0, 0, -5, 0,
    0, 0, 0, 9, 0, 0, 0, 0,
    0, 0, 0, 0, 0, 0, 0, 0,
    0, 0, -6, 0, 0, -2, 0, 0,
    0, 0, -2, 0, 0, 0, 0, 0,
    0, 0
};


/*Collect the kern class' data in one place*/
static const lv_font_fmt_txt_kern_classes_t kern_classes =
{
    .class_pair_values   = kern_class_values,
    .left_class_mapping  = kern_left_class_mapping,
    .right_class_mapping = kern_right_class_mapping,
    .left_class_cnt      = 51,
    .right_class_cnt     = 38,
};

/*--------------------
 *  ALL CUSTOM DATA
 *--------------------*/

#if LVGL_VERSION_MAJOR == 8
/*Store all the custom data of the font*/
static  lv_font_fmt_txt_glyph_cache_t cache;
#endif

#if LVGL_VERSION_MAJOR >= 8
static const lv_font_fmt_txt_dsc_t font_dsc = {
#else
static lv_font_fmt_txt_dsc_t font_dsc = {
#endif
    .glyph_bitmap = glyph_bitmap,
    .glyph_dsc = glyph_dsc,
    .cmaps = cmaps,
    .kern_dsc = &kern_classes,
    .kern_scale = 16,
    .cmap_num = 2,
    .bpp = 2,
    .kern_classes = 1,
    .bitmap_format = 0,
#if LVGL_VERSION_MAJOR == 8
    .cache = &cache
#endif
};



/*-----------------
 *  PUBLIC FONT
 *----------------*/

/*Initialize a public general font descriptor*/
#if LVGL_VERSION_MAJOR >= 8
const lv_font_t lv_font_ui_20 = {
#else
lv_font_t lv_font_ui_20 = {
#endif
    .get_glyph_dsc = lv_font_get_glyph_dsc_fmt_txt,    /*Function pointer to get glyph's data*/
    .get_glyph_bitmap = lv_font_get_bitmap_fmt_txt,    /*Function pointer to get glyph's bitmap*/
    .line_height = 23,          /*The maximum line height required by the font*/
    .base_line = 5,             /*Baseline measured from the bottom of the line*/
#if !(LVGL_VERSION_MAJOR == 6 && LVGL_VERSION_MINOR == 0)
    .subpx = LV_FONT_SUBPX_NONE,
#endif
#if LV_VERSION_CHECK(7, 4, 0) || LVGL_VERSION_MAJOR >= 8
    .underline_position = -2,
    .underline_thickness = 2,
#endif
    .dsc = &font_dsc,          /*The custom font data. Will be accessed by `get_glyph_bitmap/dsc` */
#if LV_VERSION_CHECK(8, 2, 0) || LVGL_VERSION_MAJOR >= 9
    .fallback = &lv_font_chinese_16,
#endif
    .user_data = NULL,
};



#endif /*#if LV_FONT_UI_20*/

